instrument,instrument_type,instrument_year,rank,cosine_wp,cosine_wp_year,cosine_lag,cosine_similarity,rerank_wp,rerank_wp_year,rerank_lag,rerank_score
Recommendation 12,Recommendation,1961,1,ATCM1_wp022_e,1961,0,0.9270539283752441,ATCM1_wp022_e,1961,0,0.9666128
Recommendation 12,Recommendation,1961,2,ATCM1_wp014_e,1961,0,0.8987720012664795,ATCM2_wp015_e,1962,-1,0.95939845
Recommendation 12,Recommendation,1961,3,ATCM1_wp031_e,1961,0,0.8927978277206421,ATCM1_wp021_e,1961,0,0.9402653
Recommendation 12,Recommendation,1961,4,ATCM2_wp015_e,1962,-1,0.8911706209182739,ATCM3_wp023_e,1964,-3,0.93993545
Recommendation 12,Recommendation,1961,5,ATCM1_wp021_e,1961,0,0.8896507024765015,ATCM1_wp014_e,1961,0,0.9363083
Recommendation 12,Recommendation,1961,6,ATCM5_wp009_e,1968,-7,0.872901439666748,ATCM1_wp031_e,1961,0,0.9334551
Recommendation 12,Recommendation,1961,7,ATCM3_wp023_e,1964,-3,0.8701472282409668,ATCM5_wp009_e,1968,-7,0.92882305
Recommendation 12,Recommendation,1961,8,ATCM1_wp016_e,1961,0,0.8669001460075378,ATCM1_wp016_e,1961,0,0.9278485
Recommendation 12,Recommendation,1961,9,ATCM5_wp043_rev1_e,1968,-7,0.8607189655303955,ATCM3_wp006_e,1964,-3,0.92752105
Recommendation 12,Recommendation,1961,10,ATCM3_wp006_e,1964,-3,0.8575922250747681,ATCM5_wp043_rev1_e,1968,-7,0.9271921
Recommendation 52,Recommendation,1966,1,ATCM35_wp012_e,2012,-46,0.7915744781494141,ATCM4_wp042_rev2_e,1966,0,0.94996727
Recommendation 52,Recommendation,1966,2,ATCM4_wp042_e,1966,0,0.7441980838775635,ATCM4_wp042_rev1_e,1966,0,0.9447098
Recommendation 52,Recommendation,1966,3,ATCM44_wp041_e,2022,-56,0.7344470620155334,ATCM4_wp042_e,1966,0,0.93537015
Recommendation 52,Recommendation,1966,4,ATCM4_wp042_rev2_e,1966,0,0.7313650250434875,ATCM35_wp012_e,2012,-46,0.92908084
Recommendation 52,Recommendation,1966,5,ATCM4_wp042_rev1_e,1966,0,0.7279955148696899,ATCM40_wp010_rev1_e,2017,-51,0.91156626
Recommendation 52,Recommendation,1966,6,ATCM8_wp011_e,1975,-9,0.7249374389648438,ATCM44_wp041_e,2022,-56,0.91123104
Recommendation 52,Recommendation,1966,7,ATCM4_wp055_rev1_e,1966,0,0.7111959457397461,ATCM4_wp055_rev1_e,1966,0,0.8766766
Recommendation 52,Recommendation,1966,8,ATCM40_wp010_rev1_e,2017,-51,0.6978330612182617,ATCM4_wp055_e,1966,0,0.8762537
Recommendation 52,Recommendation,1966,9,ATCM4_wp055_e,1966,0,0.6958961486816406,ATCM8_wp011_e,1975,-9,0.83846825
Recommendation 52,Recommendation,1966,10,ATCM8_wp011_rev1_e,1975,-9,0.6940913200378418,ATCM8_wp011_rev1_e,1975,-9,0.83634084
Recommendation 42,Recommendation,1966,1,ATCM4_wp055_rev1_e,1966,0,0.8796453475952148,ATCM4_wp055_rev1_e,1966,0,0.95939845
Recommendation 42,Recommendation,1966,2,ATCM4_wp055_e,1966,0,0.8345500230789185,ATCM4_wp055_e,1966,0,0.9564067
Recommendation 42,Recommendation,1966,3,ATCM32_wp027_e,2009,-43,0.7676693201065063,ATCM23_wp031_e,1999,-33,0.9528557
Recommendation 42,Recommendation,1966,4,ATCM23_wp031_e,1999,-33,0.7629913091659546,ATCM32_wp027_e,2009,-43,0.94199663
Recommendation 42,Recommendation,1966,5,ATCM4_wp038_e,1966,0,0.740533709526062,ATCM4_wp038_e,1966,0,0.9336973
Recommendation 42,Recommendation,1966,6,ATCM43_wp020_e,2021,-55,0.7207992672920227,ATCM4_wp049_e,1966,0,0.92933786
Recommendation 42,Recommendation,1966,7,ATCM38_wp025_e,2015,-49,0.6927937269210815,ATCM43_wp020_e,2021,-55,0.9212798
Recommendation 42,Recommendation,1966,8,ATCM4_wp049_e,1966,0,0.6920294165611267,ATCM4_wp042_rev1_e,1966,0,0.90012664
Recommendation 42,Recommendation,1966,9,ATCM4_wp042_rev1_e,1966,0,0.683824896812439,ATCM38_wp025_e,2015,-49,0.8933466
Recommendation 42,Recommendation,1966,10,ATCM4_wp042_rev2_e,1966,0,0.6805005073547363,ATCM4_wp042_rev2_e,1966,0,0.892037
Recommendation 16,Recommendation,1961,1,ATCM1_wp024_e,1961,0,0.8690932393074036,ATCM1_wp024_e,1961,0,0.9616204
Recommendation 16,Recommendation,1961,2,ATCM2_wp016_e,1962,-1,0.772329568862915,ATCM2_wp016_e,1962,-1,0.9189469
Recommendation 16,Recommendation,1961,3,ATCM4_wp061_rev1_e,1966,-5,0.7454012632369995,ATCM2_wp026_e,1962,-1,0.9153579
Recommendation 16,Recommendation,1961,4,ATCM3_wp037_e,1964,-3,0.7428102493286133,ATCM2_wp013_e,1962,-1,0.91411066
Recommendation 16,Recommendation,1961,5,ATCM4_wp061_e,1966,-5,0.7377279996871948,ATCM6_wp027_e,1970,-9,0.8379385
Recommendation 16,Recommendation,1961,6,ATCM2_wp026_e,1962,-1,0.7265547513961792,ATCM4_wp061_rev1_e,1966,-5,0.82138824
Recommendation 16,Recommendation,1961,7,ATCM6_wp027_e,1970,-9,0.7253657579421997,ATCM22_wp008_e,1998,-37,0.8167574
Recommendation 16,Recommendation,1961,8,ATCM5_wp024_rev1_e,1968,-7,0.724723219871521,ATCM3_wp037_e,1964,-3,0.7973044
Recommendation 16,Recommendation,1961,9,ATCM2_wp013_e,1962,-1,0.7239274382591248,ATCM4_wp061_e,1966,-5,0.7928494
Recommendation 16,Recommendation,1961,10,ATCM22_wp008_e,1998,-37,0.7197654247283936,ATCM5_wp024_rev1_e,1968,-7,0.747321
Recommendation 18,Recommendation,1962,1,ATCM2_wp014_e,1962,0,0.9331029057502747,ATCM2_wp014_e,1962,0,0.9441975
Recommendation 18,Recommendation,1962,2,ATCM2_wp012_e,1962,0,0.875974178314209,ATCM2_wp012_e,1962,0,0.92195
Recommendation 18,Recommendation,1962,3,ATCM2_wp002_e,1962,0,0.8701050281524658,ATCM2_wp002_e,1962,0,0.9139429
Recommendation 18,Recommendation,1962,4,ATCM1_wp004_e,1961,1,0.8531100749969482,ATCM10_wp025_rev1_e,1979,-17,0.90598154
Recommendation 18,Recommendation,1962,5,ATCM47_wp013_e,2025,-63,0.757980465888977,ATCM1_wp004_e,1961,1,0.9056065
Recommendation 18,Recommendation,1962,6,ATCM16_wp026_e,1991,-29,0.7556715607643127,ATCM16_wp030_e,1991,-29,0.90400845
Recommendation 18,Recommendation,1962,7,ATCM10_wp025_rev1_e,1979,-17,0.7489464282989502,ATCM10_wp025_e,1979,-17,0.9029439
Recommendation 18,Recommendation,1962,8,ATCM10_wp025_e,1979,-17,0.7465978264808655,ATCM7_wp035_e,1972,-10,0.9027726
Recommendation 18,Recommendation,1962,9,ATCM16_wp030_e,1991,-29,0.7465813755989075,ATCM16_wp026_e,1991,-29,0.9023862
Recommendation 18,Recommendation,1962,10,ATCM7_wp035_e,1972,-10,0.7435840368270874,ATCM47_wp013_e,2025,-63,0.86797863
Recommendation 34,Recommendation,1964,1,ATCM3_wp025_rev3_e,1964,0,0.8711163997650146,ATCM3_wp025_rev3_e,1964,0,0.9723727
Recommendation 34,Recommendation,1964,2,ATCM3_wp025_rev2_e,1964,0,0.8528509140014648,ATCM4_wp032_rev1_e,1966,-2,0.9701947
Recommendation 34,Recommendation,1964,3,ATCM4_wp032_e,1966,-2,0.8492752313613892,ATCM4_wp032_e,1966,-2,0.967361
Recommendation 34,Recommendation,1964,4,ATCM3_wp025_rev1_e,1964,0,0.8427829742431641,ATCM3_wp025_rev2_e,1964,0,0.9650665
Recommendation 34,Recommendation,1964,5,ATCM4_wp032_rev1_e,1966,-2,0.8423655033111572,ATCM3_wp022_rev1_e,1964,0,0.9568927
Recommendation 34,Recommendation,1964,6,ATCM3_wp022_rev1_e,1964,0,0.8415435552597046,ATCM3_wp022_e,1964,0,0.95491725
Recommendation 34,Recommendation,1964,7,ATCM4_wp063_e,1966,-2,0.839715838432312,ATCM4_wp063_e,1966,-2,0.951612
Recommendation 34,Recommendation,1964,8,ATCM3_wp022_e,1964,0,0.8267261385917664,ATCM3_wp025_rev1_e,1964,0,0.9510695
Recommendation 34,Recommendation,1964,9,ATCM3_wp014_e,1964,0,0.8037304878234863,ATCM3_wp025_e,1964,0,0.9447098
Recommendation 34,Recommendation,1964,10,ATCM3_wp025_e,1964,0,0.8008355498313904,ATCM3_wp014_e,1964,0,0.94284445
Recommendation 8,Recommendation,1961,1,ATCM1_wp001_e,1961,0,0.9066264629364014,ATCM1_wp001_e,1961,0,0.9815669
Recommendation 8,Recommendation,1961,2,ATCM2_wp022_e,1962,-1,0.8630450367927551,ATCM1_wp033_e,1961,0,0.9762744
Recommendation 8,Recommendation,1961,3,ATCM1_wp033_e,1961,0,0.8486070036888123,ATCM2_wp022_e,1962,-1,0.9663597
Recommendation 8,Recommendation,1961,4,ATCM2_wp007_e,1962,-1,0.8326488137245178,ATCM2_wp007_e,1962,-1,0.9587854
Recommendation 8,Recommendation,1961,5,ATCM4_wp040_e,1966,-5,0.827887773513794,ATCM3_wp016_rev2_e,1964,-3,0.9544101
Recommendation 8,Recommendation,1961,6,ATCM4_wp034_e,1966,-5,0.8271335959434509,ATCM4_wp041_e,1966,-5,0.9517915
Recommendation 8,Recommendation,1961,7,ATCM4_wp041_rev1_e,1966,-5,0.8197449445724487,ATCM4_wp040_e,1966,-5,0.9503373
Recommendation 8,Recommendation,1961,8,ATCM4_wp041_e,1966,-5,0.812147319316864,ATCM4_wp034_e,1966,-5,0.9503373
Recommendation 8,Recommendation,1961,9,ATCM4_wp009_e,1966,-5,0.7926123738288879,ATCM4_wp041_rev1_e,1966,-5,0.9484609
Recommendation 8,Recommendation,1961,10,ATCM3_wp016_rev2_e,1964,-3,0.7876787781715393,ATCM4_wp009_e,1966,-5,0.94048434
Recommendation 28,Recommendation,1964,1,ATCM3_wp020_rev1_e,1964,0,0.9060510993003845,ATCM3_wp020_rev1_e,1964,0,0.9717361
Recommendation 28,Recommendation,1964,2,ATCM3_wp020_e,1964,0,0.8774470090866089,ATCM3_wp020_e,1964,0,0.9685721
Recommendation 28,Recommendation,1964,3,ATCM3_wp024_e,1964,0,0.7542047500610352,ATCM8_wp008_e,1975,-11,0.9608931
Recommendation 28,Recommendation,1964,4,ATCM14_wp015_e,1987,-23,0.7425848245620728,ATCM7_wp031_e,1972,-8,0.9519705
Recommendation 28,Recommendation,1964,5,ATCM8_wp008_e,1975,-11,0.7348122000694275,ATCM1_wp007_e,1961,3,0.938373
Recommendation 28,Recommendation,1964,6,ATCM5_wp019_e,1968,-4,0.7217075824737549,ATCM3_wp024_e,1964,0,0.93148744
Recommendation 28,Recommendation,1964,7,ATCM1_wp007_e,1961,3,0.7216273546218872,ATCM4_wp018_rev1_e,1966,-2,0.92933786
Recommendation 28,Recommendation,1964,8,ATCM4_wp018_rev1_e,1966,-2,0.721442461013794,ATCM5_wp019_e,1968,-4,0.9234129
Recommendation 28,Recommendation,1964,9,ATCM16_wp042_e,1991,-27,0.7206974029541016,ATCM16_wp042_e,1991,-27,0.9206043
Recommendation 28,Recommendation,1964,10,ATCM7_wp031_e,1972,-8,0.7203456163406372,ATCM14_wp015_e,1987,-23,0.90975875
Recommendation 156,Recommendation,1985,1,ATCM4_wp054_rev1_e,1966,19,0.8767846822738647,ATCM4_wp054_rev1_e,1966,19,0.9437843
Recommendation 156,Recommendation,1985,2,ATCM4_wp054_e,1966,19,0.85881507396698,ATCM4_wp054_e,1966,19,0.93247795
Recommendation 156,Recommendation,1985,3,ATCM38_wp001_e,2015,-30,0.8000496625900269,ATCM31_wp013_e,2008,-23,0.92491853
Recommendation 156,Recommendation,1985,4,ATCM31_wp013_e,2008,-23,0.7981575727462769,ATCM43_wp006_e,2021,-36,0.92237055
Recommendation 156,Recommendation,1985,5,ATCM43_wp006_e,2021,-36,0.7875217199325562,ATCM38_wp001_e,2015,-30,0.91131
Recommendation 156,Recommendation,1985,6,ATCM4_wp038_e,1966,19,0.7570537328720093,ATCM4_wp038_e,1966,19,0.90860975
Recommendation 156,Recommendation,1985,7,ATCM4_wp053_rev1_e,1966,19,0.7412236928939819,ATCM8_wp001_e,1975,10,0.88704807
Recommendation 156,Recommendation,1985,8,ATCM4_wp053_e,1966,19,0.7380399703979492,ATCM4_wp053_e,1966,19,0.84522843
Recommendation 156,Recommendation,1985,9,ATCM8_wp001_e,1975,10,0.7348545789718628,ATCM4_wp053_rev1_e,1966,19,0.8236691
Recommendation 156,Recommendation,1985,10,ATCM32_wp022_e,2009,-24,0.7257771492004395,ATCM32_wp022_e,2009,-24,0.7688026
Resolution 237,Resolution,1996,1,ATCM35_wp046_e,2012,-16,0.7464281916618347,ATCM24_wp016_e,2001,-5,0.9446076
Resolution 237,Resolution,1996,2,ATCM20_wp013_e,1996,0,0.731520414352417,ATCM31_wp061_e,2008,-12,0.9387109
Resolution 237,Resolution,1996,3,ATCM24_wp016_e,2001,-5,0.7291728258132935,ATCM20_wp013_e,1996,0,0.9329682
Resolution 237,Resolution,1996,4,ATCM42_wp058_e,2019,-23,0.7229390144348145,ATCM30_wp038_e,2007,-11,0.9329682
Resolution 237,Resolution,1996,5,ATCM31_wp061_e,2008,-12,0.7220888733863831,ATCM32_wp003_e,2009,-13,0.9317363
Resolution 237,Resolution,1996,6,ATCM30_wp038_e,2007,-11,0.7165945768356323,ATCM35_wp046_e,2012,-16,0.86685556
Resolution 237,Resolution,1996,7,ATCM25_wp004_e,2002,-6,0.7091450095176697,ATCM25_wp004_e,2002,-6,0.8522482
Resolution 237,Resolution,1996,8,ATCM32_wp003_e,2009,-13,0.7012398838996887,ATCM40_wp047_e,2017,-21,0.8314717
Resolution 237,Resolution,1996,9,ATCM40_wp047_e,2017,-21,0.7012215852737427,ATCM42_wp058_e,2019,-23,0.8314717
Resolution 237,Resolution,1996,10,ATCM5_wp046_e,1968,28,0.6993867754936218,ATCM5_wp046_e,1968,28,0.7973044
Recommendation 13,Recommendation,1961,1,ATCM1_wp026_e,1961,0,0.8742727041244507,ATCM1_wp026_e,1961,0,0.9773362
Recommendation 13,Recommendation,1961,2,ATCM1_wp020_e,1961,0,0.8275831937789917,ATCM1_wp020_e,1961,0,0.962617
Recommendation 13,Recommendation,1961,3,ATCM1_wp011_e,1961,0,0.7843647003173828,ATCM1_wp011_e,1961,0,0.9519705
Recommendation 13,Recommendation,1961,4,ATCM1_wp029_e,1961,0,0.6734472513198853,ATCM1_wp008_e,1961,0,0.8994221
Recommendation 13,Recommendation,1961,5,ATCM3_wp006_e,1964,-3,0.6717785000801086,ATCM1_wp029_e,1961,0,0.8941811
Recommendation 13,Recommendation,1961,6,ATCM3_wp027_e,1964,-3,0.664881706237793,ATCM3_wp007_e,1964,-3,0.88995034
Recommendation 13,Recommendation,1961,7,ATCM3_wp036_e,1964,-3,0.6638435125350952,ATCM3_wp027_e,1964,-3,0.8762537
Recommendation 13,Recommendation,1961,8,ATCM1_wp008_e,1961,0,0.6593213677406311,ATCM3_wp006_e,1964,-3,0.8715186
Recommendation 13,Recommendation,1961,9,ATCM4_wp018_e,1966,-5,0.6556580066680908,ATCM3_wp036_e,1964,-3,0.8693157
Recommendation 13,Recommendation,1961,10,ATCM3_wp007_e,1964,-3,0.6553478240966797,ATCM4_wp018_e,1966,-5,0.84927243
Recommendation 53,Recommendation,1966,1,ATCM4_wp042_e,1966,0,0.7733171582221985,ATCM4_wp042_rev2_e,1966,0,0.9433685
Recommendation 53,Recommendation,1966,2,ATCM4_wp042_rev1_e,1966,0,0.7709479331970215,ATCM4_wp042_rev1_e,1966,0,0.9333337
Recommendation 53,Recommendation,1966,3,ATCM35_wp010_e,2012,-46,0.7703434824943542,ATCM35_wp010_e,2012,-46,0.926994
Recommendation 53,Recommendation,1966,4,ATCM4_wp042_rev2_e,1966,0,0.7695280909538269,ATCM4_wp042_e,1966,0,0.92672926
Recommendation 53,Recommendation,1966,5,ATCM4_wp038_e,1966,0,0.745377779006958,ATCM44_wp042_e,2022,-56,0.92078257
Recommendation 53,Recommendation,1966,6,ATCM44_wp042_e,2022,-56,0.7450021505355835,ATCM4_wp038_e,1966,0,0.88407934
Recommendation 53,Recommendation,1966,7,ATCM4_wp048_rev1_e,1966,0,0.736031174659729,ATCM4_wp048_e,1966,0,0.8670808
Recommendation 53,Recommendation,1966,8,ATCM4_wp055_rev1_e,1966,0,0.7344892024993896,ATCM4_wp047_rev1_e,1966,0,0.86041605
Recommendation 53,Recommendation,1966,9,ATCM4_wp047_rev1_e,1966,0,0.7334893345832825,ATCM4_wp048_rev1_e,1966,0,0.86041605
Recommendation 53,Recommendation,1966,10,ATCM4_wp048_e,1966,0,0.7304478883743286,ATCM4_wp055_rev1_e,1966,0,0.8542049
Recommendation 152,Recommendation,1985,1,ATCM8_wp002_e,1975,10,0.8575519323348999,ATCM43_wp003_e,2021,-36,0.9708651
Recommendation 152,Recommendation,1985,2,ATCM10_wp004_e,1979,6,0.8364961743354797,ATCM37_wp007_e,2014,-29,0.9701947
Recommendation 152,Recommendation,1985,3,ATCM10_wp031_rev1_e,1979,6,0.8347456455230713,ATCM8_wp035_e,1975,10,0.93904716
Recommendation 152,Recommendation,1985,4,ATCM10_wp031_e,1979,6,0.8339240550994873,ATCM10_wp031_rev1_e,1979,6,0.9169054
Recommendation 152,Recommendation,1985,5,ATCM16_wp020_e,1991,-6,0.8336954116821289,ATCM10_wp031_e,1979,6,0.9135459
Recommendation 152,Recommendation,1985,6,ATCM8_wp035_e,1975,10,0.8271410465240479,ATCM8_wp002_e,1975,10,0.9047263
Recommendation 152,Recommendation,1985,7,ATCM37_wp007_e,2014,-29,0.8246766328811646,ATCM10_wp004_e,1979,6,0.8999509
Recommendation 152,Recommendation,1985,8,ATCM43_wp003_e,2021,-36,0.8183422088623047,ATCM16_wp020_e,1991,-6,0.8991568
Recommendation 152,Recommendation,1985,9,ATCM12_wp014_rev1_e,1983,2,0.8139804601669312,ATCM12_wp014_rev1_e,1983,2,0.88407934
Recommendation 152,Recommendation,1985,10,ATCM24_wp033_e,2001,-16,0.8137215375900269,ATCM24_wp033_e,2001,-16,0.87020063
Recommendation 35,Recommendation,1964,1,ATCM4_wp045_rev1_e,1966,-2,0.8460948467254639,ATCM3_wp001_e,1964,0,0.9533793
Recommendation 35,Recommendation,1964,2,ATCM3_wp002_e,1964,0,0.8334108591079712,ATCM3_wp002_e,1964,0,0.9437843
Recommendation 35,Recommendation,1964,3,ATCM4_wp045_e,1966,-2,0.833388090133667,ATCM4_wp045_rev1_e,1966,-2,0.9336973
Recommendation 35,Recommendation,1964,4,ATCM5_wp010_e,1968,-4,0.8038085699081421,ATCM4_wp045_e,1966,-2,0.92712605
Recommendation 35,Recommendation,1964,5,ATCM5_wp003_rev2_e,1968,-4,0.8031463623046875,ATCM5_wp003_rev2_e,1968,-4,0.92586255
Recommendation 35,Recommendation,1964,6,ATCM7_wp036_e,1972,-8,0.8021563291549683,ATCM7_wp036_e,1972,-8,0.9236199
Recommendation 35,Recommendation,1964,7,ATCM3_wp040_e,1964,0,0.7909430265426636,ATCM7_wp006_e,1972,-8,0.92223054
Recommendation 35,Recommendation,1964,8,ATCM3_wp001_e,1964,0,0.7879576683044434,ATCM3_wp040_e,1964,0,0.9213152
Recommendation 35,Recommendation,1964,9,ATCM7_wp006_e,1972,-8,0.784207820892334,ATCM16_wp049_e,1991,-27,0.92024666
Recommendation 35,Recommendation,1964,10,ATCM16_wp049_e,1991,-27,0.7828230261802673,ATCM5_wp010_e,1968,-4,0.896015
Recommendation 17,Recommendation,1961,1,ATCM1_wp030_e,1961,0,0.8413410186767578,ATCM25_wp045_e,2002,-41,0.92410076
Recommendation 17,Recommendation,1961,2,ATCM1_wp023_e,1961,0,0.7835623025894165,ATCM20_wp020_e,1996,-35,0.8808381
Recommendation 17,Recommendation,1961,3,ATCM34_wp025_e,2011,-50,0.7649979591369629,ATCM21_wp024_e,1997,-36,0.8791883
Recommendation 17,Recommendation,1961,4,ATCM1_wp029_e,1961,0,0.7620063424110413,ATCM34_wp025_e,2011,-50,0.8566205
Recommendation 17,Recommendation,1961,5,ATCM21_wp024_e,1997,-36,0.74991375207901,ATCM1_wp030_e,1961,0,0.8527394
Recommendation 17,Recommendation,1961,6,ATCM20_wp020_e,1996,-35,0.7380235195159912,ATCM1_wp023_e,1961,0,0.8196625
Recommendation 17,Recommendation,1961,7,ATCM25_wp045_e,2002,-41,0.7373051643371582,ATCM24_wp004_e,2001,-40,0.8047744
Recommendation 17,Recommendation,1961,8,ATCM11_wp038_e,1981,-20,0.7181612253189087,ATCM12_wp010_e,1983,-22,0.7715682
Recommendation 17,Recommendation,1961,9,ATCM12_wp010_e,1983,-22,0.7176746726036072,ATCM1_wp029_e,1961,0,0.7276659
Recommendation 17,Recommendation,1961,10,ATCM24_wp004_e,2001,-40,0.7150622606277466,ATCM11_wp038_e,1981,-20,0.6348603
Recommendation 9,Recommendation,1961,1,ATCM1_wp025_e,1961,0,0.9002074599266052,ATCM1_wp025_e,1961,0,0.9586308
Recommendation 9,Recommendation,1961,2,ATCM2_wp018_e,1962,-1,0.8890117406845093,ATCM2_wp018_e,1962,-1,0.95624363
Recommendation 9,Recommendation,1961,3,ATCM2_wp004_e,1962,-1,0.881988525390625,ATCM2_wp004_e,1962,-1,0.9547488
Recommendation 9,Recommendation,1961,4,ATCM9_wp073_e,1977,-16,0.8672100305557251,ATCM9_wp058_e,1977,-16,0.9407027
Recommendation 9,Recommendation,1961,5,ATCM8_wp016_rev1_e,1975,-14,0.8559598922729492,ATCM1_wp015_e,1961,0,0.9396037
Recommendation 9,Recommendation,1961,6,ATCM9_wp058_e,1977,-16,0.8490030765533447,ATCM9_wp034_e,1977,-16,0.9354881
Recommendation 9,Recommendation,1961,7,ATCM1_wp015_e,1961,0,0.8478136658668518,ATCM8_wp016_rev1_e,1975,-14,0.9319843
Recommendation 9,Recommendation,1961,8,ATCM10_wp052_e,1979,-18,0.847750723361969,ATCM9_wp073_e,1977,-16,0.9311125
Recommendation 9,Recommendation,1961,9,ATCM9_wp034_e,1977,-16,0.8461337685585022,ATCM9_wp082_e,1977,-16,0.92997646
Recommendation 9,Recommendation,1961,10,ATCM9_wp082_e,1977,-16,0.8433836698532104,ATCM10_wp052_e,1979,-18,0.92471486
Recommendation 43,Recommendation,1966,1,ATCM4_wp052_rev1_e,1966,0,0.8352301716804504,ATCM4_wp052_rev1_e,1966,0,0.9517915
Recommendation 43,Recommendation,1966,2,ATCM4_wp052_e,1966,0,0.792823314666748,ATCM4_wp052_e,1966,0,0.94788504
Recommendation 43,Recommendation,1966,3,ATCM21_wp005_rev2_e,1997,-31,0.7337944507598877,ATCM4_wp038_e,1966,0,0.93357635
Recommendation 43,Recommendation,1966,4,ATCM43_wp022_e,2021,-55,0.6992136240005493,ATCM21_wp005_rev2_e,1997,-31,0.9323548
Recommendation 43,Recommendation,1966,5,ATCM4_wp038_e,1966,0,0.6962991952896118,ATCM43_wp022_e,2021,-55,0.9166073
Recommendation 43,Recommendation,1966,6,ATCM4_wp055_rev1_e,1966,0,0.686671793460846,ATCM4_wp055_rev1_e,1966,0,0.86662996
Recommendation 43,Recommendation,1966,7,ATCM4_wp053_rev1_e,1966,0,0.6743170022964478,ATCM4_wp053_rev1_e,1966,0,0.8657243
Recommendation 43,Recommendation,1966,8,ATCM4_wp048_rev1_e,1966,0,0.6674625873565674,ATCM4_wp047_rev1_e,1966,0,0.86181754
Recommendation 43,Recommendation,1966,9,ATCM4_wp047_rev1_e,1966,0,0.6659988164901733,ATCM4_wp048_rev1_e,1966,0,0.8613517
Recommendation 43,Recommendation,1966,10,ATCM4_wp055_e,1966,0,0.6604946851730347,ATCM4_wp055_e,1966,0,0.8575773
Recommendation 205,Recommendation,1991,1,ATCM16_wp013_e,1991,0,0.9139723777770996,ATCM16_wp013_e,1991,0,0.9537254
Recommendation 205,Recommendation,1991,2,ATCM25_wp016_e,2002,-11,0.8105441331863403,ATCM25_wp016_e,2002,-11,0.92368877
Recommendation 205,Recommendation,1991,3,ATCM26_wp032_e,2003,-12,0.7551084160804749,ATCM26_wp032_e,2003,-12,0.91679376
Recommendation 205,Recommendation,1991,4,ATCM35_wp019_e,2012,-21,0.7281154990196228,ATCM31_wp025_rev1_e,2008,-17,0.87433493
Recommendation 205,Recommendation,1991,5,ATCM31_wp025_rev1_e,2008,-17,0.7157647609710693,ATCM35_wp019_e,2012,-21,0.8708611
Recommendation 205,Recommendation,1991,6,ATCM30_wp011_e,2007,-16,0.6991680264472961,ATCM25_wp017_e,2002,-11,0.7928494
Recommendation 205,Recommendation,1991,7,ATCM26_wp016_rev1_e,2003,-12,0.6846736669540405,ATCM26_wp016_e,2003,-12,0.7715682
Recommendation 205,Recommendation,1991,8,ATCM25_wp029_e,2002,-11,0.6835469603538513,ATCM26_wp016_rev1_e,2003,-12,0.7603661
Recommendation 205,Recommendation,1991,9,ATCM26_wp016_e,2003,-12,0.6800813674926758,ATCM30_wp011_e,2007,-16,0.74879336
Recommendation 205,Recommendation,1991,10,ATCM25_wp017_e,2002,-11,0.6729628443717957,ATCM25_wp029_e,2002,-11,0.73228556
Resolution 238,Resolution,1996,1,ATCM20_wp018_e,1996,0,0.890834391117096,ATCM20_wp018_e,1996,0,0.9701947
Resolution 238,Resolution,1996,2,ATCM25_wp009_e,2002,-6,0.8016240000724792,ATCM25_wp009_e,2002,-6,0.9532054
Resolution 238,Resolution,1996,3,ATCM28_wp011_e,2005,-9,0.7489509582519531,ATCM20_wp005_e,1996,0,0.9528557
Resolution 238,Resolution,1996,4,ATCM20_wp005_e,1996,0,0.7427591681480408,ATCM22_wp003_e,1998,-2,0.94491345
Resolution 238,Resolution,1996,5,ATCM20_wp016_e,1996,0,0.7425674200057983,ATCM20_wp016_e,1996,0,0.94188976
Resolution 238,Resolution,1996,6,ATCM22_wp003_e,1998,-2,0.736331582069397,ATCM28_wp011_e,2005,-9,0.90552294
Resolution 238,Resolution,1996,7,ATCM34_wp057_e,2011,-15,0.7309849262237549,ATCM34_wp057_e,2011,-15,0.9034562
Resolution 238,Resolution,1996,8,ATCM35_wp044_e,2012,-16,0.7270292043685913,ATCM35_wp044_e,2012,-16,0.8932535
Resolution 238,Resolution,1996,9,ATCM45_wp054_rev1_e,2023,-27,0.7188323736190796,ATCM45_wp054_rev1_e,2023,-27,0.88307476
Resolution 238,Resolution,1996,10,ATCM37_wp033_e,2014,-18,0.7165349721908569,ATCM37_wp033_e,2014,-18,0.88124746
Recommendation 199,Recommendation,1991,1,ATCM16_wp016_e,1991,0,0.8085104823112488,ATCM16_wp016_e,1991,0,0.9474978
Recommendation 199,Recommendation,1991,2,ATCM16_wp012_e,1991,0,0.7933545708656311,ATCM16_wp057_e,1991,0,0.9373486
Recommendation 199,Recommendation,1991,3,ATCM15_wp028_e,1989,2,0.7770805358886719,ATCM16_wp054_e,1991,0,0.9370036
Recommendation 199,Recommendation,1991,4,ATCM16_wp057_e,1991,0,0.7721432447433472,ATCM8_wp035_e,1975,16,0.9154619
Recommendation 199,Recommendation,1991,5,ATCM8_wp035_e,1975,16,0.7537320852279663,ATCM30_wp025_e,2007,-16,0.9132237
Recommendation 199,Recommendation,1991,6,ATCM32_wp053_e,2009,-18,0.7535644173622131,ATCM15_wp028_e,1989,2,0.9095581
Recommendation 199,Recommendation,1991,7,ATCM4_wp048_e,1966,25,0.7473983764648438,ATCM16_wp012_e,1991,0,0.9089134
Recommendation 199,Recommendation,1991,8,ATCM30_wp025_e,2007,-16,0.7452225685119629,ATCM4_wp048_e,1966,25,0.8507664
Recommendation 199,Recommendation,1991,9,ATCM16_wp054_e,1991,0,0.745173454284668,ATCM32_wp053_e,2009,-18,0.84004915
Recommendation 199,Recommendation,1991,10,ATCM33_wp064_e,2010,-19,0.7450578212738037,ATCM33_wp064_e,2010,-19,0.83256364
Recommendation 19,Recommendation,1962,1,ATCM2_wp018_e,1962,0,0.9380162954330444,ATCM2_wp018_e,1962,0,0.9619076
Recommendation 19,Recommendation,1962,2,ATCM2_wp004_e,1962,0,0.8794277906417847,ATCM2_wp004_e,1962,0,0.9433685
Recommendation 19,Recommendation,1962,3,ATCM8_wp016_rev1_e,1975,-13,0.8620796203613281,ATCM9_wp058_e,1977,-15,0.938373
Recommendation 19,Recommendation,1962,4,ATCM9_wp030_e,1977,-15,0.8605467081069946,ATCM10_wp052_e,1979,-17,0.9229281
Recommendation 19,Recommendation,1962,5,ATCM9_wp006_e,1977,-15,0.8563703298568726,ATCM8_wp016_e,1975,-13,0.9208893
Recommendation 19,Recommendation,1962,6,ATCM10_wp052_e,1979,-17,0.8497051000595093,ATCM8_wp016_rev1_e,1975,-13,0.91768336
Recommendation 19,Recommendation,1962,7,ATCM9_wp073_e,1977,-15,0.8492639660835266,ATCM9_wp073_e,1977,-15,0.91742486
Recommendation 19,Recommendation,1962,8,ATCM9_wp043_e,1977,-15,0.8446246385574341,ATCM9_wp043_e,1977,-15,0.91501683
Recommendation 19,Recommendation,1962,9,ATCM8_wp016_e,1975,-13,0.8409098982810974,ATCM9_wp030_e,1977,-15,0.91374093
Recommendation 19,Recommendation,1962,10,ATCM9_wp058_e,1977,-15,0.8407539129257202,ATCM9_wp006_e,1977,-15,0.90869087
Recommendation 20,Recommendation,1962,1,ATCM2_wp015_e,1962,0,0.8722500205039978,ATCM2_wp015_e,1962,0,0.9760927
Recommendation 20,Recommendation,1962,2,ATCM1_wp022_e,1961,1,0.8256912231445312,ATCM1_wp022_e,1961,1,0.9492193
Recommendation 20,Recommendation,1962,3,ATCM3_wp023_e,1964,-2,0.822148323059082,ATCM1_wp021_e,1961,1,0.94710773
Recommendation 20,Recommendation,1962,4,ATCM5_wp028_e,1968,-6,0.7992295026779175,ATCM3_wp036_e,1964,-2,0.9302938
Recommendation 20,Recommendation,1962,5,ATCM3_wp036_e,1964,-2,0.7955362796783447,ATCM1_wp014_e,1961,1,0.92613024
Recommendation 20,Recommendation,1962,6,ATCM4_wp036_e,1966,-4,0.7914431691169739,ATCM3_wp023_e,1964,-2,0.9253245
Recommendation 20,Recommendation,1962,7,ATCM3_wp007_e,1964,-2,0.7887420654296875,ATCM4_wp036_e,1966,-4,0.919056
Recommendation 20,Recommendation,1962,8,ATCM1_wp021_e,1961,1,0.7831382155418396,ATCM3_wp007_rev1_e,1964,-2,0.9189469
Recommendation 20,Recommendation,1962,9,ATCM3_wp007_rev1_e,1964,-2,0.7825019359588623,ATCM3_wp007_e,1964,-2,0.91064674
Recommendation 20,Recommendation,1962,10,ATCM1_wp014_e,1961,1,0.7784769535064697,ATCM5_wp028_e,1968,-6,0.8613517
Recommendation 157,Recommendation,1985,1,ATCM4_wp045_e,1966,19,0.7775052785873413,ATCM4_wp045_e,1966,19,0.9760927
Recommendation 157,Recommendation,1985,2,ATCM6_wp015_rev1_e,1970,15,0.7696579694747925,ATCM4_wp045_rev1_e,1966,19,0.9753525
Recommendation 157,Recommendation,1985,3,ATCM16_wp049_e,1991,-6,0.7681819200515747,ATCM3_wp040_e,1964,21,0.9743959
Recommendation 157,Recommendation,1985,4,ATCM8_wp010_e,1975,10,0.7680149078369141,ATCM6_wp015_rev1_e,1970,15,0.96833336
Recommendation 157,Recommendation,1985,5,ATCM4_wp045_rev1_e,1966,19,0.7679882049560547,ATCM7_wp045_e,1972,13,0.96045023
Recommendation 157,Recommendation,1985,6,ATCM3_wp040_e,1964,21,0.7674553394317627,ATCM20_wp004_rev1_e,1996,-11,0.9447098
Recommendation 157,Recommendation,1985,7,ATCM8_wp031_e,1975,10,0.7567505836486816,ATCM8_wp010_e,1975,10,0.9437843
Recommendation 157,Recommendation,1985,8,ATCM20_wp004_rev1_e,1996,-11,0.7545793652534485,ATCM16_wp049_e,1991,-6,0.9422097
Recommendation 157,Recommendation,1985,9,ATCM7_wp045_e,1972,13,0.7532520294189453,ATCM8_wp031_e,1975,10,0.92491853
Recommendation 157,Recommendation,1985,10,ATCM8_wp005_e,1975,10,0.7513331174850464,ATCM8_wp005_e,1975,10,0.9132563
Recommendation 153,Recommendation,1985,1,ATCM26_wp010_e,2003,-18,0.7716464996337891,ATCM24_wp002_e,2001,-16,0.9380332
Recommendation 153,Recommendation,1985,2,ATCM25_wp003_e,2002,-17,0.7643342018127441,ATCM26_wp010_e,2003,-18,0.93393874
Recommendation 153,Recommendation,1985,3,ATCM4_wp053_rev1_e,1966,19,0.7610292434692383,ATCM16_wp019_e,1991,-6,0.9311125
Recommendation 153,Recommendation,1985,4,ATCM37_wp025_e,2014,-29,0.7537063956260681,ATCM25_wp003_e,2002,-17,0.908873
Recommendation 153,Recommendation,1985,5,ATCM24_wp002_e,2001,-16,0.747055172920227,ATCM37_wp025_e,2014,-29,0.9064795
Recommendation 153,Recommendation,1985,6,ATCM16_wp019_e,1991,-6,0.7460557222366333,ATCM4_wp042_e,1966,19,0.8940887
Recommendation 153,Recommendation,1985,7,ATCM4_wp053_e,1966,19,0.7448827028274536,ATCM4_wp028_e,1966,19,0.8925063
Recommendation 153,Recommendation,1985,8,ATCM4_wp042_e,1966,19,0.7403995394706726,ATCM4_wp038_e,1966,19,0.8796026
Recommendation 153,Recommendation,1985,9,ATCM4_wp038_e,1966,19,0.7390565872192383,ATCM4_wp053_e,1966,19,0.87939554
Recommendation 153,Recommendation,1985,10,ATCM4_wp028_e,1966,19,0.7367055416107178,ATCM4_wp053_rev1_e,1966,19,0.8585289
Measure 420,Measure,2009,1,ATCM43_wp020_e,2021,-12,0.8890879154205322,ATCM32_wp027_e,2009,0,0.9417828
Measure 420,Measure,2009,2,ATCM38_wp025_e,2015,-6,0.8740543127059937,ATCM38_wp025_e,2015,-6,0.9378058
Measure 420,Measure,2009,3,ATCM32_wp027_e,2009,0,0.7873101234436035,ATCM43_wp020_e,2021,-12,0.9364246
Measure 420,Measure,2009,4,ATCM4_wp055_rev1_e,1966,43,0.7724475860595703,ATCM4_wp055_rev1_e,1966,43,0.9117186
Measure 420,Measure,2009,5,ATCM4_wp055_e,1966,43,0.7656339406967163,ATCM4_wp055_e,1966,43,0.8858686
Measure 420,Measure,2009,6,ATCM35_wp060_e,2012,-3,0.7565135359764099,ATCM35_wp061_e,2012,-3,0.8566205
Measure 420,Measure,2009,7,ATCM35_wp061_e,2012,-3,0.7564475536346436,ATCM35_wp060_e,2012,-3,0.8507664
Measure 420,Measure,2009,8,ATCM44_wp046_e,2022,-13,0.7559466361999512,ATCM36_wp059_e,2013,-4,0.84522843
Measure 420,Measure,2009,9,ATCM36_wp059_e,2013,-4,0.7516313195228577,ATCM44_wp046_e,2022,-13,0.84368914
Measure 420,Measure,2009,10,ATCM29_wp029_e,2006,3,0.7445404529571533,ATCM29_wp029_e,2006,3,0.83634084
Recommendation 2,Recommendation,1961,1,ATCM1_wp003_e,1961,0,0.8987528681755066,ATCM1_wp003_e,1961,0,0.9868585
Recommendation 2,Recommendation,1961,2,ATCM1_wp004_e,1961,0,0.7862732410430908,ATCM16_wp042_e,1991,-30,0.9480776
Recommendation 2,Recommendation,1961,3,ATCM12_wp019_e,1983,-22,0.7854160070419312,ATCM1_wp005_e,1961,0,0.92586255
Recommendation 2,Recommendation,1961,4,ATCM12_wp013_e,1983,-22,0.7824655771255493,ATCM7_wp035_e,1972,-11,0.91847295
Recommendation 2,Recommendation,1961,5,ATCM7_wp035_e,1972,-11,0.7818740606307983,ATCM12_wp020_e,1983,-22,0.9152254
Recommendation 2,Recommendation,1961,6,ATCM1_wp005_e,1961,0,0.7798972129821777,ATCM1_wp004_e,1961,0,0.9029439
Recommendation 2,Recommendation,1961,7,ATCM2_wp002_e,1962,-1,0.7796604037284851,ATCM12_wp013_e,1983,-22,0.8975517
Recommendation 2,Recommendation,1961,8,ATCM16_wp042_e,1991,-30,0.7790540456771851,ATCM15_wp046_rev2_e,1989,-28,0.89297384
Recommendation 2,Recommendation,1961,9,ATCM15_wp046_rev2_e,1989,-28,0.7756140232086182,ATCM12_wp019_e,1983,-22,0.8842793
Recommendation 2,Recommendation,1961,10,ATCM12_wp020_e,1983,-22,0.7738760709762573,ATCM2_wp002_e,1962,-1,0.87980926
Measure 424,Measure,2009,1,ATCM46_wp027_e,2024,-15,0.9047991633415222,ATCM46_wp027_e,2024,-15,0.9743959
Measure 424,Measure,2009,2,ATCM37_wp019_e,2014,-5,0.8990698456764221,ATCM37_wp019_e,2014,-5,0.9721621
Measure 424,Measure,2009,3,ATCM35_wp044_e,2012,-3,0.8458249568939209,ATCM32_wp040_e,2009,0,0.95355266
Measure 424,Measure,2009,4,ATCM32_wp040_e,2009,0,0.8398454189300537,ATCM46_wp026_e,2024,-15,0.9063137
Measure 424,Measure,2009,5,ATCM35_wp058_e,2012,-3,0.8248572945594788,ATCM36_wp059_e,2013,-4,0.90260106
Measure 424,Measure,2009,6,ATCM45_wp054_rev1_e,2023,-14,0.8243438601493835,ATCM45_wp054_rev1_e,2023,-14,0.90108824
Measure 424,Measure,2009,7,ATCM36_wp059_e,2013,-4,0.8236379623413086,ATCM41_wp031_e,2018,-9,0.897282
Measure 424,Measure,2009,8,ATCM46_wp026_e,2024,-15,0.822785496711731,ATCM35_wp044_e,2012,-3,0.8971018
Measure 424,Measure,2009,9,ATCM41_wp031_e,2018,-9,0.8212679624557495,ATCM39_wp027_e,2016,-7,0.8854731
Measure 424,Measure,2009,10,ATCM39_wp027_e,2016,-7,0.8200920820236206,ATCM35_wp058_e,2012,-3,0.8648136
Recommendation 10,Recommendation,1961,1,ATCM1_wp006_e,1961,0,0.8062430024147034,ATCM1_wp006_e,1961,0,0.983445
Recommendation 10,Recommendation,1961,2,ATCM14_wp031_rev1_e,1987,-26,0.7299412488937378,ATCM20_wp013_e,1996,-35,0.9547488
Recommendation 10,Recommendation,1961,3,ATCM5_wp046_e,1968,-7,0.7111282348632812,ATCM14_wp031_rev1_e,1987,-26,0.9533793
Recommendation 10,Recommendation,1961,4,ATCM20_wp013_e,1996,-35,0.7060854434967041,ATCM14_wp013_e,1987,-26,0.92491853
Recommendation 10,Recommendation,1961,5,ATCM14_wp013_e,1987,-26,0.6845645904541016,ATCM5_wp046_e,1968,-7,0.9229976
Recommendation 10,Recommendation,1961,6,ATCM6_wp005_rev1_e,1970,-9,0.6702931523323059,ATCM6_wp005_rev1_e,1970,-9,0.91832656
Recommendation 10,Recommendation,1961,7,ATCM6_wp005_e,1970,-9,0.6676298379898071,ATCM6_wp005_e,1970,-9,0.91671926
Recommendation 10,Recommendation,1961,8,ATCM31_wp061_e,2008,-47,0.661719560623169,ATCM30_wp038_e,2007,-46,0.9101588
Recommendation 10,Recommendation,1961,9,ATCM24_wp023_e,2001,-40,0.6602487564086914,ATCM24_wp023_e,2001,-40,0.86041605
Recommendation 10,Recommendation,1961,10,ATCM30_wp038_e,2007,-46,0.6519743204116821,ATCM31_wp061_e,2008,-47,0.84877175
Measure 422,Measure,2009,1,ATCM43_wp003_e,2021,-12,0.8776764869689941,ATCM43_wp003_e,2021,-12,0.9776798
Measure 422,Measure,2009,2,ATCM37_wp007_e,2014,-5,0.8637937903404236,ATCM37_wp007_e,2014,-5,0.9766336
Measure 422,Measure,2009,3,ATCM33_wp033_e,2010,-1,0.8300749063491821,ATCM32_wp022_e,2009,0,0.965198
Measure 422,Measure,2009,4,ATCM38_wp026_e,2015,-6,0.8265340328216553,ATCM38_wp026_e,2015,-6,0.92566115
Measure 422,Measure,2009,5,ATCM43_wp024_rev1_e,2021,-12,0.8250733017921448,ATCM37_wp026_e,2014,-5,0.9084475
Measure 422,Measure,2009,6,ATCM43_wp023_rev1_e,2021,-12,0.8225441575050354,ATCM33_wp033_e,2010,-1,0.9031576
Measure 422,Measure,2009,7,ATCM37_wp026_e,2014,-5,0.814732551574707,ATCM43_wp024_rev1_e,2021,-12,0.9023862
Measure 422,Measure,2009,8,ATCM39_wp026_e,2016,-7,0.8132766485214233,ATCM43_wp023_rev1_e,2021,-12,0.8909032
Measure 422,Measure,2009,9,ATCM32_wp022_e,2009,0,0.8123753070831299,ATCM39_wp026_e,2016,-7,0.88918287
Measure 422,Measure,2009,10,ATCM46_wp023_e,2024,-15,0.8089662790298462,ATCM46_wp023_e,2024,-15,0.87856454
Recommendation 40,Recommendation,1966,1,ATCM4_wp047_rev1_e,1966,0,0.8698620200157166,ATCM4_wp047_e,1966,0,0.95939845
Recommendation 40,Recommendation,1966,2,ATCM4_wp047_e,1966,0,0.8512336015701294,ATCM4_wp047_rev1_e,1966,0,0.95575064
Recommendation 40,Recommendation,1966,3,ATCM4_wp028_e,1966,0,0.8180736899375916,ATCM4_wp028_e,1966,0,0.9455202
Recommendation 40,Recommendation,1966,4,ATCM43_wp029_e,2021,-55,0.7816520929336548,ATCM43_wp029_e,2021,-55,0.9241692
Recommendation 40,Recommendation,1966,5,ATCM4_wp053_rev1_e,1966,0,0.7779458165168762,ATCM38_wp012_e,2015,-49,0.916626
Recommendation 40,Recommendation,1966,6,ATCM38_wp012_e,2015,-49,0.7737898230552673,ATCM4_wp048_e,1966,0,0.888217
Recommendation 40,Recommendation,1966,7,ATCM4_wp048_rev1_e,1966,0,0.7685197591781616,ATCM4_wp048_rev1_e,1966,0,0.8781472
Recommendation 40,Recommendation,1966,8,ATCM4_wp048_e,1966,0,0.766411542892456,ATCM4_wp046_e,1966,0,0.8739052
Recommendation 40,Recommendation,1966,9,ATCM4_wp046_e,1966,0,0.7590365409851074,ATCM4_wp046_rev1_e,1966,0,0.8704211
Recommendation 40,Recommendation,1966,10,ATCM4_wp046_rev1_e,1966,0,0.7587067484855652,ATCM4_wp053_rev1_e,1966,0,0.86181754
Measure 428,Measure,2009,1,ATCM38_wp004_e,2015,-6,0.878639817237854,ATCM38_wp004_e,2015,-6,0.97590977
Measure 428,Measure,2009,2,ATCM44_wp006_e,2022,-13,0.817265510559082,ATCM32_wp021_e,2009,0,0.9634512
Measure 428,Measure,2009,3,ATCM35_wp060_e,2012,-3,0.8156040906906128,ATCM44_wp006_e,2022,-13,0.94048434
Measure 428,Measure,2009,4,ATCM46_wp023_e,2024,-15,0.8071220517158508,ATCM38_wp003_e,2015,-6,0.8977311
Measure 428,Measure,2009,5,ATCM32_wp021_e,2009,0,0.8062653541564941,ATCM35_wp044_e,2012,-3,0.8872437
Measure 428,Measure,2009,6,ATCM35_wp061_e,2012,-3,0.8048995137214661,ATCM36_wp059_e,2013,-4,0.885671
Measure 428,Measure,2009,7,ATCM38_wp003_e,2015,-6,0.8005095720291138,ATCM46_wp023_e,2024,-15,0.8766766
Measure 428,Measure,2009,8,ATCM36_wp059_e,2013,-4,0.7947922945022583,ATCM35_wp061_e,2012,-3,0.8622821
Measure 428,Measure,2009,9,ATCM35_wp044_e,2012,-3,0.7919968366622925,ATCM35_wp060_e,2012,-3,0.8537177
Measure 428,Measure,2009,10,ATCM35_wp058_e,2012,-3,0.7880183458328247,ATCM35_wp058_e,2012,-3,0.85322917
Decision 289,Decision,2002,1,ATCM25_wp005_e,2002,0,0.8985883593559265,ATCM25_wp005_e,2002,0,0.9701947
Decision 289,Decision,2002,2,ATCM15_wp017_e,1989,13,0.6797949075698853,ATCM15_wp017_e,1989,13,0.9000389
Decision 289,Decision,2002,3,ATCM32_wp046_e,2009,-7,0.6536394357681274,ATCM18_wp008_e,1994,8,0.88447905
Decision 289,Decision,2002,4,ATCM18_wp035_e,1994,8,0.652897834777832,ATCM5_wp035_rev1_e,1968,34,0.87129974
Decision 289,Decision,2002,5,ATCM5_wp035_rev1_e,1968,34,0.6514626741409302,ATCM18_wp035_e,1994,8,0.8457387
Decision 289,Decision,2002,6,ATCM18_wp016_e,1994,8,0.6471766829490662,ATCM18_wp016_e,1994,8,0.8314717
Decision 289,Decision,2002,7,ATCM5_wp035_e,1968,34,0.6468178033828735,ATCM5_wp035_e,1968,34,0.82760537
Decision 289,Decision,2002,8,ATCM22_wp006_e,1998,4,0.6461644172668457,ATCM32_wp046_e,2009,-7,0.80660903
Decision 289,Decision,2002,9,ATCM18_wp008_e,1994,8,0.6458483934402466,ATCM22_wp006_e,1998,4,0.80354404
Decision 289,Decision,2002,10,ATCM31_wp062_e,2008,-6,0.6425715088844299,ATCM31_wp062_e,2008,-6,0.7837237
Recommendation 29,Recommendation,1964,1,ATCM3_wp010_rev1_e,1964,0,0.9048484563827515,ATCM3_wp010_rev1_e,1964,0,0.94996727
Recommendation 29,Recommendation,1964,2,ATCM3_wp010_e,1964,0,0.8912237286567688,ATCM8_wp008_e,1975,-11,0.94252783
Recommendation 29,Recommendation,1964,3,ATCM3_wp021_e,1964,0,0.8182010650634766,ATCM3_wp010_e,1964,0,0.9380332
Recommendation 29,Recommendation,1964,4,ATCM3_wp021_rev1_e,1964,0,0.7912691831588745,ATCM7_wp031_e,1972,-8,0.9274553
Recommendation 29,Recommendation,1964,5,ATCM7_wp031_e,1972,-8,0.7143656015396118,ATCM3_wp021_rev1_e,1964,0,0.92180926
Recommendation 29,Recommendation,1964,6,ATCM1_wp007_e,1961,3,0.6971023678779602,ATCM1_wp007_e,1961,3,0.91536736
Recommendation 29,Recommendation,1964,7,ATCM8_wp008_e,1975,-11,0.6838233470916748,ATCM3_wp021_e,1964,0,0.90860975
Recommendation 29,Recommendation,1964,8,ATCM20_wp006_e,1996,-32,0.6663297414779663,ATCM39_wp017_e,2016,-52,0.8745494
Recommendation 29,Recommendation,1964,9,ATCM24_wp007_e,2001,-37,0.6612789630889893,ATCM24_wp007_e,2001,-37,0.86797863
Recommendation 29,Recommendation,1964,10,ATCM39_wp017_e,2016,-52,0.6576822996139526,ATCM20_wp006_e,1996,-32,0.84826964
Measure 426,Measure,2009,1,ATCM37_wp052_e,2014,-5,0.8857131600379944,ATCM30_wp025_e,2007,2,0.9836975
Measure 426,Measure,2009,2,ATCM16_wp016_e,1991,18,0.8084869384765625,ATCM31_wp046_rev1_e,2008,1,0.98305905
Measure 426,Measure,2009,3,ATCM38_wp026_e,2015,-6,0.805513858795166,ATCM37_wp052_e,2014,-5,0.9701947
Measure 426,Measure,2009,4,ATCM31_wp047_e,2008,1,0.8040591478347778,ATCM28_wp042_e,2005,4,0.91876495
Measure 426,Measure,2009,5,ATCM43_wp028_e,2021,-12,0.7980712652206421,ATCM16_wp016_e,1991,18,0.91768336
Measure 426,Measure,2009,6,ATCM31_wp046_rev1_e,2008,1,0.7953658103942871,ATCM31_wp047_e,2008,1,0.9094376
Measure 426,Measure,2009,7,ATCM44_wp043_e,2022,-13,0.7953145503997803,ATCM38_wp026_e,2015,-6,0.89746183
Measure 426,Measure,2009,8,ATCM30_wp025_e,2007,2,0.7919456362724304,ATCM35_wp044_e,2012,-3,0.88063294
Measure 426,Measure,2009,9,ATCM35_wp044_e,2012,-3,0.7875627875328064,ATCM43_wp028_e,2021,-12,0.87433493
Measure 426,Measure,2009,10,ATCM28_wp042_e,2005,4,0.7873435020446777,ATCM44_wp043_e,2022,-13,0.8636677
Recommendation 14,Recommendation,1961,1,ATCM1_wp017_e,1961,0,0.9217895269393921,ATCM1_wp017_e,1961,0,0.9817077
Recommendation 14,Recommendation,1961,2,ATCM1_wp032_e,1961,0,0.8181754946708679,ATCM8_wp008_e,1975,-14,0.9290166
Recommendation 14,Recommendation,1961,3,ATCM16_wp042_e,1991,-30,0.7885472774505615,ATCM1_wp032_e,1961,0,0.925594
Recommendation 14,Recommendation,1961,4,ATCM8_wp008_e,1975,-14,0.7838642597198486,ATCM16_wp042_e,1991,-30,0.917886
Recommendation 14,Recommendation,1961,5,ATCM2_wp006_e,1962,-1,0.7826908826828003,ATCM16_wp032_e,1991,-30,0.9045578
Recommendation 14,Recommendation,1961,6,ATCM1_wp004_e,1961,0,0.78203284740448,ATCM1_wp004_e,1961,0,0.8996868
Recommendation 14,Recommendation,1961,7,ATCM1_wp007_e,1961,0,0.7755963802337646,ATCM1_wp007_e,1961,0,0.8950099
Recommendation 14,Recommendation,1961,8,ATCM12_wp013_e,1983,-22,0.7703567743301392,ATCM2_wp006_e,1962,-1,0.8889902
Recommendation 14,Recommendation,1961,9,ATCM2_wp021_e,1962,-1,0.7673110961914062,ATCM12_wp013_e,1983,-22,0.8650418
Recommendation 14,Recommendation,1961,10,ATCM16_wp032_e,1991,-30,0.7669075727462769,ATCM2_wp021_e,1962,-1,0.8447167
Recommendation 32,Recommendation,1964,1,ATCM3_wp036_e,1964,0,0.9060975909233093,ATCM3_wp036_e,1964,0,0.9708651
Recommendation 32,Recommendation,1964,2,ATCM3_wp007_rev1_e,1964,0,0.8716307282447815,ATCM3_wp007_rev1_e,1964,0,0.9639975
Recommendation 32,Recommendation,1964,3,ATCM3_wp007_e,1964,0,0.8624977469444275,ATCM3_wp007_e,1964,0,0.96303636
Recommendation 32,Recommendation,1964,4,ATCM3_wp023_e,1964,0,0.8398451805114746,ATCM2_wp015_e,1962,2,0.94903076
Recommendation 32,Recommendation,1964,5,ATCM4_wp062_rev3_e,1966,-2,0.811599850654602,ATCM4_wp062_rev2_e,1966,-2,0.9488415
Recommendation 32,Recommendation,1964,6,ATCM4_wp036_e,1966,-2,0.8109038472175598,ATCM4_wp062_rev3_e,1966,-2,0.93982506
Recommendation 32,Recommendation,1964,7,ATCM4_wp062_rev2_e,1966,-2,0.8067182898521423,ATCM3_wp023_e,1964,0,0.9371187
Recommendation 32,Recommendation,1964,8,ATCM2_wp015_e,1962,2,0.8066627383232117,ATCM4_wp036_e,1966,-2,0.9311125
Recommendation 32,Recommendation,1964,9,ATCM9_wp012_e,1977,-13,0.8032177090644836,ATCM1_wp022_e,1961,3,0.92933786
Recommendation 32,Recommendation,1964,10,ATCM1_wp022_e,1961,3,0.8007866144180298,ATCM9_wp012_e,1977,-13,0.92219555
Recommendation 30,Recommendation,1964,1,ATCM3_wp016_rev2_e,1964,0,0.8937078714370728,ATCM4_wp025_e,1966,-2,0.951612
Recommendation 30,Recommendation,1964,2,ATCM3_wp016_e,1964,0,0.8836747407913208,ATCM2_wp022_e,1962,2,0.94940734
Recommendation 30,Recommendation,1964,3,ATCM2_wp022_e,1962,2,0.8833647966384888,ATCM3_wp016_rev2_e,1964,0,0.9459213
Recommendation 30,Recommendation,1964,4,ATCM2_wp007_e,1962,2,0.8780063390731812,ATCM3_wp016_e,1964,0,0.9434727
Recommendation 30,Recommendation,1964,5,ATCM4_wp025_e,1966,-2,0.860926628112793,ATCM2_wp007_e,1962,2,0.9426336
Recommendation 30,Recommendation,1964,6,ATCM3_wp016_rev1_e,1964,0,0.8498491644859314,ATCM3_wp016_rev1_e,1964,0,0.94210327
Recommendation 30,Recommendation,1964,7,ATCM4_wp040_e,1966,-2,0.8323068618774414,ATCM4_wp041_rev1_e,1966,-2,0.94188976
Recommendation 30,Recommendation,1964,8,ATCM5_wp011_e,1968,-4,0.8294515013694763,ATCM4_wp040_e,1966,-2,0.935015
Recommendation 30,Recommendation,1964,9,ATCM4_wp041_rev1_e,1966,-2,0.8261295557022095,ATCM4_wp034_e,1966,-2,0.9341793
Recommendation 30,Recommendation,1964,10,ATCM4_wp034_e,1966,-2,0.8237922191619873,ATCM5_wp011_e,1968,-4,0.9279139
nan 387,Untyped,2003,1,ATCM34_wp013_e,2011,-8,0.7857424020767212,ATCM26_wp028_e,2003,0,0.9719499
nan 387,Untyped,2003,2,ATCM26_wp028_e,2003,0,0.7807093858718872,ATCM30_wp010_e,2007,-4,0.9649345
nan 387,Untyped,2003,3,ATCM33_wp030_e,2010,-7,0.777859091758728,ATCM38_wp015_e,2015,-12,0.94199663
nan 387,Untyped,2003,4,ATCM38_wp015_e,2015,-12,0.7673029899597168,ATCM39_wp031_e,2016,-13,0.93477726
nan 387,Untyped,2003,5,ATCM40_wp016_e,2017,-14,0.766612708568573,ATCM40_wp045_e,2017,-14,0.918546
nan 387,Untyped,2003,6,ATCM39_wp031_e,2016,-13,0.7662773132324219,ATCM31_wp058_e,2008,-5,0.9159707
nan 387,Untyped,2003,7,ATCM40_wp045_e,2017,-14,0.7625880241394043,ATCM33_wp030_e,2010,-7,0.91378915
nan 387,Untyped,2003,8,ATCM42_wp064_e,2019,-16,0.7457232475280762,ATCM42_wp064_e,2019,-16,0.91029847
nan 387,Untyped,2003,9,ATCM30_wp010_e,2007,-4,0.7432470321655273,ATCM34_wp013_e,2011,-8,0.9091557
nan 387,Untyped,2003,10,ATCM31_wp058_e,2008,-5,0.7418016195297241,ATCM40_wp016_e,2017,-14,0.8995105
Recommendation 36,Recommendation,1964,1,ATCM4_wp045_rev1_e,1966,-2,0.8734639883041382,ATCM4_wp045_e,1966,-2,0.95624363
Recommendation 36,Recommendation,1964,2,ATCM4_wp045_e,1966,-2,0.8500877022743225,ATCM3_wp040_e,1964,0,0.9552524
Recommendation 36,Recommendation,1964,3,ATCM3_wp040_e,1964,0,0.7990838885307312,ATCM4_wp045_rev1_e,1966,-2,0.9517915
Recommendation 36,Recommendation,1964,4,ATCM4_wp059_e,1966,-2,0.7508265376091003,ATCM3_wp001_e,1964,0,0.92485076
Recommendation 36,Recommendation,1964,5,ATCM3_wp002_e,1964,0,0.7480577230453491,ATCM5_wp010_e,1968,-4,0.90806097
Recommendation 36,Recommendation,1964,6,ATCM3_wp001_e,1964,0,0.744040846824646,ATCM3_wp002_e,1964,0,0.89986295
Recommendation 36,Recommendation,1964,7,ATCM7_wp036_e,1972,-8,0.741480827331543,ATCM4_wp059_e,1966,-2,0.89986295
Recommendation 36,Recommendation,1964,8,ATCM7_wp041_e,1972,-8,0.7372209429740906,ATCM7_wp036_e,1972,-8,0.89222497
Recommendation 36,Recommendation,1964,9,ATCM5_wp010_e,1968,-4,0.7363849878311157,ATCM7_wp041_e,1972,-8,0.8762537
Recommendation 36,Recommendation,1964,10,ATCM5_wp003_rev2_e,1968,-4,0.7336897850036621,ATCM5_wp003_rev2_e,1968,-4,0.87476355
Recommendation 162,Recommendation,1987,1,ATCM14_wp027_rev1_e,1987,0,0.96889328956604,ATCM14_wp027_rev1_e,1987,0,0.943264
Recommendation 162,Recommendation,1987,2,ATCM9_wp051_rev1_e,1977,10,0.7902247905731201,ATCM10_wp023_e,1979,8,0.9024722
Recommendation 162,Recommendation,1987,3,ATCM9_wp033_e,1977,10,0.7879318594932556,ATCM7_wp032_e,1972,15,0.8935326
Recommendation 162,Recommendation,1987,4,ATCM10_wp023_e,1979,8,0.7774394750595093,ATCM12_wp018_e,1983,4,0.8895672
Recommendation 162,Recommendation,1987,5,ATCM9_wp052_e,1977,10,0.7714394330978394,ATCM9_wp051_rev1_e,1977,10,0.88267076
Recommendation 162,Recommendation,1987,6,ATCM26_wp002_e,2003,-16,0.7663516402244568,ATCM9_wp033_e,1977,10,0.8802217
Recommendation 162,Recommendation,1987,7,ATCM10_wp020_e,1979,8,0.7594786882400513,ATCM10_wp020_e,1979,8,0.8766766
Recommendation 162,Recommendation,1987,8,ATCM12_wp018_e,1983,4,0.7566222548484802,ATCM9_wp015_e,1977,10,0.87347406
Recommendation 162,Recommendation,1987,9,ATCM9_wp015_e,1977,10,0.7540361881256104,ATCM9_wp052_e,1977,10,0.8697588
Recommendation 162,Recommendation,1987,10,ATCM7_wp032_e,1972,15,0.7504035234451294,ATCM26_wp002_e,2003,-16,0.8677546
Recommendation 206,Recommendation,1991,1,ATCM16_wp014_e,1991,0,0.93031907081604,ATCM16_wp014_e,1991,0,0.95491725
Recommendation 206,Recommendation,1991,2,ATCM38_wp002_e,2015,-24,0.8018862009048462,ATCM33_wp019_rev1_e,2010,-19,0.9301036
Recommendation 206,Recommendation,1991,3,ATCM33_wp019_rev1_e,2010,-19,0.7890562415122986,ATCM16_wp054_rev1_e,1991,0,0.92706007
Recommendation 206,Recommendation,1991,4,ATCM28_wp004_e,2005,-14,0.7765885591506958,ATCM38_wp002_e,2015,-24,0.92639697
Recommendation 206,Recommendation,1991,5,ATCM8_wp001_e,1975,16,0.7561759352684021,ATCM28_wp004_e,2005,-14,0.92187965
Recommendation 206,Recommendation,1991,6,ATCM7_wp009_e,1972,19,0.730384111404419,ATCM7_wp009_e,1972,19,0.8622821
Recommendation 206,Recommendation,1991,7,ATCM7_wp045_rev1_e,1972,19,0.7205561995506287,ATCM7_wp045_rev1_e,1972,19,0.86088455
Recommendation 206,Recommendation,1991,8,ATCM45_wp060_rev1_e,2023,-32,0.7165237069129944,ATCM8_wp001_e,1975,16,0.8405733
Recommendation 206,Recommendation,1991,9,ATCM16_wp054_rev1_e,1991,0,0.7159523963928223,ATCM45_wp060_rev1_e,2023,-32,0.7546258
Recommendation 206,Recommendation,1991,10,ATCM44_wp038_e,2022,-31,0.715808093547821,ATCM44_wp038_e,2022,-31,0.7353376
Recommendation 21,Recommendation,1962,1,ATCM2_wp006_e,1962,0,0.9171192646026611,ATCM2_wp006_e,1962,0,0.97590977
Recommendation 21,Recommendation,1962,2,ATCM2_wp020_e,1962,0,0.8691222667694092,ATCM2_wp020_rev1_e,1962,0,0.96545935
Recommendation 21,Recommendation,1962,3,ATCM2_wp005_e,1962,0,0.8601477146148682,ATCM2_wp020_e,1962,0,0.962617
Recommendation 21,Recommendation,1962,4,ATCM2_wp020_rev1_e,1962,0,0.8566011190414429,ATCM8_wp008_e,1975,-13,0.959246
Recommendation 21,Recommendation,1962,5,ATCM2_wp021_e,1962,0,0.8550993800163269,ATCM2_wp005_e,1962,0,0.9505213
Recommendation 21,Recommendation,1962,6,ATCM12_wp013_e,1983,-21,0.8338513970375061,ATCM4_wp024_e,1966,-4,0.94691175
Recommendation 21,Recommendation,1962,7,ATCM16_wp042_e,1991,-29,0.8329322338104248,ATCM12_wp013_e,1983,-21,0.9463195
Recommendation 21,Recommendation,1962,8,ATCM4_wp024_e,1966,-4,0.8322038650512695,ATCM16_wp042_e,1991,-29,0.9429496
Recommendation 21,Recommendation,1962,9,ATCM8_wp008_e,1975,-13,0.8217748403549194,ATCM16_wp032_e,1991,-29,0.94188976
Recommendation 21,Recommendation,1962,10,ATCM16_wp032_e,1991,-29,0.8199913501739502,ATCM2_wp021_e,1962,0,0.93825984
Measure 430,Measure,2009,1,ATCM37_wp058_rev1_e,2014,-5,0.8556673526763916,ATCM46_wp030_e,2024,-15,0.9658481
Measure 430,Measure,2009,2,ATCM42_wp016_e,2019,-10,0.8354103565216064,ATCM42_wp016_e,2019,-10,0.9610396
Measure 430,Measure,2009,3,ATCM31_wp003_e,2008,1,0.8328390121459961,ATCM37_wp058_rev1_e,2014,-5,0.9538974
Measure 430,Measure,2009,4,ATCM46_wp030_e,2024,-15,0.8139379024505615,ATCM31_wp003_e,2008,1,0.9505213
Measure 430,Measure,2009,5,ATCM44_wp053_e,2022,-13,0.7434093952178955,ATCM44_wp053_e,2022,-13,0.8270472
Measure 430,Measure,2009,6,ATCM29_wp029_e,2006,3,0.7412868738174438,ATCM42_wp035_e,2019,-10,0.8155852
Measure 430,Measure,2009,7,ATCM35_wp044_e,2012,-3,0.7382806539535522,ATCM35_wp044_e,2012,-3,0.8138162
Measure 430,Measure,2009,8,ATCM42_wp035_e,2019,-10,0.7372945547103882,ATCM36_wp059_e,2013,-4,0.81083864
Measure 430,Measure,2009,9,ATCM35_wp008_e,2012,-3,0.7366133332252502,ATCM35_wp008_e,2012,-3,0.7985641
Measure 430,Measure,2009,10,ATCM36_wp059_e,2013,-4,0.7361396551132202,ATCM29_wp029_e,2006,3,0.79027146
Recommendation 44,Recommendation,1966,1,ATCM4_wp053_rev1_e,1966,0,0.9335008859634399,ATCM4_wp053_e,1966,0,0.94996727
Recommendation 44,Recommendation,1966,2,ATCM4_wp053_e,1966,0,0.897156834602356,ATCM4_wp053_rev1_e,1966,0,0.9495946
Recommendation 44,Recommendation,1966,3,ATCM8_wp012_e,1975,-9,0.8484389781951904,ATCM44_wp004_e,2022,-56,0.94788504
Recommendation 44,Recommendation,1966,4,ATCM4_wp038_e,1966,0,0.8242155313491821,ATCM43_wp004_e,2021,-55,0.94651765
Recommendation 44,Recommendation,1966,5,ATCM31_wp014_e,2008,-42,0.8155038356781006,ATCM31_wp014_e,2008,-42,0.94357675
Recommendation 44,Recommendation,1966,6,ATCM43_wp004_e,2021,-55,0.7876508235931396,ATCM8_wp012_e,1975,-9,0.9283699
Recommendation 44,Recommendation,1966,7,ATCM4_wp047_rev1_e,1966,0,0.7873794436454773,ATCM4_wp038_e,1966,0,0.9282398
Recommendation 44,Recommendation,1966,8,ATCM44_wp004_e,2022,-56,0.786541223526001,ATCM4_wp028_e,1966,0,0.8895672
Recommendation 44,Recommendation,1966,9,ATCM4_wp047_e,1966,0,0.7850865125656128,ATCM4_wp047_e,1966,0,0.8708611
Recommendation 44,Recommendation,1966,10,ATCM4_wp028_e,1966,0,0.7807019948959351,ATCM4_wp047_rev1_e,1966,0,0.8566205
Measure 418,Measure,2009,1,ATCM37_wp030_e,2014,-5,0.8337597846984863,ATCM27_wp014_e,2004,5,0.9503373
Measure 418,Measure,2009,2,ATCM47_wp009_e,2025,-16,0.8253406286239624,ATCM47_wp009_e,2025,-16,0.94788504
Measure 418,Measure,2009,3,ATCM32_wp040_e,2009,0,0.8207013607025146,ATCM32_wp040_e,2009,0,0.94769174
Measure 418,Measure,2009,4,ATCM27_wp014_e,2004,5,0.7893420457839966,ATCM27_wp014_rev1_e,2004,5,0.9459213
Measure 418,Measure,2009,5,ATCM45_wp059_e,2023,-14,0.7880824208259583,ATCM37_wp030_e,2014,-5,0.94252783
Measure 418,Measure,2009,6,ATCM27_wp014_rev1_e,2004,5,0.7870095372200012,ATCM38_wp026_e,2015,-6,0.9043468
Measure 418,Measure,2009,7,ATCM43_wp031_e,2021,-12,0.7848803400993347,ATCM37_wp021_e,2014,-5,0.89646906
Measure 418,Measure,2009,8,ATCM46_wp023_e,2024,-15,0.7754492163658142,ATCM43_wp031_e,2021,-12,0.8933466
Measure 418,Measure,2009,9,ATCM37_wp021_e,2014,-5,0.7741560935974121,ATCM45_wp059_e,2023,-14,0.88447905
Measure 418,Measure,2009,10,ATCM38_wp026_e,2015,-6,0.772790789604187,ATCM46_wp023_e,2024,-15,0.8739052
Recommendation 200,Recommendation,1991,1,ATCM16_wp018_e,1991,0,0.8963713645935059,ATCM16_wp018_e,1991,0,0.9584756
Recommendation 200,Recommendation,1991,2,ATCM8_wp002_e,1975,16,0.8534047603607178,ATCM25_wp018_e,2002,-11,0.93381816
Recommendation 200,Recommendation,1991,3,ATCM8_wp035_e,1975,16,0.848761796951294,ATCM16_wp020_e,1991,0,0.91821665
Recommendation 200,Recommendation,1991,4,ATCM12_wp014_rev1_e,1983,8,0.8343057036399841,ATCM24_wp033_e,2001,-10,0.9157449
Recommendation 200,Recommendation,1991,5,ATCM16_wp020_e,1991,0,0.8264719843864441,ATCM8_wp035_e,1975,16,0.9084475
Recommendation 200,Recommendation,1991,6,ATCM14_wp035_e,1987,4,0.8239200115203857,ATCM14_wp035_e,1987,4,0.9083459
Recommendation 200,Recommendation,1991,7,ATCM10_wp031_rev1_e,1979,12,0.8211438655853271,ATCM10_wp031_rev1_e,1979,12,0.9037963
Recommendation 200,Recommendation,1991,8,ATCM24_wp033_e,2001,-10,0.8172154426574707,ATCM10_wp031_e,1979,12,0.89427346
Recommendation 200,Recommendation,1991,9,ATCM10_wp031_e,1979,12,0.8158097267150879,ATCM8_wp002_e,1975,16,0.8895672
Recommendation 200,Recommendation,1991,10,ATCM25_wp018_e,2002,-11,0.8147122263908386,ATCM12_wp014_rev1_e,1983,8,0.88165563
Decision 434,Decision,2009,1,ATCM33_wp063_e,2010,-1,0.8306496143341064,ATCM33_wp063_e,2010,-1,0.95769125
Decision 434,Decision,2009,2,ATCM31_wp035_e,2008,1,0.7685537338256836,ATCM31_wp035_e,2008,1,0.9334551
Decision 434,Decision,2009,3,ATCM34_wp044_e,2011,-2,0.7671568393707275,ATCM34_wp044_e,2011,-2,0.9130615
Decision 434,Decision,2009,4,ATCM35_wp039_e,2012,-3,0.7577641606330872,ATCM35_wp039_e,2012,-3,0.9044312
Decision 434,Decision,2009,5,ATCM4_wp023_e,1966,43,0.7528915405273438,ATCM4_wp031_rev2_e,1966,43,0.8977311
Decision 434,Decision,2009,6,ATCM4_wp031_rev2_e,1966,43,0.7527261972427368,ATCM4_wp023_e,1966,43,0.8934396
Decision 434,Decision,2009,7,ATCM4_wp031_e,1966,43,0.7508634924888611,ATCM4_wp031_e,1966,43,0.8693157
Decision 434,Decision,2009,8,ATCM9_wp005_e,1977,32,0.742518424987793,ATCM4_wp002_e,1966,43,0.85994625
Decision 434,Decision,2009,9,ATCM4_wp002_e,1966,43,0.7398263216018677,ATCM9_wp005_e,1977,32,0.78239655
Decision 434,Decision,2009,10,ATCM20_wp037_e,1996,13,0.7371389865875244,ATCM20_wp037_e,1996,13,0.73228556
Measure 432,Measure,2009,1,ATCM32_wp017_e,2009,0,0.8885828852653503,ATCM32_wp017_e,2009,0,0.96785074
Measure 432,Measure,2009,2,ATCM30_wp006_e,2007,2,0.8453394174575806,ATCM30_wp006_e,2007,2,0.9142352
Measure 432,Measure,2009,3,ATCM18_wp011_e,1994,15,0.8176972270011902,ATCM34_wp046_e,2011,-2,0.90627223
Measure 432,Measure,2009,4,ATCM31_wp043_e,2008,1,0.8078130483627319,ATCM31_wp043_e,2008,1,0.90302944
Measure 432,Measure,2009,5,ATCM16_wp002_e,1991,18,0.7967023849487305,ATCM8_wp018_e,1975,34,0.89574176
Measure 432,Measure,2009,6,ATCM8_wp018_e,1975,34,0.7933052778244019,ATCM18_wp011_e,1994,15,0.8777285
Measure 432,Measure,2009,7,ATCM26_wp023_e,2003,6,0.7862920165061951,ATCM18_wp018_e,1994,15,0.8643563
Measure 432,Measure,2009,8,ATCM17_wp002_e,1992,17,0.7846364974975586,ATCM26_wp023_e,2003,6,0.86041605
Measure 432,Measure,2009,9,ATCM18_wp018_e,1994,15,0.7837682962417603,ATCM17_wp002_e,1992,17,0.8585289
Measure 432,Measure,2009,10,ATCM34_wp046_e,2011,-2,0.7827662229537964,ATCM16_wp002_e,1991,18,0.8527394
Resolution 330,Resolution,2004,1,ATCM27_wp012_e,2004,0,0.907993733882904,ATCM28_wp029_e,2005,-1,0.9710852
Resolution 330,Resolution,2004,2,ATCM12_wp013_e,1983,21,0.8584504127502441,ATCM27_wp012_e,2004,0,0.96973956
Resolution 330,Resolution,2004,3,ATCM33_wp041_e,2010,-6,0.853896975517273,ATCM33_wp041_e,2010,-6,0.941245
Resolution 330,Resolution,2004,4,ATCM23_wp033_e,1999,5,0.8505074381828308,ATCM23_wp033_e,1999,5,0.938373
Resolution 330,Resolution,2004,5,ATCM17_wp013_e,1992,12,0.8482238054275513,ATCM36_wp066_e,2013,-9,0.9378058
Resolution 330,Resolution,2004,6,ATCM11_wp030_e,1981,23,0.8400266766548157,ATCM17_wp013_e,1992,12,0.9269279
Resolution 330,Resolution,2004,7,ATCM16_wp032_e,1991,13,0.8393797278404236,ATCM7_wp035_e,1972,32,0.9255267
Resolution 330,Resolution,2004,8,ATCM7_wp035_e,1972,32,0.8243587017059326,ATCM16_wp032_e,1991,13,0.92368877
Resolution 330,Resolution,2004,9,ATCM28_wp029_e,2005,-1,0.8239463567733765,ATCM11_wp030_e,1981,23,0.92010313
Resolution 330,Resolution,2004,10,ATCM36_wp066_e,2013,-9,0.8175464272499084,ATCM12_wp013_e,1983,21,0.90320027
Recommendation 26,Recommendation,1962,1,ATCM2_wp011_e,1962,0,0.8420104384422302,ATCM2_wp011_e,1962,0,0.9427391
Recommendation 26,Recommendation,1962,2,ATCM2_wp025_e,1962,0,0.7458717226982117,ATCM2_wp025_e,1962,0,0.91251606
Recommendation 26,Recommendation,1962,3,ATCM1_wp029_e,1961,1,0.7364414930343628,ATCM1_wp023_e,1961,1,0.8982678
Recommendation 26,Recommendation,1962,4,ATCM1_wp023_e,1961,1,0.688599705696106,ATCM16_wp005_e,1991,-29,0.8936255
Recommendation 26,Recommendation,1962,5,ATCM11_wp038_e,1981,-19,0.67966628074646,ATCM1_wp029_e,1961,1,0.8848775
Recommendation 26,Recommendation,1962,6,ATCM16_wp005_e,1991,-29,0.665955662727356,ATCM1_wp027_e,1961,1,0.8741202
Recommendation 26,Recommendation,1962,7,ATCM28_wp056_e,2005,-43,0.6629710793495178,ATCM27_wp048_rev1_e,2004,-42,0.8699799
Recommendation 26,Recommendation,1962,8,ATCM1_wp027_e,1961,1,0.6615524291992188,ATCM4_wp032_e,1966,-4,0.85947514
Recommendation 26,Recommendation,1962,9,ATCM27_wp048_rev1_e,2004,-42,0.6590980291366577,ATCM11_wp038_e,1981,-19,0.8358054
Recommendation 26,Recommendation,1962,10,ATCM4_wp032_e,1966,-4,0.6569098830223083,ATCM28_wp056_e,2005,-43,0.7589396
Decision 381,Decision,2007,1,ATCM27_wp030_rev1_e,2004,3,0.8628522157669067,ATCM26_wp005_e,2003,4,0.9532054
Decision 381,Decision,2007,2,ATCM26_wp011_e,2003,4,0.8181884288787842,ATCM27_wp029_e,2004,3,0.94572115
Decision 381,Decision,2007,3,ATCM26_wp005_e,2003,4,0.7663489580154419,ATCM26_wp011_e,2003,4,0.9439912
Decision 381,Decision,2007,4,ATCM27_wp029_e,2004,3,0.7524424195289612,ATCM30_wp044_e,2007,0,0.93859845
Decision 381,Decision,2007,5,ATCM25_wp049_e,2002,5,0.7394142150878906,ATCM27_wp030_rev1_e,2004,3,0.93054664
Decision 381,Decision,2007,6,ATCM30_wp044_e,2007,0,0.7383550405502319,ATCM25_wp046_e,2002,5,0.93023044
Decision 381,Decision,2007,7,ATCM25_wp046_e,2002,5,0.7354516386985779,ATCM25_wp049_e,2002,5,0.92156255
Decision 381,Decision,2007,8,ATCM18_wp008_e,1994,13,0.7201365232467651,ATCM24_wp037_e,2001,6,0.9172582
Decision 381,Decision,2007,9,ATCM24_wp037_e,2001,6,0.702313244342804,ATCM18_wp008_e,1994,13,0.87877274
Decision 381,Decision,2007,10,ATCM25_wp044_e,2002,5,0.6975101232528687,ATCM25_wp044_e,2002,5,0.8627453
Decision 436,Decision,2009,1,ATCM34_wp025_e,2011,-2,0.8560711145401001,ATCM34_wp036_e,2011,-2,0.9649345
Decision 436,Decision,2009,2,ATCM25_wp045_e,2002,7,0.838904619216919,ATCM34_wp025_e,2011,-2,0.95769125
Decision 436,Decision,2009,3,ATCM21_wp024_e,1997,12,0.8351670503616333,ATCM25_wp045_e,2002,7,0.9380332
Decision 436,Decision,2009,4,ATCM24_wp004_e,2001,8,0.8208590745925903,ATCM32_wp007_e,2009,0,0.8956505
Decision 436,Decision,2009,5,ATCM32_wp007_e,2009,0,0.7944556474685669,ATCM1_wp023_e,1961,48,0.8952849
Decision 436,Decision,2009,6,ATCM34_wp036_e,2011,-2,0.7890630960464478,ATCM21_wp024_e,1997,12,0.8907132
Decision 436,Decision,2009,7,ATCM20_wp020_e,1996,13,0.786911129951477,ATCM24_wp004_e,2001,8,0.87877274
Decision 436,Decision,2009,8,ATCM21_wp001_e,1997,12,0.7673578262329102,ATCM20_wp020_e,1996,13,0.8575773
Decision 436,Decision,2009,9,ATCM1_wp023_e,1961,48,0.7590128183364868,ATCM39_wp050_e,2016,-7,0.84004915
Decision 436,Decision,2009,10,ATCM39_wp050_e,2016,-7,0.7579799890518188,ATCM21_wp001_e,1997,12,0.8208144
Measure 427,Measure,2009,1,ATCM38_wp003_e,2015,-6,0.877213180065155,ATCM38_wp003_e,2015,-6,0.9749741
Measure 427,Measure,2009,2,ATCM44_wp006_e,2022,-13,0.831043004989624,ATCM32_wp020_e,2009,0,0.9605984
Measure 427,Measure,2009,3,ATCM32_wp020_e,2009,0,0.8158890008926392,ATCM46_wp055_e,2024,-15,0.9564067
Measure 427,Measure,2009,4,ATCM35_wp044_e,2012,-3,0.8009932637214661,ATCM44_wp006_e,2022,-13,0.9542397
Measure 427,Measure,2009,5,ATCM37_wp054_e,2014,-5,0.7992836236953735,ATCM38_wp026_e,2015,-6,0.9041778
Measure 427,Measure,2009,6,ATCM46_wp055_e,2024,-15,0.7990486025810242,ATCM37_wp054_e,2014,-5,0.89109284
Measure 427,Measure,2009,7,ATCM35_wp060_e,2012,-3,0.7955207824707031,ATCM35_wp044_e,2012,-3,0.8889902
Measure 427,Measure,2009,8,ATCM46_wp023_e,2024,-15,0.7951887845993042,ATCM46_wp023_e,2024,-15,0.87129974
Measure 427,Measure,2009,9,ATCM35_wp058_e,2012,-3,0.7932683229446411,ATCM35_wp058_e,2012,-3,0.85709965
Measure 427,Measure,2009,10,ATCM38_wp026_e,2015,-6,0.792320728302002,ATCM35_wp060_e,2012,-3,0.8537177
Recommendation 41,Recommendation,1966,1,ATCM4_wp048_rev1_e,1966,0,0.9029022455215454,ATCM4_wp048_rev1_e,1966,0,0.9505213
Recommendation 41,Recommendation,1966,2,ATCM4_wp048_e,1966,0,0.8540602922439575,ATCM4_wp048_e,1966,0,0.9495946
Recommendation 41,Recommendation,1966,3,ATCM38_wp009_e,2015,-49,0.8057629466056824,ATCM4_wp028_e,1966,0,0.9304836
Recommendation 41,Recommendation,1966,4,ATCM4_wp028_e,1966,0,0.8027881383895874,ATCM17_wp022_e,1992,-26,0.9279792
Recommendation 41,Recommendation,1966,5,ATCM43_wp028_e,2021,-55,0.7680871486663818,ATCM38_wp009_e,2015,-49,0.91872853
Recommendation 41,Recommendation,1966,6,ATCM4_wp047_rev1_e,1966,0,0.7305748462677002,ATCM43_wp028_e,2021,-55,0.9151022
Recommendation 41,Recommendation,1966,7,ATCM4_wp047_e,1966,0,0.7184025049209595,ATCM4_wp047_e,1966,0,0.8842793
Recommendation 41,Recommendation,1966,8,ATCM17_wp022_e,1992,-26,0.7120516300201416,ATCM4_wp038_e,1966,0,0.87877274
Recommendation 41,Recommendation,1966,9,ATCM28_wp037_rev1_e,2005,-39,0.7051896452903748,ATCM4_wp047_rev1_e,1966,0,0.8781472
Recommendation 41,Recommendation,1966,10,ATCM4_wp038_e,1966,0,0.7038726806640625,ATCM28_wp037_rev1_e,2005,-39,0.73685527
Measure 425,Measure,2009,1,ATCM32_wp042_e,2009,0,0.8862835168838501,ATCM46_wp039_e,2024,-15,0.97258186
Measure 425,Measure,2009,2,ATCM42_wp040_e,2019,-10,0.8527845144271851,ATCM42_wp040_e,2019,-10,0.96833336
Measure 425,Measure,2009,3,ATCM37_wp011_e,2014,-5,0.8379361629486084,ATCM27_wp024_rev1_e,2004,5,0.9650665
Measure 425,Measure,2009,4,ATCM46_wp039_e,2024,-15,0.8258882761001587,ATCM37_wp011_e,2014,-5,0.96331346
Measure 425,Measure,2009,5,ATCM36_wp059_e,2013,-4,0.798628568649292,ATCM32_wp042_e,2009,0,0.96289706
Measure 425,Measure,2009,6,ATCM27_wp024_rev1_e,2004,5,0.7954438924789429,ATCM47_wp011_e,2025,-16,0.917017
Measure 425,Measure,2009,7,ATCM35_wp044_e,2012,-3,0.79271399974823,ATCM36_wp059_e,2013,-4,0.89737195
Measure 425,Measure,2009,8,ATCM35_wp060_e,2012,-3,0.79050612449646,ATCM35_wp044_e,2012,-3,0.895924
Measure 425,Measure,2009,9,ATCM46_wp023_e,2024,-15,0.7862376570701599,ATCM46_wp023_e,2024,-15,0.8854731
Measure 425,Measure,2009,10,ATCM47_wp011_e,2025,-16,0.7855669260025024,ATCM35_wp060_e,2012,-3,0.8697588
Recommendation 3,Recommendation,1961,1,ATCM1_wp002_rev1_e,1961,0,0.8100109100341797,ATCM1_wp002_rev1_e,1961,0,0.9853618
Recommendation 3,Recommendation,1961,2,ATCM1_wp003_e,1961,0,0.6872153282165527,ATCM1_wp004_e,1961,0,0.9255267
Recommendation 3,Recommendation,1961,3,ATCM1_wp004_e,1961,0,0.6728223562240601,ATCM2_wp009_e,1962,-1,0.9254594
Recommendation 3,Recommendation,1961,4,ATCM2_wp007_e,1962,-1,0.663558840751648,ATCM1_wp007_e,1961,0,0.9107461
Recommendation 3,Recommendation,1961,5,ATCM11_wp038_e,1981,-20,0.6589556932449341,ATCM1_wp003_e,1961,0,0.9037539
Recommendation 3,Recommendation,1961,6,ATCM2_wp009_e,1962,-1,0.6513431072235107,ATCM1_wp005_e,1961,0,0.8976414
Recommendation 3,Recommendation,1961,7,ATCM16_wp050_e,1991,-30,0.650974690914154,ATCM1_wp019_e,1961,0,0.8915658
Recommendation 3,Recommendation,1961,8,ATCM1_wp005_e,1961,0,0.6469553709030151,ATCM2_wp007_e,1962,-1,0.8907132
Recommendation 3,Recommendation,1961,9,ATCM1_wp019_e,1961,0,0.644433856010437,ATCM16_wp050_e,1991,-30,0.8643563
Recommendation 3,Recommendation,1961,10,ATCM1_wp007_e,1961,0,0.643804132938385,ATCM11_wp038_e,1981,-20,0.8208144
Recommendation 11,Recommendation,1961,1,ATCM1_wp008_e,1961,0,0.8146560192108154,ATCM1_wp008_e,1961,0,0.9721621
Recommendation 11,Recommendation,1961,2,ATCM12_wp004_rev1_e,1983,-22,0.7105134129524231,ATCM14_wp004_e,1987,-26,0.96785074
Recommendation 11,Recommendation,1961,3,ATCM14_wp004_e,1987,-26,0.6956794261932373,ATCM10_wp013_e,1979,-18,0.961331
Recommendation 11,Recommendation,1961,4,ATCM10_wp013_e,1979,-18,0.6827863454818726,ATCM10_wp024_e,1979,-18,0.95816356
Recommendation 11,Recommendation,1961,5,ATCM31_wp033_e,2008,-47,0.674334704875946,ATCM9_wp028_e,1977,-16,0.9550851
Recommendation 11,Recommendation,1961,6,ATCM10_wp024_rev1_e,1979,-18,0.6714200973510742,ATCM10_wp024_rev1_e,1979,-18,0.951612
Recommendation 11,Recommendation,1961,7,ATCM9_wp028_e,1977,-16,0.6711743474006653,ATCM12_wp004_rev1_e,1983,-22,0.92991287
Recommendation 11,Recommendation,1961,8,ATCM3_wp024_e,1964,-3,0.6634753942489624,ATCM31_wp033_e,2008,-47,0.90812206
Recommendation 11,Recommendation,1961,9,ATCM10_wp024_e,1979,-18,0.6618095636367798,ATCM3_wp024_e,1964,-3,0.8852749
Recommendation 11,Recommendation,1961,10,ATCM36_wp065_e,2013,-52,0.6591815948486328,ATCM36_wp065_e,2013,-52,0.76320153
Measure 287,Measure,2002,1,ATCM25_wp021_e,2002,0,0.8419463634490967,ATCM38_wp001_e,2015,-13,0.9785164
Measure 287,Measure,2002,2,ATCM38_wp026_e,2015,-13,0.8359800577163696,ATCM32_wp022_e,2009,-7,0.97258186
Measure 287,Measure,2002,3,ATCM24_wp019_e,2001,1,0.8312340974807739,ATCM37_wp026_e,2014,-12,0.9713038
Measure 287,Measure,2002,4,ATCM28_wp042_e,2005,-3,0.8301257491111755,ATCM24_wp019_e,2001,1,0.9713038
Measure 287,Measure,2002,5,ATCM38_wp001_e,2015,-13,0.8281255960464478,ATCM25_wp021_e,2002,0,0.968809
Measure 287,Measure,2002,6,ATCM24_wp033_e,2001,1,0.82722008228302,ATCM28_wp042_e,2005,-3,0.9440945
Measure 287,Measure,2002,7,ATCM39_wp026_e,2016,-14,0.8184545040130615,ATCM38_wp026_e,2015,-13,0.9389352
Measure 287,Measure,2002,8,ATCM33_wp038_e,2010,-8,0.8144180774688721,ATCM33_wp038_e,2010,-8,0.9371187
Measure 287,Measure,2002,9,ATCM37_wp026_e,2014,-12,0.8122147917747498,ATCM24_wp033_e,2001,1,0.9077548
Measure 287,Measure,2002,10,ATCM32_wp022_e,2009,-7,0.8112035393714905,ATCM39_wp026_e,2016,-14,0.90750915
Recommendation 33,Recommendation,1964,1,ATCM3_wp039_e,1964,0,0.7036600112915039,ATCM3_wp012_e,1964,0,0.9642677
Recommendation 33,Recommendation,1964,2,ATCM3_wp039_rev1_e,1964,0,0.7028098106384277,ATCM3_wp028_e,1964,0,0.9635886
Recommendation 33,Recommendation,1964,3,ATCM3_wp012_e,1964,0,0.6626917123794556,ATCM4_wp031_rev2_e,1966,-2,0.95541906
Recommendation 33,Recommendation,1964,4,ATCM4_wp031_e,1966,-2,0.6490029096603394,ATCM4_wp023_e,1966,-2,0.9545797
Recommendation 33,Recommendation,1964,5,ATCM4_wp004_e,1966,-2,0.647707998752594,ATCM4_wp031_e,1966,-2,0.9542397
Recommendation 33,Recommendation,1964,6,ATCM3_wp028_e,1964,0,0.6461740732192993,ATCM4_wp004_e,1966,-2,0.9537254
Recommendation 33,Recommendation,1964,7,ATCM4_wp002_e,1966,-2,0.6331780552864075,ATCM3_wp039_e,1964,0,0.95355266
Recommendation 33,Recommendation,1964,8,ATCM4_wp031_rev2_e,1966,-2,0.6320797204971313,ATCM4_wp002_e,1966,-2,0.93938166
Recommendation 33,Recommendation,1964,9,ATCM4_wp023_e,1966,-2,0.6291528940200806,ATCM3_wp039_rev1_e,1964,0,0.9361917
Recommendation 33,Recommendation,1964,10,ATCM27_wp048_rev1_e,2004,-40,0.6279654502868652,ATCM27_wp048_rev1_e,2004,-40,0.83419085
Recommendation 209,Recommendation,1991,1,ATCM16_wp030_rev1_e,1991,0,0.9557845592498779,ATCM16_wp030_e,1991,0,0.9704198
Recommendation 209,Recommendation,1991,2,ATCM16_wp030_e,1991,0,0.9536541104316711,ATCM16_wp030_rev1_e,1991,0,0.96809286
Recommendation 209,Recommendation,1991,3,ATCM16_wp055_e,1991,0,0.8105298280715942,ATCM16_wp055_e,1991,0,0.9538974
Recommendation 209,Recommendation,1991,4,ATCM2_wp012_e,1962,29,0.7402864098548889,ATCM15_wp029_e,1989,2,0.885671
Recommendation 209,Recommendation,1991,5,ATCM15_wp029_e,1989,2,0.7375408411026001,ATCM15_wp051_rev1_e,1989,2,0.8745494
Recommendation 209,Recommendation,1991,6,ATCM2_wp002_e,1962,29,0.737491250038147,ATCM2_wp002_e,1962,29,0.8708611
Recommendation 209,Recommendation,1991,7,ATCM2_wp014_e,1962,29,0.7373964190483093,ATCM2_wp014_e,1962,29,0.8585289
Recommendation 209,Recommendation,1991,8,ATCM15_wp051_rev1_e,1989,2,0.722655177116394,ATCM1_wp004_e,1961,30,0.8457387
Recommendation 209,Recommendation,1991,9,ATCM47_wp013_e,2025,-34,0.7196742296218872,ATCM47_wp013_e,2025,-34,0.8358054
Recommendation 209,Recommendation,1991,10,ATCM1_wp004_e,1961,30,0.7188456058502197,ATCM2_wp012_e,1962,29,0.82927084
Decision 438,Decision,2009,1,ATCM27_wp047_rev1_e,2004,5,0.8251386880874634,ATCM31_wp063_e,2008,1,0.9587854
Decision 438,Decision,2009,2,ATCM39_wp042_e,2016,-7,0.8145639896392822,ATCM31_wp063_rev1_e,2008,1,0.9586308
Decision 438,Decision,2009,3,ATCM31_wp063_rev1_e,2008,1,0.8073482513427734,ATCM39_wp042_e,2016,-7,0.9530308
Decision 438,Decision,2009,4,ATCM31_wp063_e,2008,1,0.805862545967102,ATCM27_wp047_rev1_e,2004,5,0.94572115
Decision 438,Decision,2009,5,ATCM46_wp017_e,2024,-15,0.781497597694397,ATCM46_wp017_e,2024,-15,0.9438879
Decision 438,Decision,2009,6,ATCM25_wp042_e,2002,7,0.7237181663513184,ATCM25_wp042_e,2002,7,0.93393874
Decision 438,Decision,2009,7,ATCM26_wp041_e,2003,6,0.7180447578430176,ATCM26_wp041_e,2003,6,0.89184874
Decision 438,Decision,2009,8,ATCM18_wp008_e,1994,15,0.6839162111282349,ATCM24_wp037_e,2001,8,0.87980926
Decision 438,Decision,2009,9,ATCM24_wp037_e,2001,8,0.6695451140403748,ATCM18_wp008_e,1994,15,0.8527394
Decision 438,Decision,2009,10,ATCM25_wp044_e,2002,7,0.6679571270942688,ATCM25_wp044_e,2002,7,0.8442036
Recommendation 62,Recommendation,1966,1,ATCM4_wp031_rev2_e,1966,0,0.9368002414703369,ATCM4_wp031_rev2_e,1966,0,0.9645359
Recommendation 62,Recommendation,1966,2,ATCM4_wp031_e,1966,0,0.9245012402534485,ATCM4_wp031_e,1966,0,0.95769125
Recommendation 62,Recommendation,1966,3,ATCM4_wp023_e,1966,0,0.8930809497833252,ATCM4_wp023_e,1966,0,0.95575064
Recommendation 62,Recommendation,1966,4,ATCM4_wp001_e,1966,0,0.8817847371101379,ATCM4_wp020_e,1966,0,0.9528557
Recommendation 62,Recommendation,1966,5,ATCM4_wp002_e,1966,0,0.8732569217681885,ATCM4_wp001_e,1966,0,0.9503373
Recommendation 62,Recommendation,1966,6,ATCM4_wp004_e,1966,0,0.8680527210235596,ATCM4_wp004_e,1966,0,0.9492193
Recommendation 62,Recommendation,1966,7,ATCM3_wp028_e,1964,2,0.8468295335769653,ATCM4_wp002_e,1966,0,0.9484609
Recommendation 62,Recommendation,1966,8,ATCM3_wp012_e,1964,2,0.8447668552398682,ATCM3_wp028_e,1964,2,0.941245
Recommendation 62,Recommendation,1966,9,ATCM4_wp020_e,1966,0,0.836640477180481,ATCM3_wp012_e,1964,2,0.93971455
Recommendation 62,Recommendation,1966,10,ATCM5_wp028_e,1968,-2,0.8341813683509827,ATCM5_wp028_e,1968,-2,0.92375755
nan 388,Untyped,1998,1,ATCM31_wp057_e,2008,-10,0.7152230739593506,ATCM30_wp010_e,2007,-9,0.93381816
nan 388,Untyped,1998,2,ATCM30_wp010_e,2007,-9,0.6948171854019165,ATCM27_wp032_e,2004,-6,0.9213152
nan 388,Untyped,1998,3,ATCM25_wp011_e,2002,-4,0.6671286821365356,ATCM45_wp062_e,2023,-25,0.9203541
nan 388,Untyped,1998,4,ATCM27_wp032_e,2004,-6,0.6620700359344482,ATCM31_wp057_e,2008,-10,0.9194909
nan 388,Untyped,1998,5,ATCM45_wp021_rev1_e,2023,-25,0.6605219841003418,ATCM30_wp015_e,2007,-9,0.91435957
nan 388,Untyped,1998,6,ATCM30_wp015_e,2007,-9,0.6566243171691895,ATCM45_wp021_rev1_e,2023,-25,0.91368324
nan 388,Untyped,1998,7,ATCM27_wp037_e,2004,-6,0.6499913930892944,ATCM38_wp043_e,2015,-17,0.8643563
nan 388,Untyped,1998,8,ATCM28_wp046_e,2005,-7,0.6452749967575073,ATCM25_wp011_e,2002,-4,0.80782473
nan 388,Untyped,1998,9,ATCM45_wp062_e,2023,-25,0.6424774527549744,ATCM28_wp046_e,2005,-7,0.72921133
nan 388,Untyped,1998,10,ATCM38_wp043_e,2015,-17,0.6400977373123169,ATCM27_wp037_e,2004,-6,0.69562757
Recommendation 168,Recommendation,1987,1,ATCM14_wp015_e,1987,0,0.8777068853378296,ATCM14_wp001_e,1987,0,0.923895
Recommendation 168,Recommendation,1987,2,ATCM14_wp004_e,1987,0,0.8573542833328247,ATCM14_wp004_e,1987,0,0.91077584
Recommendation 168,Recommendation,1987,3,ATCM14_wp001_e,1987,0,0.8423035740852356,ATCM14_wp015_e,1987,0,0.909337
Recommendation 168,Recommendation,1987,4,ATCM14_wp005_e,1987,0,0.8057883977890015,ATCM14_wp005_e,1987,0,0.8954678
Recommendation 168,Recommendation,1987,5,ATCM42_wp060_e,2019,-32,0.7911733388900757,ATCM15_wp052_rev3_e,1989,-2,0.8940887
Recommendation 168,Recommendation,1987,6,ATCM15_wp052_rev3_e,1989,-2,0.7856783866882324,ATCM3_wp020_rev1_e,1964,23,0.86953735
Recommendation 168,Recommendation,1987,7,ATCM3_wp020_rev1_e,1964,23,0.7779637575149536,ATCM3_wp006_e,1964,23,0.8693157
Recommendation 168,Recommendation,1987,8,ATCM3_wp006_e,1964,23,0.7775501012802124,ATCM42_wp023_e,2019,-32,0.8652696
Recommendation 168,Recommendation,1987,9,ATCM35_wp051_e,2012,-25,0.7753187417984009,ATCM42_wp060_e,2019,-32,0.8622821
Recommendation 168,Recommendation,1987,10,ATCM42_wp023_e,2019,-32,0.7730494737625122,ATCM35_wp051_e,2012,-25,0.8179237
Recommendation 129,Recommendation,1979,1,ATCM10_wp040_rev3_e,1979,0,0.9685752391815186,ATCM10_wp040_rev3_e,1979,0,0.93148744
Recommendation 129,Recommendation,1979,2,ATCM10_wp040_rev2_e,1979,0,0.9680823683738708,ATCM10_wp020_e,1979,0,0.92991287
Recommendation 129,Recommendation,1979,3,ATCM10_wp040_rev1_e,1979,0,0.9619161486625671,ATCM10_wp040_rev2_e,1979,0,0.9296579
Recommendation 129,Recommendation,1979,4,ATCM10_wp040_e,1979,0,0.9517884254455566,ATCM10_wp040_e,1979,0,0.92725796
Recommendation 129,Recommendation,1979,5,ATCM9_wp046_rev1_e,1977,2,0.87875896692276,ATCM10_wp040_rev1_e,1979,0,0.92599654
Recommendation 129,Recommendation,1979,6,ATCM9_wp046_e,1977,2,0.8198214769363403,ATCM9_wp046_rev1_e,1977,2,0.91825324
Recommendation 129,Recommendation,1979,7,ATCM10_wp043_rev1_e,1979,0,0.7997708320617676,ATCM10_wp023_e,1979,0,0.90598154
Recommendation 129,Recommendation,1979,8,ATCM10_wp043_e,1979,0,0.7977415919303894,ATCM10_wp043_e,1979,0,0.9047684
Recommendation 129,Recommendation,1979,9,ATCM10_wp020_e,1979,0,0.7916117906570435,ATCM10_wp043_rev1_e,1979,0,0.90388125
Recommendation 129,Recommendation,1979,10,ATCM10_wp023_e,1979,0,0.7890521287918091,ATCM9_wp046_e,1977,2,0.8971018
Measure 423,Measure,2009,1,ATCM31_wp047_e,2008,1,0.872012197971344,ATCM37_wp054_e,2014,-5,0.9749741
Measure 423,Measure,2009,2,ATCM37_wp054_e,2014,-5,0.8530831336975098,ATCM31_wp047_e,2008,1,0.9738046
Measure 423,Measure,2009,3,ATCM35_wp044_e,2012,-3,0.8201568722724915,ATCM24_wp033_e,2001,8,0.910438
Measure 423,Measure,2009,4,ATCM35_wp058_e,2012,-3,0.8109499216079712,ATCM35_wp054_e,2012,-3,0.9070985
Measure 423,Measure,2009,5,ATCM44_wp044_e,2022,-13,0.8104055523872375,ATCM38_wp026_e,2015,-6,0.9058983
Measure 423,Measure,2009,6,ATCM24_wp033_e,2001,8,0.8063366413116455,ATCM35_wp044_e,2012,-3,0.9004773
Measure 423,Measure,2009,7,ATCM35_wp054_e,2012,-3,0.7983545064926147,ATCM35_wp003_e,2012,-3,0.89835703
Measure 423,Measure,2009,8,ATCM35_wp003_e,2012,-3,0.7981109619140625,ATCM44_wp044_e,2022,-13,0.89808923
Measure 423,Measure,2009,9,ATCM35_wp060_e,2012,-3,0.7973539233207703,ATCM35_wp060_e,2012,-3,0.86181754
Measure 423,Measure,2009,10,ATCM38_wp026_e,2015,-6,0.7936415672302246,ATCM35_wp058_e,2012,-3,0.85614
Recommendation 123,Recommendation,1979,1,ATCM10_wp048_rev2_e,1979,0,0.9740198254585266,ATCM10_wp048_rev1_e,1979,0,0.9559155
Recommendation 123,Recommendation,1979,2,ATCM10_wp048_e,1979,0,0.9737800359725952,ATCM10_wp048_rev2_e,1979,0,0.9559155
Recommendation 123,Recommendation,1979,3,ATCM10_wp048_rev1_e,1979,0,0.973196268081665,ATCM10_wp048_e,1979,0,0.95491725
Recommendation 123,Recommendation,1979,4,ATCM9_wp080_e,1977,2,0.9382057189941406,ATCM10_wp047_e,1979,0,0.9533793
Recommendation 123,Recommendation,1979,5,ATCM11_wp037_e,1981,-2,0.929368257522583,ATCM10_wp030_rev2_e,1979,0,0.9484609
Recommendation 123,Recommendation,1979,6,ATCM10_wp030_rev1_e,1979,0,0.9248577356338501,ATCM10_wp030_rev1_e,1979,0,0.94511634
Recommendation 123,Recommendation,1979,7,ATCM10_wp030_rev2_e,1979,0,0.9246882200241089,ATCM11_wp037_e,1981,-2,0.9423159
Recommendation 123,Recommendation,1979,8,ATCM9_wp057_e,1977,2,0.9209650754928589,ATCM9_wp057_e,1977,2,0.9376918
Recommendation 123,Recommendation,1979,9,ATCM10_wp030_e,1979,0,0.9174251556396484,ATCM10_wp030_e,1979,0,0.93746316
Recommendation 123,Recommendation,1979,10,ATCM10_wp047_e,1979,0,0.9167332649230957,ATCM9_wp080_e,1977,2,0.93489623
Recommendation 38,Recommendation,1964,1,ATCM3_wp004_rev3_e,1964,0,0.9285619258880615,ATCM3_wp004_rev2_e,1964,0,0.9822605
Recommendation 38,Recommendation,1964,2,ATCM3_wp004_rev2_e,1964,0,0.9239526987075806,ATCM3_wp004_rev3_e,1964,0,0.98184747
Recommendation 38,Recommendation,1964,3,ATCM3_wp004_rev1_e,1964,0,0.903154730796814,ATCM3_wp004_rev1_e,1964,0,0.97868
Recommendation 38,Recommendation,1964,4,ATCM4_wp058_e,1966,-2,0.798068642616272,ATCM4_wp057_rev2_e,1966,-2,0.9755397
Recommendation 38,Recommendation,1964,5,ATCM5_wp042_rev1_e,1968,-4,0.7977234125137329,ATCM4_wp057_rev1_e,1966,-2,0.97459
Recommendation 38,Recommendation,1964,6,ATCM4_wp057_rev1_e,1966,-2,0.7971303462982178,ATCM4_wp058_e,1966,-2,0.97319996
Recommendation 38,Recommendation,1964,7,ATCM4_wp057_rev2_e,1966,-2,0.7957227826118469,ATCM5_wp042_rev1_e,1968,-4,0.9642677
Recommendation 38,Recommendation,1964,8,ATCM5_wp022_e,1968,-4,0.790534496307373,ATCM5_wp042_rev3_e,1968,-4,0.9619076
Recommendation 38,Recommendation,1964,9,ATCM5_wp040_e,1968,-4,0.7901431322097778,ATCM5_wp022_e,1968,-4,0.9587854
Recommendation 38,Recommendation,1964,10,ATCM5_wp042_rev3_e,1968,-4,0.787886381149292,ATCM5_wp040_e,1968,-4,0.9572139
Recommendation 64,Recommendation,1966,1,ATCM4_wp062_rev3_e,1966,0,0.9119608402252197,ATCM4_wp062_rev3_e,1966,0,0.9658481
Recommendation 64,Recommendation,1966,2,ATCM4_wp062_rev2_e,1966,0,0.9081071615219116,ATCM4_wp062_rev1_e,1966,0,0.9641328
Recommendation 64,Recommendation,1966,3,ATCM4_wp062_e,1966,0,0.8971775770187378,ATCM4_wp062_rev2_e,1966,0,0.9635886
Recommendation 64,Recommendation,1966,4,ATCM4_wp062_rev1_e,1966,0,0.8955771923065186,ATCM4_wp062_e,1966,0,0.9587854
Recommendation 64,Recommendation,1966,5,ATCM5_wp043_rev1_e,1968,-2,0.8249481916427612,ATCM5_wp043_e,1968,-2,0.93381816
Recommendation 64,Recommendation,1966,6,ATCM5_wp043_e,1968,-2,0.8147343993186951,ATCM5_wp043_rev1_e,1968,-2,0.92862916
Recommendation 64,Recommendation,1966,7,ATCM6_wp010_rev1_e,1970,-4,0.8144050240516663,ATCM6_wp010_rev2_e,1970,-4,0.9208893
Recommendation 64,Recommendation,1966,8,ATCM9_wp079_rev1_e,1977,-11,0.8115124106407166,ATCM6_wp010_rev1_e,1970,-4,0.915726
Recommendation 64,Recommendation,1966,9,ATCM9_wp012_e,1977,-11,0.8103327751159668,ATCM9_wp079_rev1_e,1977,-11,0.8978208
Recommendation 64,Recommendation,1966,10,ATCM6_wp010_rev2_e,1970,-4,0.80836021900177,ATCM9_wp012_e,1977,-11,0.8848775
Recommendation 211,Recommendation,1992,1,ATCM15_wp021_e,1989,3,0.8983062505722046,ATCM15_wp021_e,1989,3,0.935252
Recommendation 211,Recommendation,1992,2,ATCM15_wp060_e,1989,3,0.8534311056137085,ATCM20_wp022_e,1996,-4,0.93054664
Recommendation 211,Recommendation,1992,3,ATCM32_wp041_e,2009,-17,0.8050111532211304,ATCM15_wp029_e,1989,3,0.9257955
Recommendation 211,Recommendation,1992,4,ATCM15_wp008_e,1989,3,0.8004204034805298,ATCM15_wp060_e,1989,3,0.9241692
Recommendation 211,Recommendation,1992,5,ATCM7_wp032_e,1972,20,0.785183846950531,ATCM32_wp041_e,2009,-17,0.9206043
Recommendation 211,Recommendation,1992,6,ATCM20_wp022_e,1996,-4,0.7838981747627258,ATCM28_wp023_e,2005,-13,0.91828996
Recommendation 211,Recommendation,1992,7,ATCM15_wp029_e,1989,3,0.7834722995758057,ATCM29_wp016_e,2006,-14,0.9015226
Recommendation 211,Recommendation,1992,8,ATCM29_wp016_e,2006,-14,0.7769056558609009,ATCM15_wp008_e,1989,3,0.8993338
Recommendation 211,Recommendation,1992,9,ATCM28_wp023_e,2005,-13,0.7766556143760681,ATCM23_wp030_e,1999,-7,0.8766766
Recommendation 211,Recommendation,1992,10,ATCM23_wp030_e,1999,-7,0.7748399972915649,ATCM7_wp032_e,1972,20,0.8196625
Recommendation 163,Recommendation,1987,1,ATCM8_wp038_e,1975,12,0.8361961841583252,ATCM8_wp028_e,1975,12,0.95575064
Recommendation 163,Recommendation,1987,2,ATCM8_wp028_e,1975,12,0.8312839269638062,ATCM8_wp038_e,1975,12,0.951612
Recommendation 163,Recommendation,1987,3,ATCM16_wp020_e,1991,-4,0.8211418390274048,ATCM39_wp003_e,2016,-29,0.9463195
Recommendation 163,Recommendation,1987,4,ATCM10_wp031_rev1_e,1979,8,0.8177770972251892,ATCM34_wp009_e,2011,-24,0.9447098
Recommendation 163,Recommendation,1987,5,ATCM10_wp031_e,1979,8,0.8011890649795532,ATCM10_wp031_rev1_e,1979,8,0.93357635
Recommendation 163,Recommendation,1987,6,ATCM7_wp046_e,1972,15,0.7890012264251709,ATCM10_wp031_e,1979,8,0.93148744
Recommendation 163,Recommendation,1987,7,ATCM39_wp003_e,2016,-29,0.7885016202926636,ATCM16_wp020_e,1991,-4,0.8919429
Recommendation 163,Recommendation,1987,8,ATCM8_wp036_e,1975,12,0.787765622138977,ATCM8_wp036_e,1975,12,0.86088455
Recommendation 163,Recommendation,1987,9,ATCM34_wp009_e,2011,-24,0.7869824171066284,ATCM20_wp026_e,1996,-9,0.8517556
Recommendation 163,Recommendation,1987,10,ATCM20_wp026_e,1996,-9,0.7832557559013367,ATCM7_wp046_e,1972,15,0.84004915
Recommendation 37,Recommendation,1964,1,ATCM3_wp003_rev2_e,1964,0,0.8437177538871765,ATCM3_wp003_rev2_e,1964,0,0.9706433
Recommendation 37,Recommendation,1964,2,ATCM4_wp060_rev1_e,1966,-2,0.7458025813102722,ATCM4_wp003_e,1966,-2,0.9463195
Recommendation 37,Recommendation,1964,3,ATCM7_wp029_rev2_e,1972,-8,0.7340007424354553,ATCM7_wp029_rev2_e,1972,-8,0.9365409
Recommendation 37,Recommendation,1964,4,ATCM4_wp060_e,1966,-2,0.7259343862533569,ATCM10_wp026_e,1979,-15,0.9319843
Recommendation 37,Recommendation,1964,5,ATCM4_wp003_e,1966,-2,0.7179100513458252,ATCM6_wp026_e,1970,-6,0.9311125
Recommendation 37,Recommendation,1964,6,ATCM7_wp029_rev1_e,1972,-8,0.7150620222091675,ATCM4_wp060_rev1_e,1966,-2,0.929466
Recommendation 37,Recommendation,1964,7,ATCM7_wp029_e,1972,-8,0.7110272645950317,ATCM4_wp060_e,1966,-2,0.9275866
Recommendation 37,Recommendation,1964,8,ATCM10_wp026_e,1979,-15,0.707420289516449,ATCM7_wp029_e,1972,-8,0.92313623
Recommendation 37,Recommendation,1964,9,ATCM6_wp026_e,1970,-6,0.6990636587142944,ATCM7_wp041_e,1972,-8,0.91880137
Recommendation 37,Recommendation,1964,10,ATCM7_wp041_e,1972,-8,0.6933982372283936,ATCM7_wp029_rev1_e,1972,-8,0.9186191
Measure 320,Measure,2004,1,ATCM27_wp036_rev1_e,2004,0,0.8381855487823486,ATCM26_wp017_rev1_e,2003,1,0.943264
Measure 320,Measure,2004,2,ATCM26_wp039_e,2003,1,0.8284741044044495,ATCM26_wp017_e,2003,1,0.9423159
Measure 320,Measure,2004,3,ATCM12_wp016_rev1_e,1983,21,0.7948451042175293,ATCM27_wp036_rev1_e,2004,0,0.93904716
Measure 320,Measure,2004,4,ATCM7_wp034_rev3_e,1972,32,0.7888938188552856,ATCM7_wp034_rev2_e,1972,32,0.9365409
Measure 320,Measure,2004,5,ATCM7_wp034_rev2_e,1972,32,0.7884089946746826,ATCM26_wp039_e,2003,1,0.9341793
Measure 320,Measure,2004,6,ATCM7_wp034_rev1_e,1972,32,0.787290096282959,ATCM7_wp034_rev3_e,1972,32,0.92933786
Measure 320,Measure,2004,7,ATCM26_wp017_rev1_e,2003,1,0.7786933779716492,ATCM7_wp034_rev1_e,1972,32,0.9290166
Measure 320,Measure,2004,8,ATCM26_wp017_e,2003,1,0.7772297859191895,ATCM6_wp009_rev1_e,1970,34,0.91206676
Measure 320,Measure,2004,9,ATCM5_wp031_rev1_e,1968,36,0.7700028419494629,ATCM12_wp016_rev1_e,1983,21,0.9089134
Measure 320,Measure,2004,10,ATCM6_wp009_rev1_e,1970,34,0.7631162405014038,ATCM5_wp031_rev1_e,1968,36,0.9044312
Measure 429,Measure,2009,1,ATCM47_wp009_e,2025,-16,0.8994950652122498,ATCM47_wp009_e,2025,-16,0.9769875
Measure 429,Measure,2009,2,ATCM37_wp030_e,2014,-5,0.8810263872146606,ATCM32_wp040_e,2009,0,0.9575327
Measure 429,Measure,2009,3,ATCM32_wp040_e,2009,0,0.8586623668670654,ATCM37_wp030_e,2014,-5,0.9575327
Measure 429,Measure,2009,4,ATCM27_wp014_e,2004,5,0.8159735202789307,ATCM27_wp014_e,2004,5,0.94865155
Measure 429,Measure,2009,5,ATCM27_wp014_rev1_e,2004,5,0.8142799735069275,ATCM27_wp014_rev1_e,2004,5,0.9446076
Measure 429,Measure,2009,6,ATCM38_wp026_e,2015,-6,0.8071632385253906,ATCM26_wp015_e,2003,6,0.9178492
Measure 429,Measure,2009,7,ATCM26_wp015_e,2003,6,0.8029748201370239,ATCM38_wp026_e,2015,-6,0.8895672
Measure 429,Measure,2009,8,ATCM33_wp035_e,2010,-1,0.7999275922775269,ATCM33_wp034_e,2010,-1,0.8762537
Measure 429,Measure,2009,9,ATCM46_wp023_e,2024,-15,0.7978067398071289,ATCM33_wp035_e,2010,-1,0.86953735
Measure 429,Measure,2009,10,ATCM33_wp034_e,2010,-1,0.795792818069458,ATCM46_wp023_e,2024,-15,0.85614
Recommendation 45,Recommendation,1966,1,ATCM4_wp054_rev1_e,1966,0,0.9059571027755737,ATCM4_wp054_rev1_e,1966,0,0.9455202
Recommendation 45,Recommendation,1966,2,ATCM4_wp054_e,1966,0,0.8715118765830994,ATCM4_wp054_e,1966,0,0.94284445
Recommendation 45,Recommendation,1966,3,ATCM31_wp013_e,2008,-42,0.7719951868057251,ATCM43_wp006_e,2021,-55,0.9346581
Recommendation 45,Recommendation,1966,4,ATCM43_wp006_e,2021,-55,0.7583168745040894,ATCM4_wp038_e,1966,0,0.9317363
Recommendation 45,Recommendation,1966,5,ATCM38_wp001_e,2015,-49,0.7576636075973511,ATCM31_wp013_e,2008,-42,0.9279139
Recommendation 45,Recommendation,1966,6,ATCM4_wp038_e,1966,0,0.729906439781189,ATCM24_wp019_e,2001,-35,0.91770184
Recommendation 45,Recommendation,1966,7,ATCM4_wp053_e,1966,0,0.7119978666305542,ATCM38_wp001_e,2015,-49,0.906975
Recommendation 45,Recommendation,1966,8,ATCM4_wp053_rev1_e,1966,0,0.7115603089332581,ATCM4_wp053_e,1966,0,0.8828729
Recommendation 45,Recommendation,1966,9,ATCM24_wp019_e,2001,-35,0.6987494230270386,ATCM33_wp042_e,2010,-44,0.87433493
Recommendation 45,Recommendation,1966,10,ATCM33_wp042_e,2010,-44,0.6977396011352539,ATCM4_wp053_rev1_e,1966,0,0.86640406
Recommendation 158,Recommendation,1985,1,ATCM12_wp011_e,1983,2,0.8480117321014404,ATCM13_wp034_e,1985,0,0.9723727
Recommendation 158,Recommendation,1985,2,ATCM12_wp021_e,1983,2,0.8357475996017456,ATCM12_wp011_e,1983,2,0.96785074
Recommendation 158,Recommendation,1985,3,ATCM28_wp055_e,2005,-20,0.8200184106826782,ATCM12_wp021_e,1983,2,0.9655894
Recommendation 158,Recommendation,1985,4,ATCM26_wp018_e,2003,-18,0.8158752918243408,ATCM27_wp048_rev1_e,2004,-19,0.9544101
Recommendation 158,Recommendation,1985,5,ATCM28_wp054_e,2005,-20,0.8150544166564941,ATCM21_wp001_e,1997,-12,0.94865155
Recommendation 158,Recommendation,1985,6,ATCM3_wp014_e,1964,21,0.8044607639312744,ATCM26_wp018_e,2003,-18,0.93148744
Recommendation 158,Recommendation,1985,7,ATCM13_wp034_e,1985,0,0.7981001138687134,ATCM3_wp025_rev2_e,1964,21,0.9304836
Recommendation 158,Recommendation,1985,8,ATCM21_wp001_e,1997,-12,0.7946774959564209,ATCM28_wp055_e,2005,-20,0.9203541
Recommendation 158,Recommendation,1985,9,ATCM27_wp048_rev1_e,2004,-19,0.7942938804626465,ATCM3_wp014_e,1964,21,0.9132212
Recommendation 158,Recommendation,1985,10,ATCM3_wp025_rev2_e,1964,21,0.7926428318023682,ATCM28_wp054_e,2005,-20,0.8965597
Recommendation 15,Recommendation,1961,1,ATCM1_wp029_e,1961,0,0.9457556009292603,ATCM1_wp029_e,1961,0,0.9663597
Recommendation 15,Recommendation,1961,2,ATCM1_wp023_e,1961,0,0.9019226431846619,ATCM1_wp027_e,1961,0,0.94903076
Recommendation 15,Recommendation,1961,3,ATCM1_wp027_e,1961,0,0.869399905204773,ATCM7_wp004_e,1972,-11,0.9387109
Recommendation 15,Recommendation,1961,4,ATCM7_wp038_e,1972,-11,0.8336983323097229,ATCM7_wp038_e,1972,-11,0.9364246
Recommendation 15,Recommendation,1961,5,ATCM7_wp004_e,1972,-11,0.8334559202194214,ATCM11_wp038_e,1981,-20,0.92278904
Recommendation 15,Recommendation,1961,6,ATCM2_wp011_e,1962,-1,0.8323296904563904,ATCM1_wp023_e,1961,0,0.90746814
Recommendation 15,Recommendation,1961,7,ATCM1_wp030_e,1961,0,0.8257706165313721,ATCM27_wp008_e,2004,-43,0.8854731
Recommendation 15,Recommendation,1961,8,ATCM27_wp008_e,2004,-43,0.8213736414909363,ATCM1_wp030_e,1961,0,0.8715186
Recommendation 15,Recommendation,1961,9,ATCM11_wp038_e,1981,-20,0.8204233050346375,ATCM2_wp011_e,1962,-1,0.8590027
Recommendation 15,Recommendation,1961,10,ATCM10_wp015_e,1979,-18,0.8150169849395752,ATCM10_wp015_e,1979,-18,0.8527394
Decision 290,Decision,2002,1,ATCM26_wp014_e,2003,-1,0.9045208096504211,ATCM25_wp030_e,2002,0,0.9692777
Decision 290,Decision,2002,2,ATCM27_wp031_rev1_e,2004,-2,0.8846397995948792,ATCM26_wp014_e,2003,-1,0.96686405
Decision 290,Decision,2002,3,ATCM25_wp030_e,2002,0,0.8690066933631897,ATCM34_wp024_e,2011,-9,0.9655894
Decision 290,Decision,2002,4,ATCM33_wp051_e,2010,-8,0.8014413118362427,ATCM33_wp051_e,2010,-8,0.9650665
Decision 290,Decision,2002,5,ATCM20_wp004_rev1_e,1996,6,0.7987273335456848,ATCM20_wp004_rev1_e,1996,6,0.9639975
Decision 290,Decision,2002,6,ATCM34_wp024_e,2011,-9,0.7781693935394287,ATCM27_wp031_rev1_e,2004,-2,0.9627573
Decision 290,Decision,2002,7,ATCM25_wp020_e,2002,0,0.7717130184173584,ATCM30_wp002_e,2007,-5,0.9361917
Decision 290,Decision,2002,8,ATCM30_wp002_e,2007,-5,0.7662354707717896,ATCM25_wp020_e,2002,0,0.9144742
Decision 290,Decision,2002,9,ATCM17_wp025_e,1992,10,0.7625576257705688,ATCM17_wp025_e,1992,10,0.9003021
Decision 290,Decision,2002,10,ATCM16_wp023_e,1991,11,0.7522379755973816,ATCM16_wp023_e,1991,11,0.89737195
Measure 421,Measure,2009,1,ATCM37_wp006_e,2014,-5,0.8733888864517212,ATCM37_wp006_e,2014,-5,0.9791637
Measure 421,Measure,2009,2,ATCM32_wp024_e,2009,0,0.8531637191772461,ATCM32_wp024_e,2009,0,0.96686405
Measure 421,Measure,2009,3,ATCM44_wp005_e,2022,-13,0.8271499872207642,ATCM44_wp005_e,2022,-13,0.9501526
Measure 421,Measure,2009,4,ATCM43_wp002_rev1_e,2021,-12,0.8216748237609863,ATCM43_wp002_rev1_e,2021,-12,0.93453866
Measure 421,Measure,2009,5,ATCM8_wp011_e,1975,34,0.8061293363571167,ATCM8_wp011_e,1975,34,0.90822387
Measure 421,Measure,2009,6,ATCM44_wp041_e,2022,-13,0.7951027154922485,ATCM37_wp052_e,2014,-5,0.89184874
Measure 421,Measure,2009,7,ATCM35_wp058_e,2012,-3,0.7820532321929932,ATCM35_wp044_e,2012,-3,0.88606596
Measure 421,Measure,2009,8,ATCM35_wp044_e,2012,-3,0.7817912697792053,ATCM44_wp041_e,2022,-13,0.86797863
Measure 421,Measure,2009,9,ATCM44_wp043_e,2022,-13,0.7816135883331299,ATCM44_wp043_e,2022,-13,0.8654972
Measure 421,Measure,2009,10,ATCM37_wp052_e,2014,-5,0.7785179018974304,ATCM35_wp058_e,2012,-3,0.8502698
Recommendation 31,Recommendation,1964,1,ATCM3_wp037_e,1964,0,0.9035388231277466,ATCM3_wp037_e,1964,0,0.93859845
Recommendation 31,Recommendation,1964,2,ATCM4_wp061_e,1966,-2,0.8366978168487549,ATCM4_wp061_rev1_e,1966,-2,0.9361917
Recommendation 31,Recommendation,1964,3,ATCM4_wp061_rev1_e,1966,-2,0.8182812929153442,ATCM4_wp061_e,1966,-2,0.9357234
Recommendation 31,Recommendation,1964,4,ATCM1_wp024_e,1961,3,0.7975936532020569,ATCM4_wp036_e,1966,-2,0.9287585
Recommendation 31,Recommendation,1964,5,ATCM6_wp027_e,1970,-6,0.7608853578567505,ATCM1_wp024_e,1961,3,0.88763386
Recommendation 31,Recommendation,1964,6,ATCM2_wp016_e,1962,2,0.7513991594314575,ATCM2_wp026_e,1962,2,0.8690936
Recommendation 31,Recommendation,1964,7,ATCM2_wp026_e,1962,2,0.7473852634429932,ATCM2_wp016_e,1962,2,0.85565823
Recommendation 31,Recommendation,1964,8,ATCM4_wp036_e,1966,-2,0.7330600619316101,ATCM5_wp047_e,1968,-4,0.8053874
Recommendation 31,Recommendation,1964,9,ATCM5_wp047_e,1968,-4,0.731834352016449,ATCM8_wp039_e,1975,-11,0.7837237
Recommendation 31,Recommendation,1964,10,ATCM8_wp039_e,1975,-11,0.729581356048584,ATCM6_wp027_e,1970,-6,0.7783799
Decision 435,Decision,2009,1,ATCM30_wp044_e,2007,2,0.9068729877471924,ATCM26_wp005_e,2003,6,0.9319843
Decision 435,Decision,2009,2,ATCM28_wp068_e,2005,4,0.8733903169631958,ATCM30_wp044_e,2007,2,0.92940193
Decision 435,Decision,2009,3,ATCM26_wp011_e,2003,6,0.8133430480957031,ATCM26_wp011_e,2003,6,0.9274553
Decision 435,Decision,2009,4,ATCM26_wp005_e,2003,6,0.7237016558647156,ATCM28_wp068_e,2005,4,0.925594
Decision 435,Decision,2009,5,ATCM27_wp030_rev1_e,2004,5,0.7080025672912598,ATCM24_wp037_e,2001,8,0.8542049
Decision 435,Decision,2009,6,ATCM25_wp044_e,2002,7,0.6996749639511108,ATCM25_wp044_e,2002,7,0.8395235
Decision 435,Decision,2009,7,ATCM24_wp037_e,2001,8,0.6989246010780334,ATCM27_wp030_rev1_e,2004,5,0.82196057
Decision 435,Decision,2009,8,ATCM18_wp008_e,1994,15,0.698795735836029,ATCM25_wp049_e,2002,7,0.79793495
Decision 435,Decision,2009,9,ATCM25_wp049_e,2002,7,0.6929406523704529,ATCM18_wp008_e,1994,15,0.7915634
Decision 435,Decision,2009,10,ATCM27_wp047_rev1_e,2004,5,0.6814858317375183,ATCM27_wp047_rev1_e,2004,5,0.78766996
Resolution 442,Resolution,2009,1,ATCM32_wp015_e,2009,0,0.8897351622581482,ATCM32_wp015_e,2009,0,0.95624363
Resolution 442,Resolution,2009,2,ATCM15_wp019_e,1989,20,0.7659635543823242,ATCM15_wp012_e,1989,20,0.86088455
Resolution 442,Resolution,2009,3,ATCM15_wp012_e,1989,20,0.7469420433044434,ATCM15_wp064_e,1989,20,0.85709965
Resolution 442,Resolution,2009,4,ATCM15_wp064_e,1989,20,0.7325571179389954,ATCM22_wp022_e,1998,11,0.85517514
Resolution 442,Resolution,2009,5,ATCM26_wp037_rev1_e,2003,6,0.7322381138801575,ATCM15_wp019_e,1989,20,0.8546907
Resolution 442,Resolution,2009,6,ATCM26_wp037_e,2003,6,0.7309638261795044,ATCM26_wp037_rev1_e,2003,6,0.8527394
Resolution 442,Resolution,2009,7,ATCM9_wp077_e,1977,32,0.7227495908737183,ATCM26_wp037_e,2003,6,0.8502698
Resolution 442,Resolution,2009,8,ATCM18_wp031_e,1994,15,0.721238374710083,ATCM36_wp049_e,2013,-4,0.8405733
Resolution 442,Resolution,2009,9,ATCM36_wp049_e,2013,-4,0.7188389301300049,ATCM18_wp031_e,1994,15,0.8309237
Resolution 442,Resolution,2009,10,ATCM22_wp022_e,1998,11,0.7145296931266785,ATCM9_wp077_e,1977,32,0.8126295
Resolution 346,Resolution,2005,1,ATCM24_wp024_e,2001,4,0.828912615776062,ATCM23_wp007_rev2_e,1999,6,0.9530308
Resolution 346,Resolution,2005,2,ATCM33_wp041_e,2010,-5,0.8106987476348877,ATCM23_wp007_e,1999,6,0.9455202
Resolution 346,Resolution,2005,3,ATCM23_wp033_e,1999,6,0.8036094307899475,ATCM15_wp066_rev2_e,1989,16,0.9441975
Resolution 346,Resolution,2005,4,ATCM27_wp012_e,2004,1,0.7975368499755859,ATCM27_wp012_e,2004,1,0.9429496
Resolution 346,Resolution,2005,5,ATCM15_wp066_rev2_e,1989,16,0.7909414768218994,ATCM24_wp024_e,2001,4,0.93489623
Resolution 346,Resolution,2005,6,ATCM23_wp007_e,1999,6,0.7786848545074463,ATCM24_wp007_e,2001,4,0.93023044
Resolution 346,Resolution,2005,7,ATCM23_wp022_e,1999,6,0.7780842781066895,ATCM8_wp008_e,1975,30,0.92849964
Resolution 346,Resolution,2005,8,ATCM24_wp007_e,2001,4,0.7750406265258789,ATCM33_wp041_e,2010,-5,0.91806984
Resolution 346,Resolution,2005,9,ATCM23_wp007_rev2_e,1999,6,0.7733123302459717,ATCM23_wp022_e,1999,6,0.916626
Resolution 346,Resolution,2005,10,ATCM8_wp008_e,1975,30,0.7672595977783203,ATCM23_wp033_e,1999,6,0.91368324
Measure 391,Measure,2008,1,ATCM32_wp025_e,2009,-1,0.8123546838760376,ATCM42_wp027_e,2019,-11,0.9521488
Measure 391,Measure,2008,2,ATCM35_wp060_e,2012,-4,0.8006100654602051,ATCM44_wp001_e,2022,-14,0.95125103
Measure 391,Measure,2008,3,ATCM33_wp018_e,2010,-2,0.7964196801185608,ATCM32_wp025_e,2009,-1,0.94788504
Measure 391,Measure,2008,4,ATCM30_wp005_e,2007,1,0.7950243949890137,ATCM33_wp018_e,2010,-2,0.9439912
Measure 391,Measure,2008,5,ATCM42_wp027_e,2019,-11,0.7910804748535156,ATCM30_wp005_e,2007,1,0.9434727
Measure 391,Measure,2008,6,ATCM44_wp001_e,2022,-14,0.7762390971183777,ATCM31_wp039_e,2008,0,0.9295939
Measure 391,Measure,2008,7,ATCM16_wp054_e,1991,17,0.7736983299255371,ATCM35_wp060_e,2012,-4,0.91143817
Measure 391,Measure,2008,8,ATCM45_wp059_e,2023,-15,0.7723612785339355,ATCM16_wp054_e,1991,17,0.9047684
Measure 391,Measure,2008,9,ATCM31_wp039_e,2008,0,0.7707989811897278,ATCM35_wp061_e,2012,-4,0.8699799
Measure 391,Measure,2008,10,ATCM35_wp061_e,2012,-4,0.7701524496078491,ATCM45_wp059_e,2023,-15,0.8693157
Measure 419,Measure,2009,1,ATCM42_wp027_e,2019,-10,0.8558058738708496,ATCM42_wp027_e,2019,-10,0.9760927
Measure 419,Measure,2009,2,ATCM32_wp025_e,2009,0,0.8455010056495667,ATCM44_wp001_e,2022,-13,0.97319996
Measure 419,Measure,2009,3,ATCM33_wp018_e,2010,-1,0.8247699737548828,ATCM33_wp018_e,2010,-1,0.964402
Measure 419,Measure,2009,4,ATCM44_wp001_e,2022,-13,0.8148303627967834,ATCM32_wp025_e,2009,0,0.9619076
Measure 419,Measure,2009,5,ATCM45_wp059_e,2023,-14,0.8141668438911438,ATCM37_wp006_e,2014,-5,0.93848586
Measure 419,Measure,2009,6,ATCM32_wp024_e,2009,0,0.7999240159988403,ATCM32_wp024_e,2009,0,0.9333337
Measure 419,Measure,2009,7,ATCM43_wp031_e,2021,-12,0.7996222376823425,ATCM37_wp021_e,2014,-5,0.8965597
Measure 419,Measure,2009,8,ATCM37_wp006_e,2014,-5,0.7994534969329834,ATCM43_wp031_e,2021,-12,0.8878285
Measure 419,Measure,2009,9,ATCM35_wp060_e,2012,-3,0.792800784111023,ATCM45_wp059_e,2023,-14,0.8858686
Measure 419,Measure,2009,10,ATCM37_wp021_e,2014,-5,0.7924685478210449,ATCM35_wp060_e,2012,-3,0.87195534
Measure 331,Measure,2005,1,ATCM28_wp048_rev3_e,2005,0,0.890683114528656,ATCM28_wp069_e,2005,0,0.9721621
Measure 331,Measure,2005,2,ATCM28_wp070_e,2005,0,0.8790234923362732,ATCM28_wp047_e,2005,0,0.9595504
Measure 331,Measure,2005,3,ATCM28_wp047_e,2005,0,0.8609917163848877,ATCM27_wp006_e,2004,1,0.9510695
Measure 331,Measure,2005,4,ATCM26_wp033_e,2003,2,0.8606908321380615,ATCM26_wp033_e,2003,2,0.9480776
Measure 331,Measure,2005,5,ATCM27_wp006_e,2004,1,0.8589434623718262,ATCM28_wp070_e,2005,0,0.94357675
Measure 331,Measure,2005,6,ATCM45_wp030_rev2_e,2023,-18,0.8575803637504578,ATCM38_wp033_e,2015,-10,0.9423159
Measure 331,Measure,2005,7,ATCM38_wp036_e,2015,-10,0.8512498140335083,ATCM38_wp036_e,2015,-10,0.93825984
Measure 331,Measure,2005,8,ATCM28_wp069_e,2005,0,0.8456940650939941,ATCM45_wp030_rev2_e,2023,-18,0.9311125
Measure 331,Measure,2005,9,ATCM38_wp033_e,2015,-10,0.8392267227172852,ATCM28_wp049_e,2005,0,0.92485076
Measure 331,Measure,2005,10,ATCM28_wp049_e,2005,0,0.8358420729637146,ATCM28_wp048_rev3_e,2005,0,0.9215979
Recommendation 56,Recommendation,1966,1,ATCM4_wp006_rev2_e,1966,0,0.9457371234893799,ATCM4_wp006_rev2_e,1966,0,0.9802507
Recommendation 56,Recommendation,1966,2,ATCM4_wp006_rev1_e,1966,0,0.9352823495864868,ATCM4_wp006_rev1_e,1966,0,0.97516406
Recommendation 56,Recommendation,1966,3,ATCM4_wp006_e,1966,0,0.9295983910560608,ATCM4_wp006_e,1966,0,0.9704198
Recommendation 56,Recommendation,1966,4,ATCM3_wp019_e,1964,2,0.8517336845397949,ATCM3_wp001_e,1964,2,0.964402
Recommendation 56,Recommendation,1966,5,ATCM3_wp001_e,1964,2,0.8359451293945312,ATCM3_wp019_e,1964,2,0.95816356
Recommendation 56,Recommendation,1966,6,ATCM1_wp018_e,1961,5,0.8151367902755737,ATCM2_wp003_e,1962,4,0.9568927
Recommendation 56,Recommendation,1966,7,ATCM1_wp034_e,1961,5,0.814044713973999,ATCM1_wp018_e,1961,5,0.9429496
Recommendation 56,Recommendation,1966,8,ATCM2_wp003_e,1962,4,0.8100824356079102,ATCM7_wp014_e,1972,-6,0.93136275
Recommendation 56,Recommendation,1966,9,ATCM7_wp014_e,1972,-6,0.8080674409866333,ATCM5_wp003_rev1_e,1968,-2,0.929466
Recommendation 56,Recommendation,1966,10,ATCM5_wp003_rev1_e,1968,-2,0.7959243059158325,ATCM1_wp034_e,1961,5,0.91126066
Decision 440,Decision,2009,1,ATCM32_wp030_e,2009,0,0.9224472045898438,ATCM32_wp030_e,2009,0,0.9655894
Decision 440,Decision,2009,2,ATCM33_wp001_e,2010,-1,0.8956263065338135,ATCM33_wp001_e,2010,-1,0.9417828
Decision 440,Decision,2009,3,ATCM33_wp046_e,2010,-1,0.8326486349105835,ATCM33_wp069_e,2010,-1,0.93537015
Decision 440,Decision,2009,4,ATCM31_wp043_e,2008,1,0.8217929601669312,ATCM33_wp046_e,2010,-1,0.91749877
Decision 440,Decision,2009,5,ATCM31_wp036_e,2008,1,0.8203002214431763,ATCM33_wp028_e,2010,-1,0.9063137
Decision 440,Decision,2009,6,ATCM30_wp006_e,2007,2,0.8197822570800781,ATCM31_wp036_e,2008,1,0.8775188
Decision 440,Decision,2009,7,ATCM33_wp069_e,2010,-1,0.819145143032074,ATCM30_wp006_e,2007,2,0.87347406
Decision 440,Decision,2009,8,ATCM18_wp011_e,1994,15,0.8035240173339844,ATCM31_wp043_e,2008,1,0.8648136
Decision 440,Decision,2009,9,ATCM33_wp028_e,2010,-1,0.8010947704315186,ATCM38_wp051_e,2015,-6,0.8368747
Decision 440,Decision,2009,10,ATCM38_wp051_e,2015,-6,0.7971258163452148,ATCM18_wp011_e,1994,15,0.83256364
Resolution 444,Resolution,2009,1,ATCM31_wp061_e,2008,1,0.8948748111724854,ATCM31_wp061_e,2008,1,0.9723727
Resolution 444,Resolution,2009,2,ATCM30_wp038_e,2007,2,0.8566597700119019,ATCM30_wp038_e,2007,2,0.9610396
Resolution 444,Resolution,2009,3,ATCM32_wp003_e,2009,0,0.8535115718841553,ATCM32_wp003_e,2009,0,0.95784926
Resolution 444,Resolution,2009,4,ATCM20_wp013_e,1996,13,0.852972149848938,ATCM24_wp023_e,2001,8,0.9473031
Resolution 444,Resolution,2009,5,ATCM14_wp013_e,1987,22,0.8487666845321655,ATCM20_wp013_e,1996,13,0.943264
Resolution 444,Resolution,2009,6,ATCM24_wp023_e,2001,8,0.8428599834442139,ATCM14_wp031_rev1_e,1987,22,0.92856437
Resolution 444,Resolution,2009,7,ATCM14_wp031_rev1_e,1987,22,0.831110954284668,ATCM14_wp013_e,1987,22,0.923895
Resolution 444,Resolution,2009,8,ATCM5_wp046_e,1968,41,0.8183287978172302,ATCM6_wp005_rev1_e,1970,39,0.91912866
Resolution 444,Resolution,2009,9,ATCM6_wp005_rev1_e,1970,39,0.8129410147666931,ATCM5_wp046_e,1968,41,0.9125794
Resolution 444,Resolution,2009,10,ATCM6_wp005_e,1970,39,0.8128867149353027,ATCM6_wp005_e,1970,39,0.9015226
Recommendation 27,Recommendation,1962,1,ATCM2_wp016_e,1962,0,0.9008042812347412,ATCM2_wp016_e,1962,0,0.9503373
Recommendation 27,Recommendation,1962,2,ATCM3_wp052_e,1964,-2,0.7753887176513672,ATCM3_wp052_e,1964,-2,0.9448117
Recommendation 27,Recommendation,1962,3,ATCM3_wp051_e,1964,-2,0.7718177437782288,ATCM3_wp037_e,1964,-2,0.92725796
Recommendation 27,Recommendation,1962,4,ATCM3_wp037_e,1964,-2,0.7697954177856445,ATCM3_wp051_e,1964,-2,0.91938233
Recommendation 27,Recommendation,1962,5,ATCM4_wp061_rev1_e,1966,-4,0.7594705820083618,ATCM3_wp043_e,1964,-2,0.91843635
Recommendation 27,Recommendation,1962,6,ATCM4_wp061_e,1966,-4,0.7502822279930115,ATCM3_wp039_rev1_e,1964,-2,0.91762805
Recommendation 27,Recommendation,1962,7,ATCM1_wp024_e,1961,1,0.7443161010742188,ATCM4_wp061_rev1_e,1966,-4,0.81908435
Recommendation 27,Recommendation,1962,8,ATCM3_wp039_rev1_e,1964,-2,0.7243226766586304,ATCM1_wp024_e,1961,1,0.81850475
Recommendation 27,Recommendation,1962,9,ATCM6_wp027_e,1970,-8,0.7230859994888306,ATCM6_wp027_e,1970,-8,0.812034
Recommendation 27,Recommendation,1962,10,ATCM3_wp043_e,1964,-2,0.713446319103241,ATCM4_wp061_e,1966,-4,0.80415994
Recommendation 186,Recommendation,1989,1,ATCM15_wp061_e,1989,0,0.9566457271575928,ATCM15_wp061_e,1989,0,0.94651765
Recommendation 186,Recommendation,1989,2,ATCM15_wp067_rev2_e,1989,0,0.9109935760498047,ATCM15_wp015_e,1989,0,0.94440293
Recommendation 186,Recommendation,1989,3,ATCM15_wp015_e,1989,0,0.8928365707397461,ATCM15_wp067_rev2_e,1989,0,0.9405936
Recommendation 186,Recommendation,1989,4,ATCM16_wp025_e,1991,-2,0.8843014240264893,ATCM15_wp042_e,1989,0,0.93848586
Recommendation 186,Recommendation,1989,5,ATCM15_wp042_e,1989,0,0.8584836721420288,ATCM14_wp036_e,1987,2,0.938373
Recommendation 186,Recommendation,1989,6,ATCM14_wp036_e,1987,2,0.8580213189125061,ATCM16_wp025_e,1991,-2,0.9346581
Recommendation 186,Recommendation,1989,7,ATCM9_wp035_e,1977,12,0.8166055083274841,ATCM15_wp046_rev2_e,1989,0,0.92485076
Recommendation 186,Recommendation,1989,8,ATCM15_wp006_e,1989,0,0.7909073829650879,ATCM9_wp035_e,1977,12,0.92313623
Recommendation 186,Recommendation,1989,9,ATCM12_wp018_e,1983,6,0.7819269895553589,ATCM15_wp006_e,1989,0,0.9148078
Recommendation 186,Recommendation,1989,10,ATCM15_wp046_rev2_e,1989,0,0.7795385122299194,ATCM12_wp018_e,1983,6,0.8979998
Measure 431,Measure,2009,1,ATCM32_wp035_rev1_e,2009,0,0.8965824246406555,ATCM32_wp035_rev1_e,2009,0,0.9564067
Measure 431,Measure,2009,2,ATCM32_wp036_rev1_e,2009,0,0.8494691848754883,ATCM32_wp036_rev1_e,2009,0,0.9537254
Measure 431,Measure,2009,3,ATCM33_wp056_e,2010,-1,0.7837274670600891,ATCM26_wp017_rev1_e,2003,6,0.94511634
Measure 431,Measure,2009,4,ATCM26_wp017_rev1_e,2003,6,0.7536904811859131,ATCM26_wp017_e,2003,6,0.9438879
Measure 431,Measure,2009,5,ATCM26_wp017_e,2003,6,0.7504332661628723,ATCM33_wp056_e,2010,-1,0.94188976
Measure 431,Measure,2009,6,ATCM15_wp041_e,1989,20,0.7475854754447937,ATCM32_wp011_e,2009,0,0.90388125
Measure 431,Measure,2009,7,ATCM5_wp039_e,1968,41,0.7312232255935669,ATCM15_wp069_e,1989,20,0.88763386
Measure 431,Measure,2009,8,ATCM32_wp011_e,2009,0,0.7300883531570435,ATCM15_wp041_e,1989,20,0.8814517
Measure 431,Measure,2009,9,ATCM15_wp069_e,1989,20,0.7269952297210693,ATCM5_wp039_e,1968,41,0.84004915
Measure 431,Measure,2009,10,ATCM44_wp049_e,2022,-13,0.7266256809234619,ATCM44_wp049_e,2022,-13,0.8004425
Resolution 285,Resolution,2001,1,ATCM24_wp023_e,2001,0,0.8823529481887817,ATCM24_wp023_e,2001,0,0.98634213
Resolution 285,Resolution,2001,2,ATCM31_wp061_e,2008,-7,0.8257815837860107,ATCM20_wp013_e,1996,5,0.96973956
Resolution 285,Resolution,2001,3,ATCM23_wp020_rev1_e,1999,2,0.8118555545806885,ATCM30_wp038_e,2007,-6,0.96760666
Resolution 285,Resolution,2001,4,ATCM20_wp013_e,1996,5,0.8044519424438477,ATCM14_wp031_rev1_e,1987,14,0.9634512
Resolution 285,Resolution,2001,5,ATCM23_wp020_e,1999,2,0.8027337193489075,ATCM31_wp061_e,2008,-7,0.96289706
Resolution 285,Resolution,2001,6,ATCM30_wp038_e,2007,-6,0.8001779317855835,ATCM23_wp020_e,1999,2,0.9627573
Resolution 285,Resolution,2001,7,ATCM14_wp031_rev1_e,1987,14,0.7983555793762207,ATCM23_wp020_rev1_e,1999,2,0.959246
Resolution 285,Resolution,2001,8,ATCM5_wp046_e,1968,33,0.7937538623809814,ATCM14_wp013_e,1987,14,0.9589395
Resolution 285,Resolution,2001,9,ATCM14_wp013_e,1987,14,0.7923769950866699,ATCM1_wp006_e,1961,40,0.9587854
Resolution 285,Resolution,2001,10,ATCM1_wp006_e,1961,40,0.7778373956680298,ATCM5_wp046_e,1968,33,0.9538974
Decision 221,Decision,1995,1,ATCM25_wp020_e,2002,-7,0.8198897838592529,ATCM20_wp004_rev1_e,1996,-1,0.9619076
Decision 221,Decision,1995,2,ATCM20_wp004_rev1_e,1996,-1,0.8134591579437256,ATCM25_wp020_e,2002,-7,0.951612
Decision 221,Decision,1995,3,ATCM26_wp022_e,2003,-8,0.7989608645439148,ATCM26_wp014_e,2003,-8,0.93904716
Decision 221,Decision,1995,4,ATCM27_wp031_rev1_e,2004,-9,0.7782863974571228,ATCM16_wp028_e,1991,4,0.933212
Decision 221,Decision,1995,5,ATCM26_wp014_e,2003,-8,0.7726235389709473,ATCM21_wp001_e,1997,-2,0.93004006
Decision 221,Decision,1995,6,ATCM16_wp028_e,1991,4,0.7649461030960083,ATCM26_wp003_e,2003,-8,0.9229281
Decision 221,Decision,1995,7,ATCM26_wp003_e,2003,-8,0.7614725828170776,ATCM27_wp031_rev1_e,2004,-9,0.92156255
Decision 221,Decision,1995,8,ATCM2_wp025_e,1962,33,0.7610161304473877,ATCM27_wp008_e,2004,-9,0.92010313
Decision 221,Decision,1995,9,ATCM21_wp001_e,1997,-2,0.7570881843566895,ATCM26_wp022_e,2003,-8,0.9172582
Decision 221,Decision,1995,10,ATCM27_wp008_e,2004,-9,0.7549346685409546,ATCM2_wp025_e,1962,33,0.90230006
Decision 288,Decision,2002,1,ATCM20_wp018_e,1996,6,0.851397693157196,ATCM25_wp009_e,2002,0,0.9749741
Decision 288,Decision,2002,2,ATCM25_wp009_e,2002,0,0.8076862692832947,ATCM20_wp005_e,1996,6,0.95939845
Decision 288,Decision,2002,3,ATCM20_wp005_e,1996,6,0.7704286575317383,ATCM20_wp018_e,1996,6,0.9586308
Decision 288,Decision,2002,4,ATCM34_wp057_e,2011,-9,0.7526249289512634,ATCM20_wp016_e,1996,6,0.95491725
Decision 288,Decision,2002,5,ATCM20_wp016_e,1996,6,0.740494966506958,ATCM22_wp003_e,1998,4,0.9340591
Decision 288,Decision,2002,6,ATCM22_wp003_e,1998,4,0.7274332642555237,ATCM34_wp057_e,2011,-9,0.9277177
Decision 288,Decision,2002,7,ATCM35_wp044_e,2012,-10,0.7217974662780762,ATCM35_wp044_e,2012,-10,0.9163457
Decision 288,Decision,2002,8,ATCM44_wp024_e,2022,-20,0.7216271162033081,ATCM37_wp033_e,2014,-12,0.90969867
Decision 288,Decision,2002,9,ATCM28_wp011_e,2005,-3,0.7187740206718445,ATCM28_wp011_e,2005,-3,0.90945774
Decision 288,Decision,2002,10,ATCM37_wp033_e,2014,-12,0.715766429901123,ATCM44_wp024_e,2022,-20,0.8880229
Decision 439,Decision,2009,1,ATCM32_wp007_e,2009,0,0.8311836123466492,ATCM32_wp007_e,2009,0,0.9598525
Decision 439,Decision,2009,2,ATCM17_wp010_e,1992,17,0.6811015605926514,ATCM45_wp022_e,2023,-14,0.918546
Decision 439,Decision,2009,3,ATCM17_wp020_e,1992,17,0.6597418785095215,ATCM21_wp002_rev1_e,1997,12,0.9003021
Decision 439,Decision,2009,4,ATCM22_wp024_e,1998,11,0.651735782623291,ATCM22_wp023_e,1998,11,0.88841075
Decision 439,Decision,2009,5,ATCM22_wp023_e,1998,11,0.6473071575164795,ATCM22_wp024_e,1998,11,0.88685226
Decision 439,Decision,2009,6,ATCM21_wp002_rev1_e,1997,12,0.6412794589996338,ATCM17_wp010_e,1992,17,0.8820626
Decision 439,Decision,2009,7,ATCM28_wp009_e,2005,4,0.6374202370643616,ATCM17_wp020_e,1992,17,0.8721733
Decision 439,Decision,2009,8,ATCM45_wp022_e,2023,-14,0.6255740523338318,ATCM28_wp009_e,2005,4,0.83419085
Decision 439,Decision,2009,9,ATCM23_wp038_e,1999,10,0.6251229047775269,ATCM23_wp038_e,1999,10,0.78239655
Decision 439,Decision,2009,10,ATCM18_wp010_e,1994,15,0.6235413551330566,ATCM18_wp010_e,1994,15,0.72921133
Recommendation 46,Recommendation,1966,1,ATCM4_wp042_rev2_e,1966,0,0.8238952159881592,ATCM4_wp042_rev2_e,1966,0,0.9437843
Recommendation 46,Recommendation,1966,2,ATCM4_wp042_rev1_e,1966,0,0.7921914458274841,ATCM4_wp042_rev1_e,1966,0,0.93859845
Recommendation 46,Recommendation,1966,3,ATCM34_wp018_e,2011,-45,0.7657219171524048,ATCM16_wp019_e,1991,-25,0.9333337
Recommendation 46,Recommendation,1966,4,ATCM4_wp042_e,1966,0,0.725337028503418,ATCM4_wp042_e,1966,0,0.93148744
Recommendation 46,Recommendation,1966,5,ATCM4_wp028_e,1966,0,0.7206079363822937,ATCM34_wp018_e,2011,-45,0.9017824
Recommendation 46,Recommendation,1966,6,ATCM4_wp046_rev1_e,1966,0,0.715636134147644,ATCM4_wp028_e,1966,0,0.89222497
Recommendation 46,Recommendation,1966,7,ATCM4_wp053_rev1_e,1966,0,0.7141211628913879,ATCM4_wp046_rev1_e,1966,0,0.872825
Recommendation 46,Recommendation,1966,8,ATCM25_wp010_e,2002,-36,0.7129403352737427,ATCM4_wp047_rev1_e,1966,0,0.8708611
Recommendation 46,Recommendation,1966,9,ATCM4_wp047_rev1_e,1966,0,0.7069723606109619,ATCM4_wp053_rev1_e,1966,0,0.8590027
Recommendation 46,Recommendation,1966,10,ATCM16_wp019_e,1991,-25,0.70567387342453,ATCM25_wp010_e,2002,-36,0.8358054
Recommendation 130,Recommendation,1979,1,ATCM10_wp024_e,1979,0,0.9496371746063232,ATCM17_wp002_e,1992,-13,0.9330902
Recommendation 130,Recommendation,1979,2,ATCM10_wp024_rev1_e,1979,0,0.9472616314888,ATCM10_wp024_rev2_e,1979,0,0.931612
Recommendation 130,Recommendation,1979,3,ATCM10_wp024_rev2_e,1979,0,0.9170650243759155,ATCM10_wp024_rev1_e,1979,0,0.9304836
Recommendation 130,Recommendation,1979,4,ATCM10_wp041_e,1979,0,0.9081050753593445,ATCM18_wp018_e,1994,-15,0.9304836
Recommendation 130,Recommendation,1979,5,ATCM7_wp051_rev1_e,1972,7,0.8643854260444641,ATCM9_wp013_rev1_e,1977,2,0.92606336
Recommendation 130,Recommendation,1979,6,ATCM9_wp013_rev1_e,1977,2,0.8553767800331116,ATCM8_wp018_e,1975,4,0.92464685
Recommendation 130,Recommendation,1979,7,ATCM10_wp008_e,1979,0,0.8539419174194336,ATCM10_wp024_e,1979,0,0.92251027
Recommendation 130,Recommendation,1979,8,ATCM17_wp002_e,1992,-13,0.8526356816291809,ATCM10_wp041_e,1979,0,0.92021084
Recommendation 130,Recommendation,1979,9,ATCM18_wp018_e,1994,-15,0.8513689041137695,ATCM10_wp008_e,1979,0,0.9163457
Recommendation 130,Recommendation,1979,10,ATCM8_wp018_e,1975,4,0.8479716777801514,ATCM7_wp051_rev1_e,1972,7,0.91223305
Measure 403,Measure,2008,1,ATCM46_wp028_e,2024,-16,0.9054234027862549,ATCM46_wp028_e,2024,-16,0.97478276
Measure 403,Measure,2008,2,ATCM31_wp031_e,2008,0,0.8636332750320435,ATCM36_wp036_e,2013,-5,0.9497813
Measure 403,Measure,2008,3,ATCM36_wp036_e,2013,-5,0.8479763269424438,ATCM31_wp031_e,2008,0,0.9452176
Measure 403,Measure,2008,4,ATCM39_wp027_e,2016,-8,0.8254138231277466,ATCM28_wp042_e,2005,3,0.8988908
Measure 403,Measure,2008,5,ATCM37_wp054_e,2014,-6,0.8233366012573242,ATCM35_wp054_e,2012,-4,0.8802217
Measure 403,Measure,2008,6,ATCM35_wp054_e,2012,-4,0.8211727738380432,ATCM37_wp054_e,2014,-6,0.86041605
Measure 403,Measure,2008,7,ATCM43_wp045_e,2021,-13,0.819884181022644,ATCM39_wp027_e,2016,-8,0.84877175
Measure 403,Measure,2008,8,ATCM28_wp042_e,2005,3,0.8191275596618652,ATCM36_wp030_e,2013,-5,0.8477662
Measure 403,Measure,2008,9,ATCM36_wp030_e,2013,-5,0.8188228607177734,ATCM43_wp045_e,2021,-13,0.83473045
Measure 403,Measure,2008,10,ATCM35_wp060_e,2012,-4,0.8150761127471924,ATCM35_wp060_e,2012,-4,0.8090347
Recommendation 124,Recommendation,1979,1,ATCM10_wp052_rev1_e,1979,0,0.9202417135238647,ATCM10_wp052_rev1_e,1979,0,0.87939554
Recommendation 124,Recommendation,1979,2,ATCM10_wp052_e,1979,0,0.9089617133140564,ATCM10_wp052_e,1979,0,0.8632072
Recommendation 124,Recommendation,1979,3,ATCM8_wp016_rev1_e,1975,4,0.8513844609260559,ATCM9_wp043_e,1977,2,0.83846825
Recommendation 124,Recommendation,1979,4,ATCM9_wp043_e,1977,2,0.8414629101753235,ATCM9_wp082_e,1977,2,0.8287171
Recommendation 124,Recommendation,1979,5,ATCM11_wp031_e,1981,-2,0.831327497959137,ATCM9_wp082_rev1_e,1977,2,0.8264878
Recommendation 124,Recommendation,1979,6,ATCM9_wp082_e,1977,2,0.8264914751052856,ATCM11_wp031_e,1981,-2,0.8126295
Recommendation 124,Recommendation,1979,7,ATCM9_wp082_rev1_e,1977,2,0.8251773118972778,ATCM9_wp030_e,1977,2,0.79981786
Recommendation 124,Recommendation,1979,8,ATCM8_wp016_e,1975,4,0.8137887716293335,ATCM9_wp006_e,1977,2,0.7954039
Recommendation 124,Recommendation,1979,9,ATCM9_wp006_e,1977,2,0.8135237693786621,ATCM8_wp016_rev1_e,1975,4,0.7954039
Recommendation 124,Recommendation,1979,10,ATCM9_wp030_e,1977,2,0.8109057545661926,ATCM8_wp016_e,1975,4,0.7756728
nan 310,Untyped,1983,1,ATCM12_wp027_rev1_e,1983,0,0.7915670871734619,ATCM12_wp027_rev1_e,1983,0,0.92778313
nan 310,Untyped,1983,2,ATCM14_wp003_e,1987,-4,0.7271687984466553,ATCM16_wp005_e,1991,-8,0.90143585
nan 310,Untyped,1983,3,ATCM16_wp005_e,1991,-8,0.7191788554191589,ATCM12_wp024_rev1_e,1983,0,0.8958329
nan 310,Untyped,1983,4,ATCM3_wp022_rev1_e,1964,19,0.717713475227356,ATCM14_wp003_e,1987,-4,0.8670808
nan 310,Untyped,1983,5,ATCM14_wp026_e,1987,-4,0.7172561883926392,ATCM3_wp014_e,1964,19,0.8641271
nan 310,Untyped,1983,6,ATCM9_wp069_e,1977,6,0.7130534648895264,ATCM14_wp026_e,1987,-4,0.8636677
nan 310,Untyped,1983,7,ATCM8_wp051_e,1975,8,0.7117598056793213,ATCM3_wp022_rev1_e,1964,19,0.8410961
nan 310,Untyped,1983,8,ATCM3_wp014_e,1964,19,0.7108150124549866,ATCM8_wp051_e,1975,8,0.8410961
nan 310,Untyped,1983,9,ATCM12_wp024_rev1_e,1983,0,0.7094982862472534,ATCM11_wp036_e,1981,2,0.83634084
nan 310,Untyped,1983,10,ATCM11_wp036_e,1981,2,0.7081731557846069,ATCM9_wp069_e,1977,6,0.79603887
Recommendation 210,Recommendation,1991,1,ATCM16_wp048_e,1991,0,0.9549513459205627,ATCM16_wp041_e,1991,0,0.92074686
Recommendation 210,Recommendation,1991,2,ATCM17_wp002_e,1992,-1,0.9218071699142456,ATCM16_wp048_e,1991,0,0.9025581
Recommendation 210,Recommendation,1991,3,ATCM16_wp041_e,1991,0,0.9165382981300354,ATCM16_wp029_e,1991,0,0.8933466
Recommendation 210,Recommendation,1991,4,ATCM18_wp018_e,1994,-3,0.9163111448287964,ATCM17_wp002_e,1992,-1,0.8926935
Recommendation 210,Recommendation,1991,5,ATCM15_wp058_e,1989,2,0.8881882429122925,ATCM16_wp037_e,1991,0,0.8909032
Recommendation 210,Recommendation,1991,6,ATCM25_wp002_e,2002,-11,0.8806002736091614,ATCM18_wp018_e,1994,-3,0.8822656
Recommendation 210,Recommendation,1991,7,ATCM15_wp033_e,1989,2,0.877202570438385,ATCM16_wp002_e,1991,0,0.87582946
Recommendation 210,Recommendation,1991,8,ATCM16_wp002_e,1991,0,0.8768242001533508,ATCM15_wp033_e,1989,2,0.85709965
Recommendation 210,Recommendation,1991,9,ATCM16_wp037_e,1991,0,0.873974621295929,ATCM25_wp002_e,2002,-11,0.8546907
Recommendation 210,Recommendation,1991,10,ATCM16_wp029_e,1991,0,0.8672188520431519,ATCM15_wp058_e,1989,2,0.85322917
Recommendation 159,Recommendation,1985,1,ATCM7_wp034_rev1_e,1972,13,0.8212370872497559,ATCM7_wp034_rev2_e,1972,13,0.9713038
Recommendation 159,Recommendation,1985,2,ATCM7_wp034_rev3_e,1972,13,0.8210407495498657,ATCM7_wp034_rev3_e,1972,13,0.96973956
Recommendation 159,Recommendation,1985,3,ATCM7_wp034_rev2_e,1972,13,0.8197965025901794,ATCM7_wp034_rev1_e,1972,13,0.96686405
Recommendation 159,Recommendation,1985,4,ATCM6_wp009_e,1970,15,0.8106374144554138,ATCM15_wp069_e,1989,-4,0.96289706
Recommendation 159,Recommendation,1985,5,ATCM6_wp009_rev1_e,1970,15,0.8032111525535583,ATCM6_wp009_e,1970,15,0.96074593
Recommendation 159,Recommendation,1985,6,ATCM5_wp031_rev1_e,1968,17,0.7945874333381653,ATCM5_wp031_e,1968,17,0.9555851
Recommendation 159,Recommendation,1985,7,ATCM5_wp031_e,1968,17,0.7622817158699036,ATCM6_wp009_rev1_e,1970,15,0.9533793
Recommendation 159,Recommendation,1985,8,ATCM26_wp017_rev1_e,2003,-18,0.7532343864440918,ATCM5_wp031_rev1_e,1968,17,0.9501526
Recommendation 159,Recommendation,1985,9,ATCM26_wp017_e,2003,-18,0.7489936351776123,ATCM26_wp017_e,2003,-18,0.94996727
Recommendation 159,Recommendation,1985,10,ATCM15_wp069_e,1989,-4,0.7363961935043335,ATCM26_wp017_rev1_e,2003,-18,0.9495946
Recommendation 65,Recommendation,1966,1,ATCM4_wp056_rev1_e,1966,0,0.9251571893692017,ATCM4_wp056_rev2_e,1966,0,0.9595504
Recommendation 65,Recommendation,1966,2,ATCM4_wp056_rev2_e,1966,0,0.9153984785079956,ATCM4_wp056_rev1_e,1966,0,0.95784926
Recommendation 65,Recommendation,1966,3,ATCM4_wp056_e,1966,0,0.9101374745368958,ATCM4_wp056_e,1966,0,0.9488415
Recommendation 65,Recommendation,1966,4,ATCM4_wp044_e,1966,0,0.8875976800918579,ATCM8_wp018_e,1975,-9,0.9433685
Recommendation 65,Recommendation,1966,5,ATCM6_wp025_e,1970,-4,0.8490305542945862,ATCM4_wp044_e,1966,0,0.9402653
Recommendation 65,Recommendation,1966,6,ATCM6_wp025_rev1_e,1970,-4,0.8477938771247864,ATCM6_wp025_e,1970,-4,0.92586255
Recommendation 65,Recommendation,1966,7,ATCM6_wp016_e,1970,-4,0.819828987121582,ATCM6_wp025_rev1_e,1970,-4,0.9212798
Recommendation 65,Recommendation,1966,8,ATCM7_wp051_rev1_e,1972,-6,0.8098944425582886,ATCM7_wp051_rev1_e,1972,-6,0.9199955
Recommendation 65,Recommendation,1966,9,ATCM5_wp020_e,1968,-2,0.8097026944160461,ATCM5_wp020_e,1968,-2,0.8984462
Recommendation 65,Recommendation,1966,10,ATCM8_wp018_e,1975,-9,0.8086032867431641,ATCM6_wp016_e,1970,-4,0.89128226
Measure 321,Measure,2004,1,ATCM27_wp046_e,2004,0,0.9113723039627075,ATCM27_wp046_e,2004,0,0.95355266
Measure 321,Measure,2004,2,ATCM17_wp023_e,1992,12,0.8403713703155518,ATCM16_wp029_e,1991,13,0.9521488
Measure 321,Measure,2004,3,ATCM18_wp009_e,1994,10,0.8203393816947937,ATCM17_wp014_e,1992,12,0.9505213
Measure 321,Measure,2004,4,ATCM17_wp014_e,1992,12,0.8201171159744263,ATCM18_wp009_e,1994,10,0.9482696
Measure 321,Measure,2004,5,ATCM16_wp029_e,1991,13,0.8149827718734741,ATCM15_wp044_e,1989,15,0.943264
Measure 321,Measure,2004,6,ATCM18_wp011_e,1994,10,0.808828592300415,ATCM16_wp002_e,1991,13,0.94252783
Measure 321,Measure,2004,7,ATCM16_wp002_e,1991,13,0.80609130859375,ATCM17_wp023_e,1992,12,0.93859845
Measure 321,Measure,2004,8,ATCM38_wp032_e,2015,-11,0.8048548698425293,ATCM38_wp032_e,2015,-11,0.9354881
Measure 321,Measure,2004,9,ATCM15_wp044_e,1989,15,0.8043910264968872,ATCM18_wp011_e,1994,10,0.93148744
Measure 321,Measure,2004,10,ATCM10_wp024_e,1979,25,0.8010400533676147,ATCM10_wp024_e,1979,25,0.9263304
Resolution 328,Resolution,2004,1,ATCM18_wp009_e,1994,10,0.8823254108428955,ATCM27_wp002_e,2004,0,0.95784926
Resolution 328,Resolution,2004,2,ATCM17_wp014_e,1992,12,0.8739628195762634,ATCM16_wp041_e,1991,13,0.9497813
Resolution 328,Resolution,2004,3,ATCM17_wp002_e,1992,12,0.858731210231781,ATCM18_wp018_e,1994,10,0.94710773
Resolution 328,Resolution,2004,4,ATCM18_wp018_e,1994,10,0.8567413687705994,ATCM18_wp009_e,1994,10,0.94651765
Resolution 328,Resolution,2004,5,ATCM14_wp033_e,1987,17,0.8564680814743042,ATCM17_wp014_e,1992,12,0.9459213
Resolution 328,Resolution,2004,6,ATCM15_wp033_e,1989,15,0.8496260643005371,ATCM17_wp002_e,1992,12,0.9441975
Resolution 328,Resolution,2004,7,ATCM16_wp041_e,1991,13,0.8478517532348633,ATCM16_wp029_e,1991,13,0.9433685
Resolution 328,Resolution,2004,8,ATCM16_wp029_e,1991,13,0.8459886908531189,ATCM32_wp044_e,2009,-5,0.94210327
Resolution 328,Resolution,2004,9,ATCM27_wp002_e,2004,0,0.8440578579902649,ATCM15_wp033_e,1989,15,0.93381816
Resolution 328,Resolution,2004,10,ATCM32_wp044_e,2009,-5,0.840623140335083,ATCM14_wp033_e,1987,17,0.93357635
Recommendation 176,Recommendation,1989,1,ATCM15_wp054_e,1989,0,0.8961435556411743,ATCM15_wp036_e,1989,0,0.97319996
Recommendation 176,Recommendation,1989,2,ATCM15_wp036_e,1989,0,0.877427875995636,ATCM15_wp054_e,1989,0,0.9727894
Recommendation 176,Recommendation,1989,3,ATCM8_wp001_e,1975,14,0.8250724673271179,ATCM7_wp045_rev1_e,1972,17,0.9127934
Recommendation 176,Recommendation,1989,4,ATCM12_wp014_rev1_e,1983,6,0.8106526732444763,ATCM7_wp045_e,1972,17,0.91117173
Recommendation 176,Recommendation,1989,5,ATCM8_wp002_e,1975,14,0.8082879781723022,ATCM8_wp005_e,1975,14,0.90738606
Recommendation 176,Recommendation,1989,6,ATCM8_wp005_e,1975,14,0.8056589365005493,ATCM8_wp001_e,1975,14,0.90268683
Recommendation 176,Recommendation,1989,7,ATCM8_wp003_e,1975,14,0.8056095838546753,ATCM8_wp003_e,1975,14,0.9002144
Recommendation 176,Recommendation,1989,8,ATCM7_wp045_e,1972,17,0.8031042814254761,ATCM8_wp002_e,1975,14,0.8985352
Recommendation 176,Recommendation,1989,9,ATCM7_wp045_rev1_e,1972,17,0.8027744889259338,ATCM24_wp033_e,2001,-12,0.8796026
Recommendation 176,Recommendation,1989,10,ATCM24_wp033_e,2001,-12,0.8012104034423828,ATCM12_wp014_rev1_e,1983,6,0.87476355
Recommendation 212,Recommendation,1992,1,ATCM28_wp042_e,2005,-13,0.8922523260116577,ATCM17_wp022_e,1992,0,0.9817077
Recommendation 212,Recommendation,1992,2,ATCM4_wp028_e,1966,26,0.8398803472518921,ATCM28_wp042_e,2005,-13,0.9742002
Recommendation 212,Recommendation,1992,3,ATCM17_wp022_e,1992,0,0.8373702764511108,ATCM15_wp039_e,1989,3,0.9584756
Recommendation 212,Recommendation,1992,4,ATCM33_wp038_e,2010,-18,0.8363586664199829,ATCM39_wp026_e,2016,-24,0.9461207
Recommendation 212,Recommendation,1992,5,ATCM38_wp012_e,2015,-23,0.8353163003921509,ATCM33_wp038_e,2010,-18,0.9448117
Recommendation 212,Recommendation,1992,6,ATCM43_wp029_e,2021,-29,0.834441602230072,ATCM43_wp029_e,2021,-29,0.935252
Recommendation 212,Recommendation,1992,7,ATCM4_wp047_e,1966,26,0.8290427923202515,ATCM4_wp028_e,1966,26,0.93489623
Recommendation 212,Recommendation,1992,8,ATCM39_wp026_e,2016,-24,0.8253910541534424,ATCM38_wp012_e,2015,-23,0.9309872
Recommendation 212,Recommendation,1992,9,ATCM4_wp046_e,1966,26,0.8251899480819702,ATCM4_wp046_e,1966,26,0.9232055
Recommendation 212,Recommendation,1992,10,ATCM15_wp039_e,1989,3,0.8228253126144409,ATCM4_wp047_e,1966,26,0.92024666
Recommendation 180,Recommendation,1989,1,ATCM15_wp068_e,1989,0,0.9085069298744202,ATCM15_wp068_e,1989,0,0.91208637
Recommendation 180,Recommendation,1989,2,ATCM15_wp038_e,1989,0,0.8994277715682983,ATCM16_wp035_e,1991,-2,0.89033234
Recommendation 180,Recommendation,1989,3,ATCM14_wp025_e,1987,2,0.84983891248703,ATCM15_wp038_e,1989,0,0.88743895
Recommendation 180,Recommendation,1989,4,ATCM15_wp039_e,1989,0,0.8240447640419006,ATCM16_wp035_rev1_e,1991,-2,0.8864597
Recommendation 180,Recommendation,1989,5,ATCM16_wp035_e,1991,-2,0.8223159313201904,ATCM14_wp037_e,1987,2,0.8800156
Recommendation 180,Recommendation,1989,6,ATCM14_wp037_e,1987,2,0.821986198425293,ATCM14_wp025_e,1987,2,0.87433493
Recommendation 180,Recommendation,1989,7,ATCM16_wp035_rev1_e,1991,-2,0.816013514995575,ATCM32_wp034_e,2009,-20,0.8690936
Recommendation 180,Recommendation,1989,8,ATCM15_wp053_e,1989,0,0.808761477470398,ATCM15_wp032_rev1_e,1989,0,0.86640406
Recommendation 180,Recommendation,1989,9,ATCM32_wp034_e,2009,-20,0.8058967590332031,ATCM15_wp039_e,1989,0,0.86595124
Recommendation 180,Recommendation,1989,10,ATCM15_wp032_rev1_e,1989,0,0.8047614097595215,ATCM15_wp053_e,1989,0,0.8657243
Resolution 293,Resolution,2002,1,ATCM30_wp045_rev1_e,2007,-5,0.919468879699707,ATCM30_wp045_rev1_e,2007,-5,0.9778496
Resolution 293,Resolution,2002,2,ATCM23_wp025_e,1999,3,0.7747125029563904,ATCM23_wp025_e,1999,3,0.9086706
Resolution 293,Resolution,2002,3,ATCM29_wp014_e,2006,-4,0.7650050520896912,ATCM29_wp014_e,2006,-4,0.90518826
Resolution 293,Resolution,2002,4,ATCM23_wp001_e,1999,3,0.7570370435714722,ATCM31_wp028_e,2008,-6,0.85517514
Resolution 293,Resolution,2002,5,ATCM31_wp028_e,2008,-6,0.7401977181434631,ATCM30_wp007_e,2007,-5,0.8507664
Resolution 293,Resolution,2002,6,ATCM30_wp007_e,2007,-5,0.7304636240005493,ATCM31_wp023_e,2008,-6,0.84826964
Resolution 293,Resolution,2002,7,ATCM10_wp052_rev1_e,1979,23,0.7270019054412842,ATCM32_wp014_e,2009,-7,0.84317327
Resolution 293,Resolution,2002,8,ATCM32_wp014_e,2009,-7,0.7227574586868286,ATCM23_wp001_e,1999,3,0.8336498
Resolution 293,Resolution,2002,9,ATCM31_wp023_e,2008,-6,0.712696373462677,ATCM10_wp052_rev1_e,1979,23,0.80106574
Resolution 293,Resolution,2002,10,ATCM10_wp052_e,1979,23,0.7117159962654114,ATCM10_wp052_e,1979,23,0.79027146
Recommendation 39,Recommendation,1966,1,ATCM4_wp046_rev1_e,1966,0,0.8873869180679321,ATCM4_wp046_rev1_e,1966,0,0.9538974
Recommendation 39,Recommendation,1966,2,ATCM4_wp046_e,1966,0,0.8825365304946899,ATCM4_wp046_e,1966,0,0.9497813
Recommendation 39,Recommendation,1966,3,ATCM4_wp028_e,1966,0,0.7865593433380127,ATCM17_wp022_e,1992,-26,0.9363083
Recommendation 39,Recommendation,1966,4,ATCM4_wp047_rev1_e,1966,0,0.7799125909805298,ATCM4_wp028_e,1966,0,0.9212444
Recommendation 39,Recommendation,1966,5,ATCM43_wp050_e,2021,-55,0.7748727798461914,ATCM43_wp050_e,2021,-55,0.90713954
Recommendation 39,Recommendation,1966,6,ATCM38_wp010_e,2015,-49,0.7743667364120483,ATCM38_wp010_e,2015,-49,0.8999509
Recommendation 39,Recommendation,1966,7,ATCM4_wp053_rev1_e,1966,0,0.773941159248352,ATCM33_wp038_e,2010,-44,0.87604177
Recommendation 39,Recommendation,1966,8,ATCM4_wp047_e,1966,0,0.770771861076355,ATCM4_wp047_e,1966,0,0.8741202
Recommendation 39,Recommendation,1966,9,ATCM17_wp022_e,1992,-26,0.7283045649528503,ATCM4_wp047_rev1_e,1966,0,0.86953735
Recommendation 39,Recommendation,1966,10,ATCM33_wp038_e,2010,-44,0.7249864935874939,ATCM4_wp053_rev1_e,1966,0,0.8517556
Decision 470,Decision,2010,1,ATCM35_wp032_e,2012,-2,0.734375,ATCM38_wp016_e,2015,-5,0.93247795
Decision 470,Decision,2010,2,ATCM38_wp016_e,2015,-5,0.7240654230117798,ATCM35_wp032_e,2012,-2,0.92525697
Decision 470,Decision,2010,3,ATCM32_wp052_e,2009,1,0.6909401416778564,ATCM31_wp035_e,2008,2,0.9245788
Decision 470,Decision,2010,4,ATCM33_wp063_e,2010,0,0.6875892281532288,ATCM33_wp063_e,2010,0,0.9218445
Decision 470,Decision,2010,5,ATCM35_wp039_e,2012,-2,0.685075044631958,ATCM34_wp044_e,2011,-1,0.9214566
Decision 470,Decision,2010,6,ATCM34_wp044_e,2011,-1,0.6821547746658325,ATCM32_wp052_e,2009,1,0.91147757
Decision 470,Decision,2010,7,ATCM31_wp035_e,2008,2,0.6814415454864502,ATCM45_wp043_e,2023,-13,0.906438
Decision 470,Decision,2010,8,ATCM37_wp008_e,2014,-4,0.6798563599586487,ATCM37_wp008_e,2014,-4,0.8842793
Decision 470,Decision,2010,9,ATCM45_wp043_e,2023,-13,0.6702835559844971,ATCM35_wp039_e,2012,-2,0.8661778
Decision 470,Decision,2010,10,ATCM44_wp037_e,2022,-12,0.6629070043563843,ATCM44_wp037_e,2022,-12,0.8395235
Recommendation 164,Recommendation,1987,1,ATCM8_wp002_e,1975,12,0.8513281345367432,ATCM16_wp020_e,1991,-4,0.9634512
Recommendation 164,Recommendation,1987,2,ATCM8_wp035_e,1975,12,0.8376361727714539,ATCM14_wp035_e,1987,0,0.9617643
Recommendation 164,Recommendation,1987,3,ATCM14_wp035_e,1987,0,0.8362422585487366,ATCM10_wp031_rev1_e,1979,8,0.9595504
Recommendation 164,Recommendation,1987,4,ATCM16_wp020_e,1991,-4,0.8351317644119263,ATCM10_wp031_e,1979,8,0.95607984
Recommendation 164,Recommendation,1987,5,ATCM10_wp031_rev1_e,1979,8,0.8247088193893433,ATCM8_wp035_e,1975,12,0.9533793
Recommendation 164,Recommendation,1987,6,ATCM12_wp014_rev1_e,1983,4,0.8212658166885376,ATCM10_wp039_e,1979,8,0.94511634
Recommendation 164,Recommendation,1987,7,ATCM10_wp031_e,1979,8,0.8149248957633972,ATCM10_wp039_rev1_e,1979,8,0.945015
Recommendation 164,Recommendation,1987,8,ATCM16_wp057_e,1991,-4,0.7963714599609375,ATCM12_wp014_rev1_e,1983,4,0.9448117
Recommendation 164,Recommendation,1987,9,ATCM10_wp039_e,1979,8,0.7949718236923218,ATCM8_wp002_e,1975,12,0.9380332
Recommendation 164,Recommendation,1987,10,ATCM10_wp039_rev1_e,1979,8,0.7947760820388794,ATCM16_wp057_e,1991,-4,0.9357234
nan 389,Untyped,2007,1,ATCM45_wp021_rev1_e,2023,-16,0.7913157343864441,ATCM45_wp021_rev1_e,2023,-16,0.9695095
nan 389,Untyped,2007,2,ATCM23_wp038_e,1999,8,0.7213926315307617,ATCM23_wp038_e,1999,8,0.9175542
nan 389,Untyped,2007,3,ATCM30_wp010_e,2007,0,0.6931288242340088,ATCM23_wp002_e,1999,8,0.90320027
nan 389,Untyped,2007,4,ATCM23_wp002_e,1999,8,0.6830816268920898,ATCM30_wp010_e,2007,0,0.8978208
nan 389,Untyped,2007,5,ATCM39_wp015_e,2016,-9,0.6825816035270691,ATCM27_wp032_e,2004,3,0.89510167
nan 389,Untyped,2007,6,ATCM32_wp007_e,2009,-2,0.66893070936203,ATCM39_wp015_e,2016,-9,0.8913768
nan 389,Untyped,2007,7,ATCM38_wp013_e,2015,-8,0.6510360240936279,ATCM38_wp013_e,2015,-8,0.8858686
nan 389,Untyped,2007,8,ATCM31_wp057_e,2008,-1,0.6434043645858765,ATCM31_wp057_e,2008,-1,0.8766766
nan 389,Untyped,2007,9,ATCM39_wp050_e,2016,-9,0.6395830512046814,ATCM32_wp007_e,2009,-2,0.81440735
nan 389,Untyped,2007,10,ATCM27_wp032_e,2004,3,0.6372359395027161,ATCM39_wp050_e,2016,-9,0.5637142
Decision 468,Decision,2010,1,ATCM32_wp007_e,2009,1,0.8234750032424927,ATCM32_wp007_e,2009,1,0.9452176
Decision 468,Decision,2010,2,ATCM17_wp020_e,1992,18,0.6651222705841064,ATCM21_wp040_e,1997,13,0.88124746
Decision 468,Decision,2010,3,ATCM17_wp010_e,1992,18,0.6541275978088379,ATCM17_wp010_e,1992,18,0.8636677
Decision 468,Decision,2010,4,ATCM18_wp010_e,1994,16,0.6468143463134766,ATCM17_wp020_e,1992,18,0.8636677
Decision 468,Decision,2010,5,ATCM21_wp040_e,1997,13,0.6204662322998047,ATCM21_wp002_rev1_e,1997,13,0.84522843
Decision 468,Decision,2010,6,ATCM22_wp024_e,1998,12,0.6058024168014526,ATCM22_wp023_e,1998,12,0.8410961
Decision 468,Decision,2010,7,ATCM22_wp023_e,1998,12,0.5985969305038452,ATCM22_wp024_e,1998,12,0.83899665
Decision 468,Decision,2010,8,ATCM28_wp009_e,2005,5,0.5985311269760132,ATCM28_wp009_e,2005,5,0.82927084
Decision 468,Decision,2010,9,ATCM21_wp001_e,1997,13,0.5975814461708069,ATCM18_wp010_e,1994,16,0.80782473
Decision 468,Decision,2010,10,ATCM21_wp002_rev1_e,1997,13,0.5923917293548584,ATCM21_wp001_e,1997,13,0.7054605
Recommendation 48,Recommendation,1966,1,ATCM24_wp022_e,2001,-35,0.7812217473983765,ATCM24_wp022_e,2001,-35,0.93393874
Recommendation 48,Recommendation,1966,2,ATCM4_wp042_rev2_e,1966,0,0.7645348310470581,ATCM33_wp043_e,2010,-44,0.9334551
Recommendation 48,Recommendation,1966,3,ATCM4_wp042_e,1966,0,0.7550350427627563,ATCM4_wp042_rev2_e,1966,0,0.9329682
Recommendation 48,Recommendation,1966,4,ATCM4_wp038_e,1966,0,0.7531746625900269,ATCM4_wp042_e,1966,0,0.9269279
Recommendation 48,Recommendation,1966,5,ATCM4_wp042_rev1_e,1966,0,0.7435564398765564,ATCM4_wp042_rev1_e,1966,0,0.92410076
Recommendation 48,Recommendation,1966,6,ATCM16_wp017_e,1991,-25,0.7315989136695862,ATCM16_wp017_e,1991,-25,0.8924126
Recommendation 48,Recommendation,1966,7,ATCM8_wp020_e,1975,-9,0.7218072414398193,ATCM8_wp020_e,1975,-9,0.88743895
Recommendation 48,Recommendation,1966,8,ATCM4_wp055_rev1_e,1966,0,0.7150534391403198,ATCM4_wp038_e,1966,0,0.8818593
Recommendation 48,Recommendation,1966,9,ATCM4_wp053_rev1_e,1966,0,0.7087494134902954,ATCM4_wp053_rev1_e,1966,0,0.85805386
Recommendation 48,Recommendation,1966,10,ATCM33_wp043_e,2010,-44,0.7081027030944824,ATCM4_wp055_rev1_e,1966,0,0.85614
Recommendation 74,Recommendation,1968,1,ATCM5_wp041_rev1_e,1968,0,0.9341577291488647,ATCM5_wp050_e,1968,0,0.965719
Recommendation 74,Recommendation,1968,2,ATCM5_wp041_e,1968,0,0.9209070205688477,ATCM5_wp044_e,1968,0,0.9642677
Recommendation 74,Recommendation,1968,3,ATCM5_wp040_e,1968,0,0.9042543172836304,ATCM5_wp050_rev1_e,1968,0,0.9623348
Recommendation 74,Recommendation,1968,4,ATCM5_wp050_e,1968,0,0.8161740303039551,ATCM5_wp026_e,1968,0,0.9616204
Recommendation 74,Recommendation,1968,5,ATCM5_wp044_e,1968,0,0.816016435623169,ATCM5_wp040_e,1968,0,0.9567313
Recommendation 74,Recommendation,1968,6,ATCM5_wp026_e,1968,0,0.8155679702758789,ATCM5_wp041_rev1_e,1968,0,0.9552524
Recommendation 74,Recommendation,1968,7,ATCM4_wp060_e,1966,2,0.8100695013999939,ATCM5_wp041_e,1968,0,0.9545797
Recommendation 74,Recommendation,1968,8,ATCM5_wp022_e,1968,0,0.8096318244934082,ATCM5_wp022_e,1968,0,0.93982506
Recommendation 74,Recommendation,1968,9,ATCM5_wp050_rev1_e,1968,0,0.8095095753669739,ATCM4_wp060_e,1966,2,0.9052721
Recommendation 74,Recommendation,1968,10,ATCM3_wp004_rev1_e,1964,4,0.8081364631652832,ATCM3_wp004_rev1_e,1964,4,0.9034562
Decision 466,Decision,2010,1,ATCM12_wp026_e,1983,27,0.7685684561729431,ATCM42_wp051_e,2019,-9,0.9144552
Decision 466,Decision,2010,2,ATCM20_wp020_e,1996,14,0.7538896799087524,ATCM16_wp051_e,1991,19,0.88841075
Decision 466,Decision,2010,3,ATCM33_wp066_e,2010,0,0.7495720982551575,ATCM33_wp066_e,2010,0,0.88841075
Decision 466,Decision,2010,4,ATCM42_wp051_e,2019,-9,0.7483745813369751,ATCM35_wp024_e,2012,-2,0.86842555
Decision 466,Decision,2010,5,ATCM16_wp051_e,1991,19,0.7480586767196655,ATCM31_wp062_e,2008,2,0.85565823
Decision 466,Decision,2010,6,ATCM22_wp006_e,1998,12,0.747689962387085,ATCM12_wp026_e,1983,27,0.8546907
Decision 466,Decision,2010,7,ATCM35_wp024_e,2012,-2,0.7403045296669006,ATCM20_wp020_e,1996,14,0.84826964
Decision 466,Decision,2010,8,ATCM21_wp024_e,1997,13,0.74021315574646,ATCM22_wp006_e,1998,12,0.8336498
Decision 466,Decision,2010,9,ATCM17_wp031_e,1992,18,0.7355740070343018,ATCM17_wp031_e,1992,18,0.8253646
Decision 466,Decision,2010,10,ATCM31_wp062_e,2008,2,0.7316836714744568,ATCM21_wp024_e,1997,13,0.8202392
Recommendation 174,Recommendation,1989,1,ATCM15_wp021_e,1989,0,0.9258792996406555,ATCM15_wp021_e,1989,0,0.92156255
Recommendation 174,Recommendation,1989,2,ATCM15_wp060_e,1989,0,0.9101549386978149,ATCM15_wp060_e,1989,0,0.92056865
Recommendation 174,Recommendation,1989,3,ATCM7_wp032_e,1972,17,0.8555220365524292,ATCM6_wp019_rev1_e,1970,19,0.87730867
Recommendation 174,Recommendation,1989,4,ATCM7_wp015_e,1972,17,0.8489944934844971,ATCM7_wp015_e,1972,17,0.8756169
Recommendation 174,Recommendation,1989,5,ATCM12_wp018_e,1983,6,0.81876540184021,ATCM8_wp009_e,1975,14,0.87433493
Recommendation 174,Recommendation,1989,6,ATCM6_wp019_e,1970,19,0.810239315032959,ATCM6_wp019_e,1970,19,0.8736898
Recommendation 174,Recommendation,1989,7,ATCM6_wp019_rev1_e,1970,19,0.8086844682693481,ATCM8_wp046_e,1975,14,0.87020063
Recommendation 174,Recommendation,1989,8,ATCM8_wp046_e,1975,14,0.8066699504852295,ATCM15_wp004_e,1989,0,0.8693157
Recommendation 174,Recommendation,1989,9,ATCM8_wp009_e,1975,14,0.805556058883667,ATCM7_wp032_e,1972,17,0.8632072
Recommendation 174,Recommendation,1989,10,ATCM15_wp004_e,1989,0,0.8037759065628052,ATCM12_wp018_e,1983,6,0.8590027
nan 192,Untyped,1990,1,ATCM12_wp027_rev1_e,1983,7,0.7444145083427429,ATCM17_wp026_e,1992,-2,0.88975894
nan 192,Untyped,1990,2,ATCM9_wp063_e,1977,13,0.7380868196487427,ATCM14_wp003_e,1987,3,0.87020063
nan 192,Untyped,1990,3,ATCM9_wp061_e,1977,13,0.7366682291030884,ATCM14_wp026_e,1987,3,0.8688713
nan 192,Untyped,1990,4,ATCM9_wp081_rev1_e,1977,13,0.7280811071395874,ATCM9_wp061_e,1977,13,0.8102388
nan 192,Untyped,1990,5,ATCM3_wp044_e,1964,26,0.7256202101707458,ATCM9_wp081_rev1_e,1977,13,0.7941296
nan 192,Untyped,1990,6,ATCM17_wp026_e,1992,-2,0.7248884439468384,ATCM9_wp063_e,1977,13,0.7928494
nan 192,Untyped,1990,7,ATCM14_wp003_e,1987,3,0.7237693071365356,ATCM12_wp024_rev1_e,1983,7,0.785045
nan 192,Untyped,1990,8,ATCM12_wp024_rev1_e,1983,7,0.7208253145217896,ATCM3_wp044_e,1964,26,0.77018833
nan 192,Untyped,1990,9,ATCM14_wp026_e,1987,3,0.7205700278282166,ATCM12_wp027_rev1_e,1983,7,0.7307513
nan 192,Untyped,1990,10,ATCM7_wp053_e,1972,18,0.7198817729949951,ATCM7_wp053_e,1972,18,0.7198565
Recommendation 101,Recommendation,1975,1,ATCM8_wp011_e,1975,0,0.8951393961906433,ATCM8_wp011_e,1975,0,0.94710773
Recommendation 101,Recommendation,1975,2,ATCM8_wp011_rev1_e,1975,0,0.829349160194397,ATCM37_wp006_e,2014,-39,0.93814665
Recommendation 101,Recommendation,1975,3,ATCM4_wp048_rev1_e,1966,9,0.7458910942077637,ATCM8_wp011_rev1_e,1975,0,0.93393874
Recommendation 101,Recommendation,1975,4,ATCM4_wp048_e,1966,9,0.7412698268890381,ATCM32_wp024_e,2009,-34,0.9292737
Recommendation 101,Recommendation,1975,5,ATCM4_wp047_rev1_e,1966,9,0.7341808676719666,ATCM4_wp042_e,1966,9,0.88104296
Recommendation 101,Recommendation,1975,6,ATCM37_wp006_e,2014,-39,0.7301104664802551,ATCM4_wp047_e,1966,9,0.8741202
Recommendation 101,Recommendation,1975,7,ATCM4_wp042_e,1966,9,0.7281441688537598,ATCM4_wp047_rev1_e,1966,9,0.8682022
Recommendation 101,Recommendation,1975,8,ATCM4_wp052_rev1_e,1966,9,0.7230347394943237,ATCM4_wp048_e,1966,9,0.8648136
Recommendation 101,Recommendation,1975,9,ATCM32_wp024_e,2009,-34,0.7221318483352661,ATCM4_wp048_rev1_e,1966,9,0.8613517
Recommendation 101,Recommendation,1975,10,ATCM4_wp047_e,1966,9,0.7216587066650391,ATCM4_wp052_rev1_e,1966,9,0.85517514
Recommendation 172,Recommendation,1989,1,ATCM15_wp010_e,1989,0,0.9607687592506409,ATCM15_wp063_e,1989,0,0.90400845
Recommendation 172,Recommendation,1989,2,ATCM15_wp016_e,1989,0,0.9423409104347229,ATCM15_wp010_e,1989,0,0.8999509
Recommendation 172,Recommendation,1989,3,ATCM15_wp063_e,1989,0,0.9159185290336609,ATCM15_wp016_e,1989,0,0.89871323
Recommendation 172,Recommendation,1989,4,ATCM12_wp007_e,1983,6,0.8918039798736572,ATCM8_wp009_rev1_e,1975,14,0.89665025
Recommendation 172,Recommendation,1989,5,ATCM8_wp009_rev1_e,1975,14,0.8863672614097595,ATCM12_wp007_e,1983,6,0.88606596
Recommendation 172,Recommendation,1989,6,ATCM15_wp059_e,1989,0,0.8459171056747437,ATCM8_wp029_rev3_e,1975,14,0.875404
Recommendation 172,Recommendation,1989,7,ATCM12_wp025_e,1983,6,0.8113579750061035,ATCM15_wp059_e,1989,0,0.87497735
Recommendation 172,Recommendation,1989,8,ATCM7_wp025_e,1972,17,0.8006289005279541,ATCM7_wp015_e,1972,17,0.86842555
Recommendation 172,Recommendation,1989,9,ATCM7_wp015_e,1972,17,0.7988382577896118,ATCM12_wp025_e,1983,6,0.8654972
Recommendation 172,Recommendation,1989,10,ATCM8_wp029_rev3_e,1975,14,0.7949437499046326,ATCM7_wp025_e,1972,17,0.85517514
Recommendation 169,Recommendation,1987,1,ATCM15_wp024_e,1989,-2,0.8773772716522217,ATCM15_wp052_rev3_e,1989,-2,0.9505213
Recommendation 169,Recommendation,1987,2,ATCM15_wp052_rev3_e,1989,-2,0.8611314296722412,ATCM15_wp024_e,1989,-2,0.94210327
Recommendation 169,Recommendation,1987,3,ATCM15_wp049_e,1989,-2,0.8602795600891113,ATCM14_wp014_e,1987,0,0.9371187
Recommendation 169,Recommendation,1987,4,ATCM14_wp014_e,1987,0,0.857273519039154,ATCM15_wp049_e,1989,-2,0.9361917
Recommendation 169,Recommendation,1987,5,ATCM17_wp018_e,1992,-5,0.8155461549758911,ATCM17_wp018_e,1992,-5,0.92244047
Recommendation 169,Recommendation,1987,6,ATCM10_wp006_rev1_e,1979,8,0.7678281664848328,ATCM16_wp053_rev1_e,1991,-4,0.886263
Recommendation 169,Recommendation,1987,7,ATCM33_wp046_e,2010,-23,0.7638659477233887,ATCM10_wp025_e,1979,8,0.8770983
Recommendation 169,Recommendation,1987,8,ATCM10_wp006_e,1979,8,0.7624468207359314,ATCM10_wp006_rev1_e,1979,8,0.8613517
Recommendation 169,Recommendation,1987,9,ATCM16_wp053_rev1_e,1991,-4,0.7616726160049438,ATCM10_wp006_e,1979,8,0.85994625
Recommendation 169,Recommendation,1987,10,ATCM10_wp025_e,1979,8,0.7615232467651367,ATCM33_wp046_e,2010,-23,0.8102388
Recommendation 57,Recommendation,1966,1,ATCM4_wp030_e,1966,0,0.9072293639183044,ATCM4_wp003_e,1966,0,0.95624363
Recommendation 57,Recommendation,1966,2,ATCM4_wp003_e,1966,0,0.8988917469978333,ATCM3_wp001_e,1964,2,0.9357234
Recommendation 57,Recommendation,1966,3,ATCM6_wp013_e,1970,-4,0.8429062366485596,ATCM4_wp030_e,1966,0,0.9323548
Recommendation 57,Recommendation,1966,4,ATCM6_wp026_e,1970,-4,0.8103839159011841,ATCM6_wp013_e,1970,-4,0.9275866
Recommendation 57,Recommendation,1966,5,ATCM3_wp003_rev2_e,1964,2,0.7974042892456055,ATCM6_wp013_rev1_e,1970,-4,0.9047684
Recommendation 57,Recommendation,1966,6,ATCM6_wp013_rev1_e,1970,-4,0.7913156151771545,ATCM4_wp006_rev2_e,1966,0,0.9009141
Recommendation 57,Recommendation,1966,7,ATCM5_wp010_e,1968,-2,0.7710315585136414,ATCM6_wp026_e,1970,-4,0.8522482
Recommendation 57,Recommendation,1966,8,ATCM3_wp001_e,1964,2,0.7695735692977905,ATCM2_wp018_e,1962,4,0.8047744
Recommendation 57,Recommendation,1966,9,ATCM4_wp006_rev2_e,1966,0,0.767663300037384,ATCM3_wp003_rev2_e,1964,2,0.78766996
Recommendation 57,Recommendation,1966,10,ATCM2_wp018_e,1962,4,0.7626185417175293,ATCM5_wp010_e,1968,-2,0.76178664
Recommendation 131,Recommendation,1979,1,ATCM10_wp051_rev1_e,1979,0,0.9564625024795532,ATCM10_wp051_rev1_e,1979,0,0.9637254
Recommendation 131,Recommendation,1979,2,ATCM10_wp051_e,1979,0,0.9493986368179321,ATCM11_wp004_e,1981,-2,0.96289706
Recommendation 131,Recommendation,1979,3,ATCM11_wp004_e,1981,-2,0.8810054063796997,ATCM10_wp051_e,1979,0,0.9608931
Recommendation 131,Recommendation,1979,4,ATCM15_wp017_e,1989,-10,0.8671334981918335,ATCM11_wp022_e,1981,-2,0.9542397
Recommendation 131,Recommendation,1979,5,ATCM10_wp044_e,1979,0,0.8335174322128296,ATCM15_wp017_e,1989,-10,0.9488415
Recommendation 131,Recommendation,1979,6,ATCM16_wp047_rev1_e,1991,-12,0.7978941202163696,ATCM10_wp038_e,1979,0,0.9351336
Recommendation 131,Recommendation,1979,7,ATCM10_wp026_e,1979,0,0.7946658134460449,ATCM10_wp026_e,1979,0,0.93453866
Recommendation 131,Recommendation,1979,8,ATCM16_wp047_e,1991,-12,0.7866834998130798,ATCM10_wp044_e,1979,0,0.930167
Recommendation 131,Recommendation,1979,9,ATCM10_wp038_e,1979,0,0.784275233745575,ATCM16_wp047_e,1991,-12,0.8818593
Recommendation 131,Recommendation,1979,10,ATCM11_wp022_e,1981,-2,0.7741342782974243,ATCM16_wp047_rev1_e,1991,-12,0.88063294
Recommendation 103,Recommendation,1975,1,ATCM8_wp036_e,1975,0,0.9465612173080444,ATCM8_wp036_e,1975,0,0.9079998
Recommendation 103,Recommendation,1975,2,ATCM7_wp046_e,1972,3,0.9019486904144287,ATCM7_wp046_e,1972,3,0.8999509
Recommendation 103,Recommendation,1975,3,ATCM7_wp046_rev1_e,1972,3,0.8983315229415894,ATCM10_wp039_rev1_e,1979,-4,0.8995105
Recommendation 103,Recommendation,1975,4,ATCM8_wp002_e,1975,0,0.892902672290802,ATCM7_wp046_rev1_e,1972,3,0.8979998
Recommendation 103,Recommendation,1975,5,ATCM16_wp020_e,1991,-16,0.8795095682144165,ATCM10_wp039_e,1979,-4,0.89791036
Recommendation 103,Recommendation,1975,6,ATCM10_wp031_rev1_e,1979,-4,0.8611236810684204,ATCM10_wp031_rev1_e,1979,-4,0.8901415
Recommendation 103,Recommendation,1975,7,ATCM10_wp031_e,1979,-4,0.8446505069732666,ATCM8_wp002_e,1975,0,0.8846785
Recommendation 103,Recommendation,1975,8,ATCM12_wp014_rev1_e,1983,-8,0.8444002866744995,ATCM16_wp020_e,1991,-16,0.87939554
Recommendation 103,Recommendation,1975,9,ATCM10_wp039_e,1979,-4,0.8362184166908264,ATCM10_wp031_e,1979,-4,0.87877274
Recommendation 103,Recommendation,1975,10,ATCM10_wp039_rev1_e,1979,-4,0.8355789184570312,ATCM12_wp014_rev1_e,1983,-8,0.8730417
Resolution 448,Resolution,2009,1,ATCM34_wp021_e,2011,-2,0.8833728432655334,ATCM34_wp021_e,2011,-2,0.97258186
Resolution 448,Resolution,2009,2,ATCM41_wp022_e,2018,-9,0.8455541133880615,ATCM41_wp022_e,2018,-9,0.96303636
Resolution 448,Resolution,2009,3,ATCM16_wp037_e,1991,18,0.8356279730796814,ATCM32_wp010_e,2009,0,0.9600028
Resolution 448,Resolution,2009,4,ATCM16_wp002_e,1991,18,0.8347040414810181,ATCM16_wp029_e,1991,18,0.9309872
Resolution 448,Resolution,2009,5,ATCM18_wp011_e,1994,15,0.8276493549346924,ATCM16_wp037_e,1991,18,0.9308616
Resolution 448,Resolution,2009,6,ATCM32_wp010_e,2009,0,0.8268387317657471,ATCM28_wp012_e,2005,4,0.92752105
Resolution 448,Resolution,2009,7,ATCM17_wp002_e,1992,17,0.8190289735794067,ATCM18_wp018_e,1994,15,0.92539185
Resolution 448,Resolution,2009,8,ATCM18_wp018_e,1994,15,0.8166072368621826,ATCM16_wp002_e,1991,18,0.9242376
Resolution 448,Resolution,2009,9,ATCM28_wp012_e,2005,4,0.8150127530097961,ATCM18_wp011_e,1994,15,0.9208893
Resolution 448,Resolution,2009,10,ATCM16_wp029_e,1991,18,0.8142831325531006,ATCM17_wp002_e,1992,17,0.92067564
Recommendation 58,Recommendation,1966,1,ATCM4_wp045_rev1_e,1966,0,0.8813732862472534,ATCM4_wp045_rev1_e,1966,0,0.97750866
Recommendation 58,Recommendation,1966,2,ATCM4_wp045_e,1966,0,0.8708847761154175,ATCM4_wp045_e,1966,0,0.9769875
Recommendation 58,Recommendation,1966,3,ATCM3_wp040_e,1964,2,0.8136745691299438,ATCM3_wp040_e,1964,2,0.9723727
Recommendation 58,Recommendation,1966,4,ATCM7_wp036_e,1972,-6,0.7688616514205933,ATCM5_wp010_e,1968,-2,0.9706433
Recommendation 58,Recommendation,1966,5,ATCM5_wp010_e,1968,-2,0.7651219367980957,ATCM7_wp036_e,1972,-6,0.967361
Recommendation 58,Recommendation,1966,6,ATCM4_wp059_e,1966,0,0.7646893262863159,ATCM4_wp059_e,1966,0,0.9663597
Recommendation 58,Recommendation,1966,7,ATCM3_wp002_e,1964,2,0.7644647359848022,ATCM7_wp029_rev2_e,1972,-6,0.9645359
Recommendation 58,Recommendation,1966,8,ATCM7_wp041_e,1972,-6,0.7518867254257202,ATCM3_wp002_e,1964,2,0.9586308
Recommendation 58,Recommendation,1966,9,ATCM16_wp049_e,1991,-25,0.7507227659225464,ATCM16_wp049_e,1991,-25,0.9544101
Recommendation 58,Recommendation,1966,10,ATCM7_wp029_rev2_e,1972,-6,0.750635027885437,ATCM7_wp041_e,1972,-6,0.94710773
Resolution 446,Resolution,2009,1,ATCM31_wp030_rev3_e,2008,1,0.8474323153495789,ATCM31_wp030_rev3_e,2008,1,0.959093
Resolution 446,Resolution,2009,2,ATCM39_wp018_e,2016,-7,0.6999930143356323,ATCM39_wp018_e,2016,-7,0.92525697
Resolution 446,Resolution,2009,3,ATCM44_wp035_e,2022,-13,0.6987701654434204,ATCM28_wp042_e,2005,4,0.92403215
Resolution 446,Resolution,2009,4,ATCM44_wp034_e,2022,-13,0.6940637826919556,ATCM25_wp033_e,2002,7,0.9221254
Resolution 446,Resolution,2009,5,ATCM25_wp033_e,2002,7,0.6854543685913086,ATCM29_wp010_rev1_e,2006,3,0.9150832
Resolution 446,Resolution,2009,6,ATCM23_wp024_e,1999,10,0.6854311227798462,ATCM23_wp024_e,1999,10,0.8613517
Resolution 446,Resolution,2009,7,ATCM38_wp009_e,2015,-6,0.683873176574707,ATCM38_wp009_e,2015,-6,0.8585289
Resolution 446,Resolution,2009,8,ATCM29_wp010_rev1_e,2006,3,0.6806023120880127,ATCM44_wp034_e,2022,-13,0.8462476
Resolution 446,Resolution,2009,9,ATCM42_wp062_e,2019,-10,0.6800366640090942,ATCM44_wp035_e,2022,-13,0.80168754
Resolution 446,Resolution,2009,10,ATCM28_wp042_e,2005,4,0.6786686182022095,ATCM42_wp062_e,2019,-10,0.75750744
Measure 480,Measure,2011,1,ATCM43_wp054_e,2021,-10,0.8837500810623169,ATCM39_wp036_e,2016,-5,0.98099285
Measure 480,Measure,2011,2,ATCM34_wp003_e,2011,0,0.866024911403656,ATCM43_wp054_e,2021,-10,0.9766336
Measure 480,Measure,2011,3,ATCM39_wp036_e,2016,-5,0.8588244318962097,ATCM34_wp003_e,2011,0,0.9723727
Measure 480,Measure,2011,4,ATCM37_wp054_e,2014,-3,0.8255583047866821,ATCM45_wp054_rev1_e,2023,-12,0.9087718
Measure 480,Measure,2011,5,ATCM35_wp044_e,2012,-1,0.8254266381263733,ATCM41_wp031_e,2018,-7,0.9086706
Measure 480,Measure,2011,6,ATCM36_wp059_e,2013,-2,0.8139097690582275,ATCM35_wp044_e,2012,-1,0.9078774
Measure 480,Measure,2011,7,ATCM45_wp054_rev1_e,2023,-12,0.812927782535553,ATCM37_wp054_e,2014,-3,0.9048946
Measure 480,Measure,2011,8,ATCM46_wp023_e,2024,-13,0.8129088878631592,ATCM36_wp059_e,2013,-2,0.9035413
Measure 480,Measure,2011,9,ATCM35_wp058_e,2012,-1,0.8044090270996094,ATCM46_wp023_e,2024,-13,0.8842793
Measure 480,Measure,2011,10,ATCM41_wp031_e,2018,-7,0.799595057964325,ATCM35_wp058_e,2012,-1,0.86753035
Recommendation 105,Recommendation,1975,1,ATCM8_wp026_e,1975,0,0.9212743043899536,ATCM8_wp026_e,1975,0,0.96074593
Recommendation 105,Recommendation,1975,2,ATCM6_wp015_e,1970,5,0.9064598083496094,ATCM8_wp010_e,1975,0,0.93746316
Recommendation 105,Recommendation,1975,3,ATCM6_wp015_rev1_e,1970,5,0.8912034034729004,ATCM6_wp015_e,1970,5,0.93677264
Recommendation 105,Recommendation,1975,4,ATCM15_wp032_rev1_e,1989,-14,0.867104172706604,ATCM3_wp001_e,1964,11,0.935958
Recommendation 105,Recommendation,1975,5,ATCM3_wp001_e,1964,11,0.8373188972473145,ATCM6_wp015_rev1_e,1970,5,0.9280445
Recommendation 105,Recommendation,1975,6,ATCM15_wp053_e,1989,-14,0.8348522186279297,ATCM8_wp001_e,1975,0,0.92396355
Recommendation 105,Recommendation,1975,7,ATCM8_wp010_e,1975,0,0.8332716226577759,ATCM15_wp039_e,1989,-14,0.92056865
Recommendation 105,Recommendation,1975,8,ATCM15_wp039_e,1989,-14,0.8196686506271362,ATCM15_wp053_e,1989,-14,0.9189106
Recommendation 105,Recommendation,1975,9,ATCM8_wp005_e,1975,0,0.8145583271980286,ATCM15_wp032_rev1_e,1989,-14,0.90726286
Recommendation 105,Recommendation,1975,10,ATCM8_wp001_e,1975,0,0.8111115097999573,ATCM8_wp005_e,1975,0,0.90585667
Measure 392,Measure,2008,1,ATCM45_wp037_rev1_e,2023,-15,0.8425863981246948,ATCM30_wp032_rev1_e,2007,1,0.95541906
Measure 392,Measure,2008,2,ATCM38_wp041_e,2015,-7,0.8273714780807495,ATCM45_wp037_rev1_e,2023,-15,0.9547488
Measure 392,Measure,2008,3,ATCM31_wp052_e,2008,0,0.8084596991539001,ATCM38_wp041_e,2015,-7,0.9417828
Measure 392,Measure,2008,4,ATCM30_wp032_rev1_e,2007,1,0.775995135307312,ATCM31_wp052_e,2008,0,0.9266629
Measure 392,Measure,2008,5,ATCM44_wp015_e,2022,-14,0.7154844999313354,ATCM44_wp015_e,2022,-14,0.8202392
Measure 392,Measure,2008,6,ATCM16_wp013_e,1991,17,0.6836541891098022,ATCM36_wp063_e,2013,-5,0.79919165
Measure 392,Measure,2008,7,ATCM36_wp063_e,2013,-5,0.6824824213981628,ATCM35_wp019_e,2012,-4,0.77294225
Measure 392,Measure,2008,8,ATCM35_wp019_e,2012,-4,0.675334632396698,ATCM38_wp034_e,2015,-7,0.7660137
Measure 392,Measure,2008,9,ATCM38_wp034_e,2015,-7,0.6729066371917725,ATCM16_wp013_e,1991,17,0.7589396
Measure 392,Measure,2008,10,ATCM16_wp057_e,1991,17,0.6686155796051025,ATCM16_wp057_e,1991,17,0.74435914
Measure 460,Measure,2010,1,ATCM43_wp025_rev1_e,2021,-11,0.8849294781684875,ATCM33_wp034_e,2010,0,0.9701947
Measure 460,Measure,2010,2,ATCM33_wp034_e,2010,0,0.8729875087738037,ATCM43_wp025_rev1_e,2021,-11,0.964402
Measure 460,Measure,2010,3,ATCM38_wp026_e,2015,-5,0.8286750316619873,ATCM38_wp026_e,2015,-5,0.9480776
Measure 460,Measure,2010,4,ATCM33_wp033_e,2010,0,0.8165192008018494,ATCM33_wp032_e,2010,0,0.90281546
Measure 460,Measure,2010,5,ATCM43_wp023_rev1_e,2021,-11,0.8136615753173828,ATCM33_wp033_e,2010,0,0.902214
Measure 460,Measure,2010,6,ATCM43_wp024_rev1_e,2021,-11,0.8075872659683228,ATCM43_wp023_rev1_e,2021,-11,0.89808923
Measure 460,Measure,2010,7,ATCM33_wp032_e,2010,0,0.8047550916671753,ATCM43_wp024_rev1_e,2021,-11,0.8939036
Measure 460,Measure,2010,8,ATCM35_wp044_e,2012,-2,0.8017587661743164,ATCM35_wp044_e,2012,-2,0.8932535
Measure 460,Measure,2010,9,ATCM36_wp030_e,2013,-3,0.7975786328315735,ATCM36_wp030_e,2013,-3,0.88387895
Measure 460,Measure,2010,10,ATCM46_wp023_e,2024,-14,0.79267817735672,ATCM46_wp023_e,2024,-14,0.875404
Decision 340,Decision,2005,1,ATCM30_wp044_e,2007,-2,0.9251062870025635,ATCM30_wp044_e,2007,-2,0.9658481
Decision 340,Decision,2005,2,ATCM28_wp068_e,2005,0,0.8901258707046509,ATCM28_wp068_e,2005,0,0.9530308
Decision 340,Decision,2005,3,ATCM26_wp011_e,2003,2,0.8184689879417419,ATCM26_wp005_e,2003,2,0.94305456
Decision 340,Decision,2005,4,ATCM26_wp005_e,2003,2,0.7350959777832031,ATCM26_wp011_e,2003,2,0.94081146
Decision 340,Decision,2005,5,ATCM18_wp008_e,1994,11,0.7108303308486938,ATCM25_wp044_e,2002,3,0.8641271
Decision 340,Decision,2005,6,ATCM25_wp044_e,2002,3,0.7080515623092651,ATCM27_wp030_rev1_e,2004,1,0.85322917
Decision 340,Decision,2005,7,ATCM27_wp030_rev1_e,2004,1,0.7061823606491089,ATCM24_wp037_e,2001,4,0.8507664
Decision 340,Decision,2005,8,ATCM24_wp037_e,2001,4,0.7046334743499756,ATCM27_wp047_rev1_e,2004,1,0.8132236
Decision 340,Decision,2005,9,ATCM25_wp049_e,2002,3,0.6934630870819092,ATCM25_wp049_e,2002,3,0.7797246
Decision 340,Decision,2005,10,ATCM27_wp047_rev1_e,2004,1,0.6830775141716003,ATCM18_wp008_e,1994,11,0.77018833
Recommendation 80,Recommendation,1970,1,ATCM6_wp023_rev1_e,1970,0,0.9429785013198853,ATCM6_wp023_rev1_e,1970,0,0.9721621
Recommendation 80,Recommendation,1970,2,ATCM6_wp023_e,1970,0,0.9135088920593262,ATCM6_wp023_e,1970,0,0.9649345
Recommendation 80,Recommendation,1970,3,ATCM7_wp016_e,1972,-2,0.8935949802398682,ATCM7_wp016_e,1972,-2,0.9648021
Recommendation 80,Recommendation,1970,4,ATCM6_wp022_rev1_e,1970,0,0.8555999994277954,ATCM6_wp022_rev1_e,1970,0,0.9572139
Recommendation 80,Recommendation,1970,5,ATCM6_wp007_e,1970,0,0.8200998306274414,ATCM6_wp022_e,1970,0,0.9567313
Recommendation 80,Recommendation,1970,6,ATCM6_wp022_e,1970,0,0.8040006160736084,ATCM6_wp007_e,1970,0,0.9452176
Recommendation 80,Recommendation,1970,7,ATCM7_wp042_e,1972,-2,0.7554380893707275,ATCM7_wp042_e,1972,-2,0.938373
Recommendation 80,Recommendation,1970,8,ATCM7_wp015_e,1972,-2,0.7161285281181335,ATCM7_wp015_e,1972,-2,0.9304836
Recommendation 80,Recommendation,1970,9,ATCM7_wp032_e,1972,-2,0.7033833265304565,ATCM7_wp032_e,1972,-2,0.92348194
Recommendation 80,Recommendation,1970,10,ATCM8_wp029_rev3_e,1975,-5,0.702346920967102,ATCM8_wp029_rev3_e,1975,-5,0.91803306
Decision 324,Decision,2004,1,ATCM27_wp047_rev1_e,2004,0,0.8603132367134094,ATCM27_wp047_rev1_e,2004,0,0.9755397
Decision 324,Decision,2004,2,ATCM31_wp063_rev1_e,2008,-4,0.831792950630188,ATCM31_wp063_e,2008,-4,0.951612
Decision 324,Decision,2004,3,ATCM31_wp063_e,2008,-4,0.8317851424217224,ATCM31_wp063_rev1_e,2008,-4,0.9514318
Decision 324,Decision,2004,4,ATCM39_wp042_e,2016,-12,0.8103965520858765,ATCM46_wp017_e,2024,-20,0.94081146
Decision 324,Decision,2004,5,ATCM46_wp017_e,2024,-20,0.7967774868011475,ATCM26_wp041_e,2003,1,0.93938166
Decision 324,Decision,2004,6,ATCM25_wp042_e,2002,2,0.735654354095459,ATCM39_wp042_e,2016,-12,0.930167
Decision 324,Decision,2004,7,ATCM26_wp041_e,2003,1,0.7324079275131226,ATCM25_wp042_e,2002,2,0.92984915
Decision 324,Decision,2004,8,ATCM18_wp008_e,1994,10,0.6950891613960266,ATCM24_wp037_e,2001,3,0.8919429
Decision 324,Decision,2004,9,ATCM25_wp044_e,2002,2,0.6748045682907104,ATCM25_wp044_e,2002,2,0.8836784
Decision 324,Decision,2004,10,ATCM24_wp037_e,2001,3,0.6670503616333008,ATCM18_wp008_e,1994,10,0.85709965
nan 372,Untyped,1988,1,ATCM5_wp044_e,1968,20,0.7937706112861633,ATCM5_wp044_e,1968,20,0.89746183
nan 372,Untyped,1988,2,ATCM5_wp026_e,1968,20,0.7783017158508301,ATCM5_wp026_e,1968,20,0.8971919
nan 372,Untyped,1988,3,ATCM5_wp042_rev3_e,1968,20,0.7738766670227051,ATCM5_wp042_rev3_e,1968,20,0.89510167
nan 372,Untyped,1988,4,ATCM5_wp022_e,1968,20,0.7656428217887878,ATCM4_wp057_rev2_e,1966,22,0.89399624
nan 372,Untyped,1988,5,ATCM4_wp057_rev2_e,1966,22,0.7655777335166931,ATCM7_wp013_e,1972,16,0.8932535
nan 372,Untyped,1988,6,ATCM7_wp013_e,1972,16,0.7648217678070068,ATCM4_wp057_e,1966,22,0.88685226
nan 372,Untyped,1988,7,ATCM4_wp057_e,1966,22,0.7617640495300293,ATCM4_wp058_e,1966,22,0.878356
nan 372,Untyped,1988,8,ATCM5_wp042_rev1_e,1968,20,0.7607500553131104,ATCM5_wp022_e,1968,20,0.8708611
nan 372,Untyped,1988,9,ATCM5_wp042_e,1968,20,0.7493420839309692,ATCM5_wp042_rev1_e,1968,20,0.86730576
nan 372,Untyped,1988,10,ATCM4_wp058_e,1966,22,0.7469195127487183,ATCM5_wp042_e,1968,20,0.8379385
Measure 482,Measure,2011,1,ATCM44_wp044_e,2022,-11,0.8967276215553284,ATCM39_wp004_e,2016,-5,0.98357177
Measure 482,Measure,2011,2,ATCM39_wp004_e,2016,-5,0.8672159910202026,ATCM44_wp044_e,2022,-11,0.9827969
Measure 482,Measure,2011,3,ATCM34_wp047_e,2011,0,0.8339784741401672,ATCM33_wp043_e,2010,1,0.981138
Measure 482,Measure,2011,4,ATCM33_wp043_e,2010,1,0.8325772285461426,ATCM34_wp047_e,2011,0,0.9645359
Measure 482,Measure,2011,5,ATCM35_wp044_e,2012,-1,0.8130944967269897,ATCM24_wp033_e,2001,10,0.9281748
Measure 482,Measure,2011,6,ATCM35_wp058_e,2012,-1,0.8074054718017578,ATCM38_wp026_e,2015,-4,0.9234129
Measure 482,Measure,2011,7,ATCM35_wp060_e,2012,-1,0.7998303174972534,ATCM35_wp044_e,2012,-1,0.9147507
Measure 482,Measure,2011,8,ATCM38_wp026_e,2015,-4,0.7978039979934692,ATCM46_wp027_e,2024,-13,0.910428
Measure 482,Measure,2011,9,ATCM46_wp027_e,2024,-13,0.7943335771560669,ATCM35_wp060_e,2012,-1,0.8848775
Measure 482,Measure,2011,10,ATCM24_wp033_e,2001,10,0.7943166494369507,ATCM35_wp058_e,2012,-1,0.88307476
Decision 299,Decision,2003,1,ATCM25_wp035_e,2002,1,0.7767158150672913,ATCM26_wp012_e,2003,0,0.96996796
Decision 299,Decision,2003,2,ATCM26_wp012_e,2003,0,0.7495626211166382,ATCM26_wp005_e,2003,0,0.96760666
Decision 299,Decision,2003,3,ATCM26_wp005_e,2003,0,0.726523756980896,ATCM25_wp035_e,2002,1,0.94210327
Decision 299,Decision,2003,4,ATCM25_wp028_e,2002,1,0.7217530012130737,ATCM27_wp047_rev1_e,2004,-1,0.93848586
Decision 299,Decision,2003,5,ATCM25_wp044_e,2002,1,0.720253050327301,ATCM31_wp063_rev1_e,2008,-5,0.9232055
Decision 299,Decision,2003,6,ATCM27_wp047_rev1_e,2004,-1,0.7108027338981628,ATCM24_wp037_e,2001,2,0.9149884
Decision 299,Decision,2003,7,ATCM24_wp037_e,2001,2,0.7020666003227234,ATCM25_wp044_e,2002,1,0.91183156
Decision 299,Decision,2003,8,ATCM18_wp008_e,1994,9,0.693053126335144,ATCM25_wp028_e,2002,1,0.9023862
Decision 299,Decision,2003,9,ATCM31_wp063_rev1_e,2008,-5,0.6864317655563354,ATCM18_wp008_e,1994,9,0.8905229
Decision 299,Decision,2003,10,ATCM18_wp016_e,1994,9,0.6845638751983643,ATCM18_wp016_e,1994,9,0.8766766
Measure 454,Measure,2010,1,ATCM43_wp022_e,2021,-11,0.89089035987854,ATCM33_wp031_e,2010,0,0.9692777
Measure 454,Measure,2010,2,ATCM33_wp031_e,2010,0,0.8371758460998535,ATCM43_wp022_e,2021,-11,0.9650665
Measure 454,Measure,2010,3,ATCM38_wp026_e,2015,-5,0.8242905735969543,ATCM38_wp026_e,2015,-5,0.9488415
Measure 454,Measure,2010,4,ATCM46_wp023_e,2024,-14,0.7915878891944885,ATCM37_wp054_e,2014,-4,0.8971018
Measure 454,Measure,2010,5,ATCM36_wp030_e,2013,-3,0.7884112000465393,ATCM39_wp026_e,2016,-6,0.8934396
Measure 454,Measure,2010,6,ATCM33_wp033_e,2010,0,0.787197470664978,ATCM36_wp030_e,2013,-3,0.8924126
Measure 454,Measure,2010,7,ATCM43_wp020_e,2021,-11,0.7869706153869629,ATCM46_wp023_e,2024,-14,0.885671
Measure 454,Measure,2010,8,ATCM37_wp054_e,2014,-4,0.7830785512924194,ATCM33_wp033_e,2010,0,0.88307476
Measure 454,Measure,2010,9,ATCM39_wp026_e,2016,-6,0.7829586267471313,ATCM43_wp020_e,2021,-11,0.8822656
Measure 454,Measure,2010,10,ATCM44_wp043_e,2022,-12,0.78275465965271,ATCM44_wp043_e,2022,-12,0.87646526
Measure 452,Measure,2010,1,ATCM38_wp012_e,2015,-5,0.8802341222763062,ATCM43_wp029_e,2021,-11,0.9791637
Measure 452,Measure,2010,2,ATCM43_wp029_e,2021,-11,0.879213809967041,ATCM38_wp012_e,2015,-5,0.97750866
Measure 452,Measure,2010,3,ATCM28_wp042_e,2005,5,0.8511509895324707,ATCM33_wp038_e,2010,0,0.9584756
Measure 452,Measure,2010,4,ATCM33_wp038_e,2010,0,0.83247971534729,ATCM28_wp042_e,2005,5,0.95491725
Measure 452,Measure,2010,5,ATCM43_wp050_e,2021,-11,0.8199921250343323,ATCM43_wp028_e,2021,-11,0.914703
Measure 452,Measure,2010,6,ATCM44_wp032_e,2022,-12,0.80293869972229,ATCM43_wp050_e,2021,-11,0.9104877
Measure 452,Measure,2010,7,ATCM44_wp045_e,2022,-12,0.79950350522995,ATCM44_wp045_e,2022,-12,0.89808923
Measure 452,Measure,2010,8,ATCM46_wp023_e,2024,-14,0.799281895160675,ATCM43_wp020_e,2021,-11,0.8934396
Measure 452,Measure,2010,9,ATCM43_wp020_e,2021,-11,0.79826819896698,ATCM44_wp032_e,2022,-12,0.88975894
Measure 452,Measure,2010,10,ATCM43_wp028_e,2021,-11,0.7972339987754822,ATCM46_wp023_e,2024,-14,0.88307476
Resolution 445,Resolution,2009,1,ATCM28_wp031_e,2005,4,0.8572349548339844,ATCM46_wp052_e,2024,-15,0.9538974
Resolution 445,Resolution,2009,2,ATCM46_wp052_e,2024,-15,0.8500687479972839,ATCM28_wp031_e,2005,4,0.9448117
Resolution 445,Resolution,2009,3,ATCM36_wp015_e,2013,-4,0.8251718282699585,ATCM41_wp032_e,2018,-9,0.9439912
Resolution 445,Resolution,2009,4,ATCM29_wp001_e,2006,3,0.823255181312561,ATCM42_wp055_e,2019,-10,0.9431594
Resolution 445,Resolution,2009,5,ATCM42_wp055_e,2019,-10,0.817177951335907,ATCM30_wp022_e,2007,2,0.9414607
Resolution 445,Resolution,2009,6,ATCM41_wp032_e,2018,-9,0.8141360282897949,ATCM29_wp001_e,2006,3,0.94081146
Resolution 445,Resolution,2009,7,ATCM29_wp002_e,2006,3,0.8118569850921631,ATCM36_wp020_e,2013,-4,0.9370036
Resolution 445,Resolution,2009,8,ATCM36_wp020_e,2013,-4,0.8044066429138184,ATCM36_wp015_e,2013,-4,0.936075
Resolution 445,Resolution,2009,9,ATCM27_wp026_e,2004,5,0.8039517402648926,ATCM27_wp026_e,2004,5,0.9330902
Resolution 445,Resolution,2009,10,ATCM30_wp022_e,2007,2,0.8018344044685364,ATCM29_wp002_e,2006,3,0.9280445
Measure 464,Measure,2010,1,ATCM32_wp025_e,2009,1,0.8473197221755981,ATCM42_wp027_e,2019,-9,0.97818553
Measure 464,Measure,2010,2,ATCM42_wp027_e,2019,-9,0.8455237746238708,ATCM44_wp001_e,2022,-12,0.97459
Measure 464,Measure,2010,3,ATCM33_wp018_e,2010,0,0.8367830514907837,ATCM32_wp025_e,2009,1,0.9658481
Measure 464,Measure,2010,4,ATCM45_wp059_e,2023,-13,0.8184252977371216,ATCM33_wp018_e,2010,0,0.96532893
Measure 464,Measure,2010,5,ATCM44_wp001_e,2022,-12,0.8123900890350342,ATCM31_wp039_e,2008,2,0.94430023
Measure 464,Measure,2010,6,ATCM35_wp060_e,2012,-2,0.7971699237823486,ATCM33_wp027_e,2010,0,0.9423159
Measure 464,Measure,2010,7,ATCM35_wp044_e,2012,-2,0.7968395352363586,ATCM35_wp044_e,2012,-2,0.89109284
Measure 464,Measure,2010,8,ATCM33_wp027_e,2010,0,0.7921591997146606,ATCM36_wp059_e,2013,-3,0.885671
Measure 464,Measure,2010,9,ATCM31_wp039_e,2008,2,0.7915442585945129,ATCM45_wp059_e,2023,-13,0.8802217
Measure 464,Measure,2010,10,ATCM36_wp059_e,2013,-3,0.7912722826004028,ATCM35_wp060_e,2012,-2,0.8661778
Decision 222,Decision,1995,1,ATCM10_wp015_e,1979,16,0.7909554243087769,ATCM21_wp001_e,1997,-2,0.9572139
Decision 222,Decision,1995,2,ATCM27_wp008_e,2004,-9,0.7869452238082886,ATCM27_wp048_rev1_e,2004,-9,0.95125103
Decision 222,Decision,1995,3,ATCM21_wp001_e,1997,-2,0.7712263464927673,ATCM21_wp033_e,1997,-2,0.93393874
Decision 222,Decision,1995,4,ATCM27_wp048_rev1_e,2004,-9,0.7592034339904785,ATCM1_wp002_e,1961,34,0.92856437
Decision 222,Decision,1995,5,ATCM3_wp038_e,1964,31,0.7582497596740723,ATCM27_wp008_e,2004,-9,0.9120962
Decision 222,Decision,1995,6,ATCM3_wp038_rev1_e,1964,31,0.7527642250061035,ATCM32_wp007_e,2009,-14,0.9112015
Decision 222,Decision,1995,7,ATCM26_wp003_e,2003,-8,0.7459878325462341,ATCM26_wp003_e,2003,-8,0.8958329
Decision 222,Decision,1995,8,ATCM21_wp033_e,1997,-2,0.7422453165054321,ATCM10_wp015_e,1979,16,0.8542049
Decision 222,Decision,1995,9,ATCM1_wp002_e,1961,34,0.7391586303710938,ATCM3_wp038_rev1_e,1964,31,0.79793495
Decision 222,Decision,1995,10,ATCM32_wp007_e,2009,-14,0.7353541254997253,ATCM3_wp038_e,1964,31,0.78239655
Measure 484,Measure,2011,1,ATCM39_wp027_e,2016,-5,0.891559898853302,ATCM34_wp033_e,2011,0,0.9780182
Measure 484,Measure,2011,2,ATCM43_wp045_e,2021,-10,0.8881860375404358,ATCM39_wp027_e,2016,-5,0.9753525
Measure 484,Measure,2011,3,ATCM34_wp033_e,2011,0,0.8540196418762207,ATCM43_wp045_e,2021,-10,0.9742002
Measure 484,Measure,2011,4,ATCM45_wp024_e,2023,-12,0.7965260744094849,ATCM29_wp031_e,2006,5,0.9568927
Measure 484,Measure,2011,5,ATCM35_wp044_e,2012,-1,0.7958170175552368,ATCM41_wp010_e,2018,-7,0.9363083
Measure 484,Measure,2011,6,ATCM41_wp010_e,2018,-7,0.7887264490127563,ATCM45_wp024_e,2023,-12,0.9308616
Measure 484,Measure,2011,7,ATCM36_wp005_e,2013,-2,0.7859058380126953,ATCM35_wp044_e,2012,-1,0.92313623
Measure 484,Measure,2011,8,ATCM46_wp023_e,2024,-13,0.7814945578575134,ATCM36_wp005_e,2013,-2,0.9159707
Measure 484,Measure,2011,9,ATCM29_wp031_e,2006,5,0.779586672782898,ATCM46_wp023_e,2024,-13,0.9105573
Measure 484,Measure,2011,10,ATCM35_wp058_e,2012,-1,0.7794163227081299,ATCM35_wp058_e,2012,-1,0.8800156
Measure 456,Measure,2010,1,ATCM38_wp002_e,2015,-5,0.8676607012748718,ATCM33_wp019_rev1_e,2010,0,0.98478764
Measure 456,Measure,2010,2,ATCM33_wp019_rev1_e,2010,0,0.8658068776130676,ATCM38_wp002_e,2015,-5,0.9823961
Measure 456,Measure,2010,3,ATCM44_wp005_e,2022,-12,0.8205846548080444,ATCM28_wp004_e,2005,5,0.981138
Measure 456,Measure,2010,4,ATCM35_wp044_e,2012,-2,0.8174494504928589,ATCM44_wp005_e,2022,-12,0.9523265
Measure 456,Measure,2010,5,ATCM43_wp002_rev1_e,2021,-11,0.816304087638855,ATCM43_wp002_rev1_e,2021,-11,0.9429496
Measure 456,Measure,2010,6,ATCM35_wp058_e,2012,-2,0.8091542720794678,ATCM45_wp054_rev1_e,2023,-13,0.91217446
Measure 456,Measure,2010,7,ATCM45_wp054_rev1_e,2023,-13,0.8065122365951538,ATCM37_wp054_e,2014,-4,0.91188055
Measure 456,Measure,2010,8,ATCM28_wp004_e,2005,5,0.803916335105896,ATCM35_wp044_e,2012,-2,0.91057724
Measure 456,Measure,2010,9,ATCM37_wp054_e,2014,-4,0.8026934266090393,ATCM36_wp059_e,2013,-3,0.9093571
Measure 456,Measure,2010,10,ATCM36_wp059_e,2013,-3,0.7991161346435547,ATCM35_wp058_e,2012,-2,0.8818593
Recommendation 63,Recommendation,1966,1,ATCM4_wp041_rev1_e,1966,0,0.9616508483886719,ATCM4_wp025_e,1966,0,0.9530308
Recommendation 63,Recommendation,1966,2,ATCM4_wp041_e,1966,0,0.9566065073013306,ATCM4_wp041_rev1_e,1966,0,0.9497813
Recommendation 63,Recommendation,1966,3,ATCM4_wp040_e,1966,0,0.9454755783081055,ATCM4_wp040_e,1966,0,0.94284445
Recommendation 63,Recommendation,1966,4,ATCM4_wp034_e,1966,0,0.9353978037834167,ATCM4_wp034_e,1966,0,0.93665683
Recommendation 63,Recommendation,1966,5,ATCM4_wp025_e,1966,0,0.8825046420097351,ATCM4_wp041_e,1966,0,0.93136275
Recommendation 63,Recommendation,1966,6,ATCM4_wp010_e,1966,0,0.8593652844429016,ATCM4_wp010_e,1966,0,0.8984462
Recommendation 63,Recommendation,1966,7,ATCM1_wp001_e,1961,5,0.8356837034225464,ATCM3_wp016_rev2_e,1964,2,0.87347406
Recommendation 63,Recommendation,1966,8,ATCM2_wp007_e,1962,4,0.8353433012962341,ATCM1_wp001_e,1961,5,0.87195534
Recommendation 63,Recommendation,1966,9,ATCM2_wp022_e,1962,4,0.8311680555343628,ATCM2_wp022_e,1962,4,0.86753035
Recommendation 63,Recommendation,1966,10,ATCM3_wp016_rev2_e,1964,2,0.8308131694793701,ATCM2_wp007_e,1962,4,0.85947514
Resolution 474,Resolution,2010,1,ATCM31_wp035_e,2008,2,0.7334297299385071,ATCM37_wp008_e,2014,-4,0.9201749
Resolution 474,Resolution,2010,2,ATCM33_wp063_e,2010,0,0.73079514503479,ATCM33_wp063_e,2010,0,0.9049785
Resolution 474,Resolution,2010,3,ATCM38_wp016_e,2015,-5,0.7302761077880859,ATCM38_wp016_e,2015,-5,0.90169585
Resolution 474,Resolution,2010,4,ATCM44_wp029_e,2022,-12,0.7138190269470215,ATCM45_wp043_e,2023,-13,0.8997749
Resolution 474,Resolution,2010,5,ATCM17_wp028_rev1_e,1992,18,0.6997298002243042,ATCM44_wp029_e,2022,-12,0.8901415
Resolution 474,Resolution,2010,6,ATCM45_wp038_rev1_e,2023,-13,0.6965924501419067,ATCM45_wp038_rev1_e,2023,-13,0.88975894
Resolution 474,Resolution,2010,7,ATCM37_wp008_e,2014,-4,0.6941717267036438,ATCM31_wp035_e,2008,2,0.8766766
Resolution 474,Resolution,2010,8,ATCM45_wp043_e,2023,-13,0.6907674074172974,ATCM17_wp028_rev1_e,1992,18,0.8173413
Resolution 474,Resolution,2010,9,ATCM10_wp036_e,1979,31,0.6904903054237366,ATCM8_wp048_e,1975,35,0.7928494
Resolution 474,Resolution,2010,10,ATCM8_wp048_e,1975,35,0.687638521194458,ATCM10_wp036_e,1979,31,0.7783799
Resolution 286,Resolution,2001,1,ATCM27_wp012_e,2004,-3,0.8952380418777466,ATCM24_wp007_e,2001,0,0.9575327
Resolution 286,Resolution,2001,2,ATCM23_wp033_e,1999,2,0.8783062696456909,ATCM25_wp006_e,2002,-1,0.94252783
Resolution 286,Resolution,2001,3,ATCM33_wp041_e,2010,-9,0.8730287551879883,ATCM24_wp024_e,2001,0,0.930167
Resolution 286,Resolution,2001,4,ATCM24_wp007_e,2001,0,0.8644896745681763,ATCM28_wp029_e,2005,-4,0.9146078
Resolution 286,Resolution,2001,5,ATCM25_wp006_e,2002,-1,0.8490036129951477,ATCM27_wp012_e,2004,-3,0.9131874
Resolution 286,Resolution,2001,6,ATCM23_wp022_e,1999,2,0.8468979597091675,ATCM33_wp041_e,2010,-9,0.9125867
Resolution 286,Resolution,2001,7,ATCM12_wp013_e,1983,18,0.8447498679161072,ATCM23_wp033_e,1999,2,0.9097187
Resolution 286,Resolution,2001,8,ATCM28_wp029_e,2005,-4,0.834926962852478,ATCM23_wp022_e,1999,2,0.88665617
Resolution 286,Resolution,2001,9,ATCM24_wp024_e,2001,0,0.8303070068359375,ATCM17_wp013_e,1992,9,0.88063294
Resolution 286,Resolution,2001,10,ATCM17_wp013_e,1992,9,0.8220762014389038,ATCM12_wp013_e,1983,18,0.86088455
Measure 433,Measure,2009,1,ATCM30_wp019_e,2007,2,0.8397424221038818,ATCM27_wp017_e,2004,5,0.9375776
Measure 433,Measure,2009,2,ATCM32_wp039_e,2009,0,0.7999537587165833,ATCM31_wp018_e,2008,1,0.93393874
Measure 433,Measure,2009,3,ATCM5_wp003_rev2_e,1968,41,0.7985344529151917,ATCM30_wp019_e,2007,2,0.93136275
Measure 433,Measure,2009,4,ATCM31_wp018_e,2008,1,0.7935043573379517,ATCM4_wp050_rev1_e,1966,43,0.92752105
Measure 433,Measure,2009,5,ATCM29_wp044_e,2006,3,0.7914493083953857,ATCM32_wp039_e,2009,0,0.92471486
Measure 433,Measure,2009,6,ATCM16_wp049_e,1991,18,0.7888751029968262,ATCM29_wp044_e,2006,3,0.9197435
Measure 433,Measure,2009,7,ATCM25_wp007_e,2002,7,0.7860016822814941,ATCM4_wp033_e,1966,43,0.910059
Measure 433,Measure,2009,8,ATCM27_wp017_e,2004,5,0.779535710811615,ATCM25_wp007_e,2002,7,0.8997749
Measure 433,Measure,2009,9,ATCM4_wp033_e,1966,43,0.7792500257492065,ATCM16_wp049_e,1991,18,0.8457387
Measure 433,Measure,2009,10,ATCM4_wp050_rev1_e,1966,43,0.76705002784729,ATCM5_wp003_rev2_e,1968,41,0.83419085
nan 478,Untyped,2010,1,ATCM25_wp044_e,2002,8,0.7718304395675659,ATCM26_wp005_e,2003,7,0.91876495
nan 478,Untyped,2010,2,ATCM22_wp008_e,1998,12,0.7494985461235046,ATCM24_wp037_e,2001,9,0.86041605
nan 478,Untyped,2010,3,ATCM24_wp037_e,2001,9,0.741847038269043,ATCM25_wp044_e,2002,8,0.8416174
nan 478,Untyped,2010,4,ATCM18_wp008_e,1994,16,0.7300863265991211,ATCM4_wp016_e,1966,44,0.80106574
nan 478,Untyped,2010,5,ATCM18_wp016_e,1994,16,0.7229084968566895,ATCM27_wp047_rev1_e,2004,6,0.7863604
nan 478,Untyped,2010,6,ATCM27_wp047_rev1_e,2004,6,0.7214287519454956,ATCM25_wp028_e,2002,8,0.77018833
nan 478,Untyped,2010,7,ATCM25_wp028_e,2002,8,0.6942546367645264,ATCM18_wp008_e,1994,16,0.7603661
nan 478,Untyped,2010,8,ATCM26_wp005_e,2003,7,0.6899980306625366,ATCM22_wp008_e,1998,12,0.75606954
nan 478,Untyped,2010,9,ATCM16_wp010_e,1991,19,0.6774587631225586,ATCM18_wp016_e,1994,16,0.7531763
nan 478,Untyped,2010,10,ATCM4_wp016_e,1966,44,0.675995945930481,ATCM16_wp010_e,1991,19,0.7005671
Decision 441,Decision,2009,1,ATCM35_wp032_e,2012,-3,0.6721920371055603,ATCM38_wp016_e,2015,-6,0.9059399
Decision 441,Decision,2009,2,ATCM45_wp038_rev1_e,2023,-14,0.6662180423736572,ATCM35_wp032_e,2012,-3,0.81617206
Decision 441,Decision,2009,3,ATCM29_wp035_e,2006,3,0.6342223286628723,ATCM32_wp052_e,2009,0,0.8072176
Decision 441,Decision,2009,4,ATCM32_wp052_e,2009,0,0.6142079830169678,ATCM34_wp044_e,2011,-2,0.78766996
Decision 441,Decision,2009,5,ATCM35_wp001_e,2012,-3,0.6122118234634399,ATCM16_wp056_e,1991,18,0.7797246
Decision 441,Decision,2009,6,ATCM16_wp056_e,1991,18,0.6093961000442505,ATCM45_wp038_rev1_e,2023,-14,0.7783799
Decision 441,Decision,2009,7,ATCM20_wp035_e,1996,13,0.6076083183288574,ATCM29_wp035_e,2006,3,0.7688026
Decision 441,Decision,2009,8,ATCM38_wp016_e,2015,-6,0.6000799536705017,ATCM35_wp001_e,2012,-3,0.7338144
Decision 441,Decision,2009,9,ATCM31_wp048_e,2008,1,0.599449634552002,ATCM31_wp048_e,2008,1,0.68392634
Decision 441,Decision,2009,10,ATCM34_wp044_e,2011,-2,0.5992982387542725,ATCM20_wp035_e,1996,13,0.658066
Resolution 450,Resolution,2009,1,ATCM32_wp018_e,2009,0,0.8533847332000732,ATCM33_wp024_e,2010,-1,0.9695095
Resolution 450,Resolution,2009,2,ATCM33_wp024_e,2010,-1,0.8230236172676086,ATCM32_wp018_e,2009,0,0.95575064
Resolution 450,Resolution,2009,3,ATCM33_wp013_e,2010,-1,0.8023934364318848,ATCM33_wp013_e,2010,-1,0.9555851
Resolution 450,Resolution,2009,4,ATCM28_wp013_e,2005,4,0.7960825562477112,ATCM28_wp013_e,2005,4,0.94940734
Resolution 450,Resolution,2009,5,ATCM32_wp026_e,2009,0,0.7930665612220764,ATCM31_wp004_e,2008,1,0.9409202
Resolution 450,Resolution,2009,6,ATCM32_wp049_rev2_e,2009,0,0.7903494834899902,ATCM42_wp012_e,2019,-10,0.9405936
Resolution 450,Resolution,2009,7,ATCM18_wp013_e,1994,15,0.7847732901573181,ATCM32_wp026_e,2009,0,0.9401556
Resolution 450,Resolution,2009,8,ATCM30_wp036_e,2007,2,0.7773393988609314,ATCM30_wp036_e,2007,2,0.93272346
Resolution 450,Resolution,2009,9,ATCM31_wp004_e,2008,1,0.7670835256576538,ATCM32_wp049_rev2_e,2009,0,0.93054664
Resolution 450,Resolution,2009,10,ATCM42_wp012_e,2019,-10,0.7646909952163696,ATCM18_wp013_e,1994,15,0.9023862
Measure 486,Measure,2011,1,ATCM45_wp001_e,2023,-12,0.8713356852531433,ATCM34_wp050_e,2011,0,0.9764547
Measure 486,Measure,2011,2,ATCM38_wp026_e,2015,-4,0.8170193433761597,ATCM45_wp001_e,2023,-12,0.9755397
Measure 486,Measure,2011,3,ATCM36_wp030_e,2013,-2,0.8073114156723022,ATCM40_wp038_e,2017,-6,0.9749741
Measure 486,Measure,2011,4,ATCM40_wp038_e,2017,-6,0.8046085834503174,ATCM38_wp026_e,2015,-4,0.9009141
Measure 486,Measure,2011,5,ATCM46_wp023_e,2024,-13,0.8030297160148621,ATCM33_wp034_e,2010,1,0.8796026
Measure 486,Measure,2011,6,ATCM39_wp026_e,2016,-5,0.8020641803741455,ATCM39_wp026_e,2016,-5,0.8770983
Measure 486,Measure,2011,7,ATCM34_wp050_e,2011,0,0.7910493016242981,ATCM33_wp033_e,2010,1,0.8766766
Measure 486,Measure,2011,8,ATCM33_wp034_e,2010,1,0.790556788444519,ATCM46_wp023_e,2024,-13,0.87347406
Measure 486,Measure,2011,9,ATCM35_wp060_e,2012,-1,0.7900654077529907,ATCM36_wp030_e,2013,-2,0.8697588
Measure 486,Measure,2011,10,ATCM33_wp033_e,2010,1,0.790054202079773,ATCM35_wp060_e,2012,-1,0.8462476
Measure 462,Measure,2010,1,ATCM43_wp009_rev1_e,2021,-11,0.9169145822525024,ATCM43_wp009_rev1_e,2021,-11,0.9743959
Measure 462,Measure,2010,2,ATCM38_wp042_e,2015,-5,0.8980066776275635,ATCM38_wp042_e,2015,-5,0.9729954
Measure 462,Measure,2010,3,ATCM33_wp055_rev1_e,2010,0,0.8724953532218933,ATCM33_wp055_rev1_e,2010,0,0.9710852
Measure 462,Measure,2010,4,ATCM28_wp024_e,2005,5,0.8415595293045044,ATCM26_wp038_e,2003,7,0.9603016
Measure 462,Measure,2010,5,ATCM27_wp035_e,2004,6,0.8219097852706909,ATCM28_wp024_e,2005,5,0.95491725
Measure 462,Measure,2010,6,ATCM28_wp025_e,2005,5,0.7948266267776489,ATCM28_wp025_e,2005,5,0.9495946
Measure 462,Measure,2010,7,ATCM27_wp033_e,2004,6,0.7869661450386047,ATCM27_wp033_e,2004,6,0.93971455
Measure 462,Measure,2010,8,ATCM26_wp038_e,2003,7,0.7781927585601807,ATCM27_wp035_e,2004,6,0.9379197
Measure 462,Measure,2010,9,ATCM39_wp027_e,2016,-6,0.7773174047470093,ATCM39_wp027_e,2016,-6,0.8818593
Measure 462,Measure,2010,10,ATCM43_wp045_e,2021,-11,0.7766923308372498,ATCM43_wp045_e,2021,-11,0.8804275
Recommendation 190,Recommendation,1989,1,ATCM15_wp048_rev3_e,1989,0,0.9380123615264893,ATCM15_wp048_rev3_e,1989,0,0.9537254
Recommendation 190,Recommendation,1989,2,ATCM9_wp072_e,1977,12,0.7500767707824707,ATCM15_wp071_e,1989,0,0.9103982
Recommendation 190,Recommendation,1989,3,ATCM8_wp047_e,1975,14,0.7450777292251587,ATCM7_wp017_rev1_e,1972,17,0.90143585
Recommendation 190,Recommendation,1989,4,ATCM10_wp032_rev1_e,1979,10,0.7421277165412903,ATCM8_wp023_e,1975,14,0.90117526
Recommendation 190,Recommendation,1989,5,ATCM9_wp080_e,1977,12,0.7403960824012756,ATCM9_wp057_e,1977,12,0.8955592
Recommendation 190,Recommendation,1989,6,ATCM7_wp017_rev1_e,1972,17,0.7379599809646606,ATCM9_wp080_e,1977,12,0.8933466
Recommendation 190,Recommendation,1989,7,ATCM10_wp032_e,1979,10,0.7373078465461731,ATCM8_wp047_e,1975,14,0.8858686
Recommendation 190,Recommendation,1989,8,ATCM9_wp057_e,1977,12,0.7322486639022827,ATCM10_wp032_e,1979,10,0.8828729
Recommendation 190,Recommendation,1989,9,ATCM15_wp071_e,1989,0,0.7312248349189758,ATCM10_wp032_rev1_e,1979,10,0.8814517
Recommendation 190,Recommendation,1989,10,ATCM8_wp023_e,1975,14,0.7301164865493774,ATCM9_wp072_e,1977,12,0.88063294
Recommendation 47,Recommendation,1966,1,ATCM4_wp042_e,1966,0,0.7455490827560425,ATCM4_wp042_rev2_e,1966,0,0.924306
Recommendation 47,Recommendation,1966,2,ATCM4_wp042_rev2_e,1966,0,0.7438071966171265,ATCM45_wp005_e,2023,-57,0.9242376
Recommendation 47,Recommendation,1966,3,ATCM4_wp042_rev1_e,1966,0,0.7346862554550171,ATCM4_wp042_e,1966,0,0.9233438
Recommendation 47,Recommendation,1966,4,ATCM36_wp011_e,2013,-47,0.7293477654457092,ATCM41_wp006_e,2018,-52,0.92237055
Recommendation 47,Recommendation,1966,5,ATCM45_wp005_e,2023,-57,0.7277095317840576,ATCM36_wp011_e,2013,-47,0.91657
Recommendation 47,Recommendation,1966,6,ATCM4_wp052_rev1_e,1966,0,0.7157086133956909,ATCM4_wp042_rev1_e,1966,0,0.9160645
Recommendation 47,Recommendation,1966,7,ATCM41_wp006_e,2018,-52,0.7128629684448242,ATCM8_wp011_e,1975,-9,0.87939554
Recommendation 47,Recommendation,1966,8,ATCM8_wp011_e,1975,-9,0.7122825384140015,ATCM4_wp055_rev1_e,1966,0,0.85126173
Recommendation 47,Recommendation,1966,9,ATCM4_wp055_rev1_e,1966,0,0.7090524435043335,ATCM4_wp052_rev1_e,1966,0,0.84826964
Recommendation 47,Recommendation,1966,10,ATCM4_wp052_e,1966,0,0.7076641321182251,ATCM4_wp052_e,1966,0,0.8395235
Decision 492,Decision,2011,1,ATCM34_wp025_e,2011,0,0.8622438311576843,ATCM34_wp025_e,2011,0,0.9708651
Decision 492,Decision,2011,2,ATCM21_wp024_e,1997,14,0.855327844619751,ATCM25_wp045_e,2002,9,0.9550851
Decision 492,Decision,2011,3,ATCM32_wp007_e,2009,2,0.8551244735717773,ATCM32_wp007_e,2009,2,0.9540689
Decision 492,Decision,2011,4,ATCM27_wp008_e,2004,7,0.8340170383453369,ATCM24_wp004_e,2001,10,0.9455202
Decision 492,Decision,2011,5,ATCM21_wp001_e,1997,14,0.83232581615448,ATCM21_wp001_e,1997,14,0.9440945
Decision 492,Decision,2011,6,ATCM20_wp020_e,1996,15,0.8257237672805786,ATCM1_wp023_e,1961,50,0.92471486
Decision 492,Decision,2011,7,ATCM25_wp045_e,2002,9,0.822756826877594,ATCM18_wp010_e,1994,17,0.92403215
Decision 492,Decision,2011,8,ATCM18_wp010_e,1994,17,0.80963134765625,ATCM21_wp024_e,1997,14,0.92099595
Decision 492,Decision,2011,9,ATCM24_wp004_e,2001,10,0.8092453479766846,ATCM20_wp020_e,1996,15,0.91296923
Decision 492,Decision,2011,10,ATCM1_wp023_e,1961,50,0.8016745448112488,ATCM27_wp008_e,2004,7,0.906975
Decision 279,Decision,2001,1,ATCM32_wp007_e,2009,-8,0.752742350101471,ATCM32_wp007_e,2009,-8,0.961476
Decision 279,Decision,2001,2,ATCM45_wp021_rev1_e,2023,-22,0.6732826232910156,ATCM34_wp036_e,2011,-10,0.94903076
Decision 279,Decision,2001,3,ATCM24_wp004_e,2001,0,0.6584149599075317,ATCM45_wp021_rev1_e,2023,-22,0.9474978
Decision 279,Decision,2001,4,ATCM34_wp025_e,2011,-10,0.6534414887428284,ATCM25_wp045_e,2002,-1,0.94710773
Decision 279,Decision,2001,5,ATCM29_wp011_e,2006,-5,0.6488271951675415,ATCM24_wp004_e,2001,0,0.9416756
Decision 279,Decision,2001,6,ATCM23_wp038_e,1999,2,0.6455600261688232,ATCM23_wp038_e,1999,2,0.9336973
Decision 279,Decision,2001,7,ATCM34_wp036_e,2011,-10,0.6423889398574829,ATCM34_wp025_e,2011,-10,0.92525697
Decision 279,Decision,2001,8,ATCM39_wp050_e,2016,-15,0.6303163170814514,ATCM17_wp010_e,1992,9,0.92106706
Decision 279,Decision,2001,9,ATCM25_wp045_e,2002,-1,0.6237065196037292,ATCM29_wp011_e,2006,-5,0.91078573
Decision 279,Decision,2001,10,ATCM17_wp010_e,1992,9,0.6228870749473572,ATCM39_wp050_e,2016,-15,0.89897954
Resolution 329,Resolution,2004,1,ATCM17_wp014_e,1992,12,0.8429241180419922,ATCM18_wp018_e,1994,10,0.91647667
Resolution 329,Resolution,2004,2,ATCM18_wp009_e,1994,10,0.8394895195960999,ATCM27_wp046_e,2004,0,0.9143117
Resolution 329,Resolution,2004,3,ATCM27_wp046_e,2004,0,0.8357636332511902,ATCM18_wp009_e,1994,10,0.9125745
Resolution 329,Resolution,2004,4,ATCM16_wp029_e,1991,13,0.8275238275527954,ATCM17_wp002_e,1992,12,0.9118463
Resolution 329,Resolution,2004,5,ATCM17_wp002_e,1992,12,0.8178044557571411,ATCM17_wp014_e,1992,12,0.90713954
Resolution 329,Resolution,2004,6,ATCM10_wp024_rev1_e,1979,25,0.8166897296905518,ATCM16_wp029_e,1991,13,0.8982678
Resolution 329,Resolution,2004,7,ATCM18_wp018_e,1994,10,0.8154668807983398,ATCM18_wp011_e,1994,10,0.8948262
Resolution 329,Resolution,2004,8,ATCM16_wp002_e,1991,13,0.815334677696228,ATCM10_wp024_rev1_e,1979,25,0.8822656
Resolution 329,Resolution,2004,9,ATCM18_wp011_e,1994,10,0.8121862411499023,ATCM10_wp024_e,1979,25,0.87980926
Resolution 329,Resolution,2004,10,ATCM10_wp024_e,1979,25,0.8098557591438293,ATCM16_wp002_e,1991,13,0.87433493
Resolution 350,Resolution,2005,1,ATCM28_wp031_e,2005,0,0.8934124708175659,ATCM46_wp052_e,2024,-19,0.9530308
Resolution 350,Resolution,2005,2,ATCM27_wp026_e,2004,1,0.8610226511955261,ATCM28_wp031_e,2005,0,0.9528557
Resolution 350,Resolution,2005,3,ATCM36_wp015_e,2013,-8,0.8457192182540894,ATCM29_wp001_e,2006,-1,0.945015
Resolution 350,Resolution,2005,4,ATCM46_wp052_e,2024,-19,0.843751072883606,ATCM27_wp026_e,2004,1,0.9429496
Resolution 350,Resolution,2005,5,ATCM29_wp002_e,2006,-1,0.8365287780761719,ATCM42_wp055_e,2019,-14,0.93915886
Resolution 350,Resolution,2005,6,ATCM29_wp001_e,2006,-1,0.8339635133743286,ATCM29_wp002_e,2006,-1,0.9306097
Resolution 350,Resolution,2005,7,ATCM30_wp040_e,2007,-2,0.8305360078811646,ATCM36_wp015_e,2013,-8,0.93004006
Resolution 350,Resolution,2005,8,ATCM42_wp055_e,2019,-14,0.8289653062820435,ATCM30_wp040_e,2007,-2,0.9283699
Resolution 350,Resolution,2005,9,ATCM34_wp046_e,2011,-6,0.8249208927154541,ATCM34_wp046_e,2011,-6,0.9109839
Resolution 350,Resolution,2005,10,ATCM33_wp049_e,2010,-5,0.82334303855896,ATCM33_wp049_e,2010,-5,0.8997749
Recommendation 127,Recommendation,1979,1,ATCM10_wp009_rev2_e,1979,0,0.8675762414932251,ATCM10_wp039_e,1979,0,0.9631751
Recommendation 127,Recommendation,1979,2,ATCM10_wp039_e,1979,0,0.8351143598556519,ATCM10_wp039_rev1_e,1979,0,0.96289706
Recommendation 127,Recommendation,1979,3,ATCM12_wp014_rev1_e,1983,-4,0.8336454629898071,ATCM10_wp009_rev2_e,1979,0,0.9555851
Recommendation 127,Recommendation,1979,4,ATCM10_wp039_rev1_e,1979,0,0.8335884213447571,ATCM8_wp035_e,1975,4,0.93453866
Recommendation 127,Recommendation,1979,5,ATCM10_wp009_rev1_e,1979,0,0.8305622935295105,ATCM10_wp009_rev1_e,1979,0,0.92403215
Recommendation 127,Recommendation,1979,6,ATCM8_wp035_e,1975,4,0.823067307472229,ATCM12_wp014_rev1_e,1983,-4,0.91289485
Recommendation 127,Recommendation,1979,7,ATCM8_wp002_e,1975,4,0.7984379529953003,ATCM14_wp035_e,1987,-8,0.88704807
Recommendation 127,Recommendation,1979,8,ATCM11_wp028_rev1_e,1981,-2,0.7950348854064941,ATCM8_wp002_e,1975,4,0.8775188
Recommendation 127,Recommendation,1979,9,ATCM36_wp054_rev1_e,2013,-34,0.7927126884460449,ATCM11_wp028_rev1_e,1981,-2,0.8726081
Recommendation 127,Recommendation,1979,10,ATCM14_wp035_e,1987,-8,0.7876749634742737,ATCM36_wp054_rev1_e,2013,-34,0.7837237
Resolution 231,Resolution,1995,1,ATCM15_wp032_rev1_e,1989,6,0.7754842638969421,ATCM22_wp005_e,1998,-3,0.9586308
Resolution 231,Resolution,1995,2,ATCM22_wp003_e,1998,-3,0.7726022601127625,ATCM20_wp016_e,1996,-1,0.9358408
Resolution 231,Resolution,1995,3,ATCM15_wp039_e,1989,6,0.7656813859939575,ATCM15_wp039_e,1989,6,0.9262637
Resolution 231,Resolution,1995,4,ATCM31_wp058_e,2008,-13,0.7628282308578491,ATCM15_wp038_e,1989,6,0.9201391
Resolution 231,Resolution,1995,5,ATCM22_wp005_e,1998,-3,0.759843111038208,ATCM22_wp003_e,1998,-3,0.914149
Resolution 231,Resolution,1995,6,ATCM14_wp037_e,1987,8,0.7594082355499268,ATCM15_wp032_rev1_e,1989,6,0.9091758
Resolution 231,Resolution,1995,7,ATCM20_wp016_e,1996,-1,0.7579739689826965,ATCM33_wp030_e,2010,-15,0.8995105
Resolution 231,Resolution,1995,8,ATCM16_wp001_e,1991,4,0.7577809691429138,ATCM16_wp001_e,1991,4,0.8965597
Resolution 231,Resolution,1995,9,ATCM33_wp030_e,2010,-15,0.7544612884521484,ATCM14_wp037_e,1987,8,0.8886042
Resolution 231,Resolution,1995,10,ATCM15_wp038_e,1989,6,0.7513673305511475,ATCM31_wp058_e,2008,-13,0.87129974
Recommendation 187,Recommendation,1989,1,ATCM15_wp052_rev3_e,1989,0,0.9362010359764099,ATCM15_wp052_rev3_e,1989,0,0.9645359
Recommendation 187,Recommendation,1989,2,ATCM15_wp049_e,1989,0,0.9040696024894714,ATCM15_wp024_e,1989,0,0.9526798
Recommendation 187,Recommendation,1989,3,ATCM15_wp024_e,1989,0,0.8699966073036194,ATCM15_wp049_e,1989,0,0.95070475
Recommendation 187,Recommendation,1989,4,ATCM14_wp014_e,1987,2,0.8178502917289734,ATCM14_wp014_e,1987,2,0.92672926
Recommendation 187,Recommendation,1989,5,ATCM10_wp006_rev1_e,1979,10,0.7965233325958252,ATCM10_wp025_rev1_e,1979,10,0.90689254
Recommendation 187,Recommendation,1989,6,ATCM10_wp006_e,1979,10,0.7898390293121338,ATCM10_wp025_e,1979,10,0.9061892
Recommendation 187,Recommendation,1989,7,ATCM16_wp053_rev1_e,1991,-2,0.7822831869125366,ATCM10_wp006_rev1_e,1979,10,0.89897954
Recommendation 187,Recommendation,1989,8,ATCM16_wp053_e,1991,-2,0.7804791331291199,ATCM10_wp006_e,1979,10,0.89473426
Recommendation 187,Recommendation,1989,9,ATCM10_wp025_e,1979,10,0.7775710821151733,ATCM16_wp053_rev1_e,1991,-2,0.8928805
Recommendation 187,Recommendation,1989,10,ATCM10_wp025_rev1_e,1979,10,0.7754395008087158,ATCM16_wp053_e,1991,-2,0.8926935
Resolution 347,Resolution,2005,1,ATCM15_wp021_e,1989,16,0.7496323585510254,ATCM28_wp023_e,2005,0,0.951612
Resolution 347,Resolution,2005,2,ATCM15_wp060_e,1989,16,0.7492383718490601,ATCM29_wp016_e,2006,-1,0.9312377
Resolution 347,Resolution,2005,3,ATCM28_wp023_e,2005,0,0.7342752814292908,ATCM15_wp060_e,1989,16,0.9290166
Resolution 347,Resolution,2005,4,ATCM29_wp016_e,2006,-1,0.7268794775009155,ATCM15_wp021_e,1989,16,0.9204971
Resolution 347,Resolution,2005,5,ATCM23_wp030_e,1999,6,0.7244611382484436,ATCM17_wp030_e,1992,13,0.9040931
Resolution 347,Resolution,2005,6,ATCM17_wp030_e,1992,13,0.6944905519485474,ATCM8_wp009_e,1975,30,0.8975517
Resolution 347,Resolution,2005,7,ATCM12_wp001_rev1_e,1983,22,0.6944327354431152,ATCM15_wp008_e,1989,16,0.89399624
Resolution 347,Resolution,2005,8,ATCM8_wp009_e,1975,30,0.694283127784729,ATCM12_wp001_rev1_e,1983,22,0.8854731
Resolution 347,Resolution,2005,9,ATCM30_wp029_e,2007,-2,0.6925823092460632,ATCM23_wp030_e,1999,6,0.87898064
Resolution 347,Resolution,2005,10,ATCM15_wp008_e,1989,16,0.6875956654548645,ATCM30_wp029_e,2007,-2,0.87347406
Resolution 326,Resolution,2004,1,ATCM27_wp042_rev1_e,2004,0,0.8408974409103394,ATCM27_wp042_rev1_e,2004,0,0.97400314
Resolution 326,Resolution,2004,2,ATCM26_wp037_e,2003,1,0.7592363357543945,ATCM15_wp064_e,1989,15,0.9034136
Resolution 326,Resolution,2004,3,ATCM26_wp037_rev1_e,2003,1,0.758889377117157,ATCM15_wp012_e,1989,15,0.8996868
Resolution 326,Resolution,2004,4,ATCM15_wp064_e,1989,15,0.7562738656997681,ATCM26_wp037_rev1_e,2003,1,0.8976414
Resolution 326,Resolution,2004,5,ATCM15_wp012_e,1989,15,0.7469589710235596,ATCM26_wp037_e,2003,1,0.89737195
Resolution 326,Resolution,2004,6,ATCM28_wp052_e,2005,-1,0.7439900040626526,ATCM21_wp021_e,1997,7,0.8971919
Resolution 326,Resolution,2004,7,ATCM21_wp021_e,1997,7,0.7358611226081848,ATCM28_wp052_e,2005,-1,0.8933466
Resolution 326,Resolution,2004,8,ATCM17_wp006_e,1992,12,0.7239474058151245,ATCM15_wp019_e,1989,15,0.8848775
Resolution 326,Resolution,2004,9,ATCM15_wp019_e,1989,15,0.7185146808624268,ATCM20_wp010_e,1996,8,0.86458504
Resolution 326,Resolution,2004,10,ATCM20_wp010_e,1996,8,0.7178716659545898,ATCM17_wp006_e,1992,12,0.8632072
Resolution 382,Resolution,2007,1,ATCM28_wp031_e,2005,2,0.8603928685188293,ATCM46_wp052_e,2024,-17,0.94996727
Resolution 382,Resolution,2007,2,ATCM46_wp052_e,2024,-17,0.8474501967430115,ATCM30_wp022_e,2007,0,0.9439912
Resolution 382,Resolution,2007,3,ATCM36_wp015_e,2013,-6,0.8263469934463501,ATCM28_wp031_e,2005,2,0.94305456
Resolution 382,Resolution,2007,4,ATCM29_wp001_e,2006,1,0.825400710105896,ATCM41_wp032_e,2018,-11,0.9414607
Resolution 382,Resolution,2007,5,ATCM42_wp055_e,2019,-12,0.8214081525802612,ATCM29_wp001_e,2006,1,0.941245
Resolution 382,Resolution,2007,6,ATCM41_wp032_e,2018,-11,0.8194259405136108,ATCM42_wp055_e,2019,-12,0.9361917
Resolution 382,Resolution,2007,7,ATCM29_wp002_e,2006,1,0.8185356259346008,ATCM36_wp020_e,2013,-6,0.9330902
Resolution 382,Resolution,2007,8,ATCM27_wp026_e,2004,3,0.8111621141433716,ATCM36_wp015_e,2013,-6,0.9326008
Resolution 382,Resolution,2007,9,ATCM30_wp022_e,2007,0,0.8110685348510742,ATCM27_wp026_e,2004,3,0.92984915
Resolution 382,Resolution,2007,10,ATCM36_wp020_e,2013,-6,0.808245062828064,ATCM29_wp002_e,2006,1,0.9284348
Recommendation 4,Recommendation,1961,1,ATCM1_wp004_e,1961,0,0.8934349417686462,ATCM1_wp004_e,1961,0,0.9764547
Recommendation 4,Recommendation,1961,2,ATCM2_wp002_e,1962,-1,0.8730201721191406,ATCM2_wp014_e,1962,-1,0.9710852
Recommendation 4,Recommendation,1961,3,ATCM2_wp014_e,1962,-1,0.8292262554168701,ATCM2_wp002_e,1962,-1,0.96045023
Recommendation 4,Recommendation,1961,4,ATCM2_wp012_e,1962,-1,0.7945505380630493,ATCM15_wp051_rev1_e,1989,-28,0.95088744
Recommendation 4,Recommendation,1961,5,ATCM47_wp013_e,2025,-64,0.7744922637939453,ATCM2_wp012_e,1962,-1,0.9448117
Recommendation 4,Recommendation,1961,6,ATCM15_wp029_e,1989,-28,0.7592318058013916,ATCM15_wp029_e,1989,-28,0.93677264
Recommendation 4,Recommendation,1961,7,ATCM15_wp051_rev1_e,1989,-28,0.7517656087875366,ATCM1_wp003_e,1961,0,0.92566115
Recommendation 4,Recommendation,1961,8,ATCM1_wp003_e,1961,0,0.7484180927276611,ATCM47_wp013_e,2025,-64,0.92464685
Recommendation 4,Recommendation,1961,9,ATCM6_wp006_rev2_e,1970,-9,0.7474359273910522,ATCM11_wp005_e,1981,-20,0.91083527
Recommendation 4,Recommendation,1961,10,ATCM11_wp005_e,1981,-20,0.7434152364730835,ATCM6_wp006_rev2_e,1970,-9,0.90627223
Decision 297,Decision,2003,1,ATCM27_wp030_rev1_e,2004,-1,0.7791374921798706,ATCM26_wp005_e,2003,0,0.9545797
Decision 297,Decision,2003,2,ATCM26_wp005_e,2003,0,0.7707579135894775,ATCM27_wp030_rev1_e,2004,-1,0.9251217
Decision 297,Decision,2003,3,ATCM26_wp011_e,2003,0,0.7567034363746643,ATCM26_wp011_e,2003,0,0.9232747
Decision 297,Decision,2003,4,ATCM25_wp049_e,2002,1,0.7417148947715759,ATCM24_wp037_e,2001,2,0.91206187
Decision 297,Decision,2003,5,ATCM17_wp019_e,1992,11,0.7333586812019348,ATCM25_wp049_e,2002,1,0.8880229
Decision 297,Decision,2003,6,ATCM24_wp037_e,2001,2,0.7322396039962769,ATCM25_wp046_e,2002,1,0.87020063
Decision 297,Decision,2003,7,ATCM18_wp008_e,1994,9,0.7203404903411865,ATCM18_wp008_e,1994,9,0.8636677
Decision 297,Decision,2003,8,ATCM17_wp007_e,1992,11,0.7148206233978271,ATCM17_wp019_e,1992,11,0.8566205
Decision 297,Decision,2003,9,ATCM25_wp046_e,2002,1,0.7109616994857788,ATCM17_wp007_e,1992,11,0.84726137
Decision 297,Decision,2003,10,ATCM16_wp010_e,1991,12,0.7109265327453613,ATCM16_wp010_e,1991,12,0.82760537
Recommendation 215,Recommendation,1994,1,ATCM17_wp002_e,1992,2,0.8371614813804626,ATCM16_wp029_e,1991,3,0.92003137
Recommendation 215,Recommendation,1994,2,ATCM18_wp018_e,1994,0,0.8338334560394287,ATCM18_wp009_e,1994,0,0.91378427
Recommendation 215,Recommendation,1994,3,ATCM16_wp041_e,1991,3,0.8332810997962952,ATCM18_wp018_e,1994,0,0.91370255
Recommendation 215,Recommendation,1994,4,ATCM18_wp009_e,1994,0,0.8283625841140747,ATCM17_wp002_e,1992,2,0.911807
Recommendation 215,Recommendation,1994,5,ATCM17_wp014_e,1992,2,0.8254067897796631,ATCM17_wp014_e,1992,2,0.90797937
Recommendation 215,Recommendation,1994,6,ATCM16_wp048_e,1991,3,0.8238591551780701,ATCM9_wp013_rev1_e,1977,17,0.90689254
Recommendation 215,Recommendation,1994,7,ATCM16_wp002_e,1991,3,0.8198702335357666,ATCM16_wp048_e,1991,3,0.9004773
Recommendation 215,Recommendation,1994,8,ATCM9_wp013_rev1_e,1977,17,0.8194884061813354,ATCM16_wp002_e,1991,3,0.8997749
Recommendation 215,Recommendation,1994,9,ATCM7_wp051_rev1_e,1972,22,0.8164688348770142,ATCM16_wp041_e,1991,3,0.8971018
Recommendation 215,Recommendation,1994,10,ATCM16_wp029_e,1991,3,0.8148465156555176,ATCM7_wp051_rev1_e,1972,22,0.88407934
Measure 458,Measure,2010,1,ATCM43_wp023_rev1_e,2021,-11,0.8901545405387878,ATCM33_wp032_e,2010,0,0.97319996
Measure 458,Measure,2010,2,ATCM33_wp032_e,2010,0,0.8570367097854614,ATCM43_wp023_rev1_e,2021,-11,0.96760666
Measure 458,Measure,2010,3,ATCM38_wp026_e,2015,-5,0.8556560277938843,ATCM38_wp026_e,2015,-5,0.9530308
Measure 458,Measure,2010,4,ATCM33_wp033_e,2010,0,0.8301609754562378,ATCM33_wp034_e,2010,0,0.9070985
Measure 458,Measure,2010,5,ATCM43_wp024_rev1_e,2021,-11,0.8267146348953247,ATCM33_wp033_e,2010,0,0.9019552
Measure 458,Measure,2010,6,ATCM33_wp035_e,2010,0,0.8246629238128662,ATCM36_wp030_e,2013,-3,0.90108824
Measure 458,Measure,2010,7,ATCM43_wp025_rev1_e,2021,-11,0.8223215341567993,ATCM43_wp025_rev1_e,2021,-11,0.8993338
Measure 458,Measure,2010,8,ATCM46_wp023_e,2024,-14,0.8153380155563354,ATCM33_wp035_e,2010,0,0.8969214
Measure 458,Measure,2010,9,ATCM36_wp030_e,2013,-3,0.8133290410041809,ATCM43_wp024_rev1_e,2021,-11,0.895924
Measure 458,Measure,2010,10,ATCM33_wp034_e,2010,0,0.8123154640197754,ATCM46_wp023_e,2024,-14,0.88841075
Resolution 471,Resolution,2010,1,ATCM28_wp031_e,2005,5,0.868590772151947,ATCM46_wp052_e,2024,-14,0.9603016
Resolution 471,Resolution,2010,2,ATCM46_wp052_e,2024,-14,0.8646063804626465,ATCM28_wp031_e,2005,5,0.9521488
Resolution 471,Resolution,2010,3,ATCM36_wp015_e,2013,-3,0.8256842494010925,ATCM41_wp032_e,2018,-8,0.95125103
Resolution 471,Resolution,2010,4,ATCM29_wp001_e,2006,4,0.8244624137878418,ATCM47_wp021_rev1_e,2025,-15,0.9505213
Resolution 471,Resolution,2010,5,ATCM41_wp032_e,2018,-8,0.8209399580955505,ATCM42_wp055_e,2019,-9,0.9474978
Resolution 471,Resolution,2010,6,ATCM42_wp055_e,2019,-9,0.8209395408630371,ATCM36_wp015_e,2013,-3,0.94691175
Resolution 471,Resolution,2010,7,ATCM29_wp002_e,2006,4,0.8145362138748169,ATCM30_wp022_e,2007,3,0.9455202
Resolution 471,Resolution,2010,8,ATCM30_wp022_e,2007,3,0.8125998377799988,ATCM29_wp001_e,2006,4,0.9438879
Resolution 471,Resolution,2010,9,ATCM27_wp026_e,2004,6,0.8120537400245667,ATCM27_wp026_e,2004,6,0.93971455
Resolution 471,Resolution,2010,10,ATCM47_wp021_rev1_e,2025,-15,0.8112004995346069,ATCM29_wp002_e,2006,4,0.9378058
Resolution 225,Resolution,1995,1,ATCM21_wp025_e,1997,-2,0.8572320938110352,ATCM21_wp025_e,1997,-2,0.9492193
Resolution 225,Resolution,1995,2,ATCM17_wp014_e,1992,3,0.8307144641876221,ATCM18_wp020_e,1994,1,0.943264
Resolution 225,Resolution,1995,3,ATCM18_wp009_e,1994,1,0.8249326944351196,ATCM18_wp009_e,1994,1,0.942422
Resolution 225,Resolution,1995,4,ATCM31_wp034_e,2008,-13,0.8175433874130249,ATCM18_wp018_e,1994,1,0.9371187
Resolution 225,Resolution,1995,5,ATCM18_wp020_e,1994,1,0.8132113218307495,ATCM17_wp002_e,1992,3,0.935015
Resolution 225,Resolution,1995,6,ATCM42_wp066_e,2019,-24,0.8039005398750305,ATCM16_wp029_e,1991,4,0.9280445
Resolution 225,Resolution,1995,7,ATCM16_wp029_e,1991,4,0.8020344376564026,ATCM17_wp014_e,1992,3,0.92639697
Resolution 225,Resolution,1995,8,ATCM16_wp002_e,1991,4,0.7996619939804077,ATCM31_wp034_e,2008,-13,0.9243743
Resolution 225,Resolution,1995,9,ATCM17_wp002_e,1992,3,0.7930059432983398,ATCM16_wp002_e,1991,4,0.92063993
Resolution 225,Resolution,1995,10,ATCM18_wp018_e,1994,1,0.7903419733047485,ATCM42_wp066_e,2019,-24,0.9097187
Resolution 498,Resolution,2011,1,ATCM30_wp043_e,2007,4,0.8756763339042664,ATCM39_wp005_e,2016,-5,0.9723727
Resolution 498,Resolution,2011,2,ATCM31_wp041_rev1_e,2008,3,0.8689212799072266,ATCM30_wp043_e,2007,4,0.9642677
Resolution 498,Resolution,2011,3,ATCM39_wp005_e,2016,-5,0.8560197949409485,ATCM31_wp041_rev1_e,2008,3,0.9608931
Resolution 498,Resolution,2011,4,ATCM32_wp003_e,2009,2,0.8434156775474548,ATCM39_wp006_e,2016,-5,0.9097387
Resolution 498,Resolution,2011,5,ATCM39_wp006_e,2016,-5,0.824124276638031,ATCM31_wp061_e,2008,3,0.8800156
Resolution 498,Resolution,2011,6,ATCM25_wp009_e,2002,9,0.8172791600227356,ATCM22_wp005_e,1998,13,0.87646526
Resolution 498,Resolution,2011,7,ATCM31_wp061_e,2008,3,0.8169076442718506,ATCM25_wp009_e,2002,9,0.872825
Resolution 498,Resolution,2011,8,ATCM20_wp016_e,1996,15,0.8164317607879639,ATCM16_wp001_e,1991,20,0.85517514
Resolution 498,Resolution,2011,9,ATCM16_wp001_e,1991,20,0.8162170648574829,ATCM32_wp003_e,2009,2,0.8542049
Resolution 498,Resolution,2011,10,ATCM22_wp005_e,1998,13,0.8126752376556396,ATCM20_wp016_e,1996,15,0.8477662
Measure 500,Measure,2012,1,ATCM44_wp040_e,2022,-10,0.9049334526062012,ATCM30_wp031_e,2007,5,0.9878341
Measure 500,Measure,2012,2,ATCM35_wp009_e,2012,0,0.8834970593452454,ATCM35_wp009_e,2012,0,0.98009884
Measure 500,Measure,2012,3,ATCM30_wp031_e,2007,5,0.8721655607223511,ATCM40_wp012_rev1_e,2017,-5,0.9778496
Measure 500,Measure,2012,4,ATCM40_wp012_rev1_e,2017,-5,0.8561810851097107,ATCM44_wp040_e,2022,-10,0.9768113
Measure 500,Measure,2012,5,ATCM35_wp060_e,2012,0,0.8071906566619873,ATCM28_wp042_e,2005,7,0.93949276
Measure 500,Measure,2012,6,ATCM28_wp042_e,2005,7,0.80673748254776,ATCM44_wp041_e,2022,-10,0.9262637
Measure 500,Measure,2012,7,ATCM44_wp041_e,2022,-10,0.8053931593894958,ATCM36_wp059_e,2013,-1,0.9211025
Measure 500,Measure,2012,8,ATCM35_wp058_e,2012,0,0.8052505254745483,ATCM22_wp005_e,1998,14,0.91514957
Measure 500,Measure,2012,9,ATCM22_wp005_e,1998,14,0.803932785987854,ATCM35_wp060_e,2012,0,0.89871323
Measure 500,Measure,2012,10,ATCM36_wp059_e,2013,-1,0.8036669492721558,ATCM35_wp058_e,2012,0,0.8977311
nan 390,Untyped,2005,1,ATCM44_wp024_e,2022,-17,0.7928526401519775,ATCM23_wp024_e,1999,6,0.93677264
nan 390,Untyped,2005,2,ATCM24_wp005_e,2001,4,0.7875615954399109,ATCM44_wp024_e,2022,-17,0.9302938
nan 390,Untyped,2005,3,ATCM25_wp008_e,2002,3,0.7854125499725342,ATCM31_wp018_e,2008,-3,0.93004006
nan 390,Untyped,2005,4,ATCM31_wp018_e,2008,-3,0.739586353302002,ATCM25_wp008_e,2002,3,0.91628957
nan 390,Untyped,2005,5,ATCM23_wp024_e,1999,6,0.7351197004318237,ATCM24_wp005_e,2001,4,0.8832763
nan 390,Untyped,2005,6,ATCM27_wp017_e,2004,1,0.7191082239151001,ATCM27_wp017_e,2004,1,0.8636677
nan 390,Untyped,2005,7,ATCM29_wp044_e,2006,-1,0.7136819362640381,ATCM26_wp028_e,2003,2,0.8622821
nan 390,Untyped,2005,8,ATCM7_wp045_e,1972,33,0.7112300992012024,ATCM29_wp044_e,2006,-1,0.85614
nan 390,Untyped,2005,9,ATCM26_wp028_e,2003,2,0.7099313735961914,ATCM7_wp045_rev1_e,1972,33,0.7889737
nan 390,Untyped,2005,10,ATCM7_wp045_rev1_e,1972,33,0.7085942029953003,ATCM7_wp045_e,1972,33,0.76741105
Decision 338,Decision,2005,1,ATCM27_wp008_e,2004,1,0.8631936311721802,ATCM28_wp046_e,2005,0,0.9623348
Decision 338,Decision,2005,2,ATCM28_wp046_e,2005,0,0.8334088921546936,ATCM28_wp056_e,2005,0,0.959246
Decision 338,Decision,2005,3,ATCM28_wp056_e,2005,0,0.8159295320510864,ATCM27_wp048_rev1_e,2004,1,0.9537254
Decision 338,Decision,2005,4,ATCM21_wp001_e,1997,8,0.8107830882072449,ATCM27_wp008_e,2004,1,0.9488415
Decision 338,Decision,2005,5,ATCM27_wp037_e,2004,1,0.7984381914138794,ATCM27_wp037_e,2004,1,0.943264
Decision 338,Decision,2005,6,ATCM27_wp048_rev1_e,2004,1,0.7973099946975708,ATCM27_wp039_rev1_e,2004,1,0.94284445
Decision 338,Decision,2005,7,ATCM34_wp022_e,2011,-6,0.7916245460510254,ATCM26_wp040_e,2003,2,0.938373
Decision 338,Decision,2005,8,ATCM26_wp040_e,2003,2,0.7861169576644897,ATCM34_wp022_e,2011,-6,0.9365409
Decision 338,Decision,2005,9,ATCM27_wp039_rev1_e,2004,1,0.7857939004898071,ATCM21_wp001_e,1997,8,0.926197
Decision 338,Decision,2005,10,ATCM39_wp007_e,2016,-11,0.7801780104637146,ATCM39_wp007_e,2016,-11,0.92471486
Measure 506,Measure,2012,1,ATCM44_wp053_e,2022,-10,0.8927589654922485,ATCM28_wp007_e,2005,7,0.9788425
Measure 506,Measure,2012,2,ATCM35_wp052_e,2012,0,0.8780871033668518,ATCM44_wp053_e,2022,-10,0.9785164
Measure 506,Measure,2012,3,ATCM27_wp015_e,2004,8,0.8309757709503174,ATCM35_wp052_e,2012,0,0.9755397
Measure 506,Measure,2012,4,ATCM28_wp007_e,2005,7,0.8306792974472046,ATCM27_wp015_e,2004,8,0.9723727
Measure 506,Measure,2012,5,ATCM36_wp059_e,2013,-1,0.8031132221221924,ATCM21_wp031_e,1997,15,0.9565693
Measure 506,Measure,2012,6,ATCM21_wp031_e,1997,15,0.8022416234016418,ATCM38_wp026_e,2015,-3,0.9281748
Measure 506,Measure,2012,7,ATCM37_wp058_rev1_e,2014,-2,0.8009065389633179,ATCM36_wp059_e,2013,-1,0.92038983
Measure 506,Measure,2012,8,ATCM29_wp029_e,2006,6,0.8007712960243225,ATCM37_wp058_rev1_e,2014,-2,0.91847295
Measure 506,Measure,2012,9,ATCM35_wp044_e,2012,0,0.7976081371307373,ATCM35_wp044_e,2012,0,0.9173508
Measure 506,Measure,2012,10,ATCM38_wp026_e,2015,-3,0.7943679094314575,ATCM29_wp029_e,2006,6,0.9138323
Measure 217,Measure,1995,1,ATCM8_wp002_e,1975,20,0.8634577393531799,ATCM16_wp020_e,1991,4,0.9484609
Measure 217,Measure,1995,2,ATCM16_wp020_e,1991,4,0.8373268842697144,ATCM10_wp031_rev1_e,1979,16,0.94710773
Measure 217,Measure,1995,3,ATCM12_wp014_rev1_e,1983,12,0.8250732421875,ATCM8_wp036_e,1975,20,0.9437843
Measure 217,Measure,1995,4,ATCM10_wp031_rev1_e,1979,16,0.8250176906585693,ATCM10_wp031_e,1979,16,0.94305456
Measure 217,Measure,1995,5,ATCM8_wp035_e,1975,20,0.8242305517196655,ATCM8_wp035_e,1975,20,0.935252
Measure 217,Measure,1995,6,ATCM10_wp031_e,1979,16,0.8161718845367432,ATCM8_wp002_e,1975,20,0.93210804
Measure 217,Measure,1995,7,ATCM8_wp036_e,1975,20,0.8131181001663208,ATCM10_wp004_e,1979,16,0.93186045
Measure 217,Measure,1995,8,ATCM10_wp039_e,1979,16,0.8130561113357544,ATCM10_wp039_rev1_e,1979,16,0.93054664
Measure 217,Measure,1995,9,ATCM10_wp039_rev1_e,1979,16,0.8118189573287964,ATCM10_wp039_e,1979,16,0.92953
Measure 217,Measure,1995,10,ATCM10_wp004_e,1979,16,0.8105154037475586,ATCM12_wp014_rev1_e,1983,12,0.9195631
Resolution 476,Resolution,2010,1,ATCM33_wp046_e,2010,0,0.9440956115722656,ATCM33_wp046_e,2010,0,0.9895755
Resolution 476,Resolution,2010,2,ATCM35_wp051_e,2012,-2,0.8501144647598267,ATCM35_wp051_e,2012,-2,0.9671134
Resolution 476,Resolution,2010,3,ATCM31_wp020_e,2008,2,0.8472272157669067,ATCM31_wp020_e,2008,2,0.9587854
Resolution 476,Resolution,2010,4,ATCM33_wp069_e,2010,0,0.8377553224563599,ATCM33_wp069_e,2010,0,0.95541906
Resolution 476,Resolution,2010,5,ATCM33_wp001_e,2010,0,0.8270063400268555,ATCM33_wp001_e,2010,0,0.9521488
Resolution 476,Resolution,2010,6,ATCM30_wp023_e,2007,3,0.8266522884368896,ATCM35_wp063_e,2012,-2,0.93938166
Resolution 476,Resolution,2010,7,ATCM35_wp063_e,2012,-2,0.8221891522407532,ATCM30_wp023_e,2007,3,0.9340591
Resolution 476,Resolution,2010,8,ATCM35_wp049_e,2012,-2,0.8019609451293945,ATCM35_wp049_e,2012,-2,0.93272346
Resolution 476,Resolution,2010,9,ATCM31_wp043_e,2008,2,0.797521710395813,ATCM31_wp043_e,2008,2,0.92725796
Resolution 476,Resolution,2010,10,ATCM33_wp068_rev1_e,2010,0,0.788693904876709,ATCM33_wp068_rev1_e,2010,0,0.9160082
Measure 502,Measure,2012,1,ATCM44_wp042_e,2022,-10,0.89973384141922,ATCM35_wp010_e,2012,0,0.9757254
Measure 502,Measure,2012,2,ATCM35_wp010_e,2012,0,0.8781132698059082,ATCM40_wp007_rev1_e,2017,-5,0.973403
Measure 502,Measure,2012,3,ATCM40_wp007_rev1_e,2017,-5,0.8665413856506348,ATCM44_wp042_e,2022,-10,0.9719499
Measure 502,Measure,2012,4,ATCM44_wp041_e,2022,-10,0.8238272666931152,ATCM28_wp042_e,2005,7,0.9342993
Measure 502,Measure,2012,5,ATCM35_wp058_e,2012,0,0.8230144381523132,ATCM35_wp044_e,2012,0,0.91350013
Measure 502,Measure,2012,6,ATCM35_wp044_e,2012,0,0.8199278712272644,ATCM36_wp059_e,2013,-1,0.91336983
Measure 502,Measure,2012,7,ATCM35_wp060_e,2012,0,0.8150994777679443,ATCM44_wp041_e,2022,-10,0.9122868
Measure 502,Measure,2012,8,ATCM36_wp059_e,2013,-1,0.8119378089904785,ATCM39_wp026_e,2016,-4,0.90656215
Measure 502,Measure,2012,9,ATCM28_wp042_e,2005,7,0.8106981515884399,ATCM35_wp058_e,2012,0,0.8991568
Measure 502,Measure,2012,10,ATCM39_wp026_e,2016,-4,0.8079128265380859,ATCM35_wp060_e,2012,0,0.89099807
Decision 469,Decision,2010,1,ATCM28_wp070_e,2005,5,0.9389830827713013,ATCM28_wp047_e,2005,5,0.9666128
Decision 469,Decision,2010,2,ATCM38_wp036_e,2015,-5,0.8951297998428345,ATCM28_wp070_e,2005,5,0.96532893
Decision 469,Decision,2010,3,ATCM28_wp048_rev3_e,2005,5,0.8632917404174805,ATCM38_wp036_e,2015,-5,0.9595504
Decision 469,Decision,2010,4,ATCM17_wp008_e,1992,18,0.8320002555847168,ATCM27_wp006_e,2004,6,0.94940734
Decision 469,Decision,2010,5,ATCM28_wp049_e,2005,5,0.8305801153182983,ATCM45_wp030_rev2_e,2023,-13,0.9492193
Decision 469,Decision,2010,6,ATCM17_wp011_e,1992,18,0.826483428478241,ATCM26_wp033_e,2003,7,0.9482696
Decision 469,Decision,2010,7,ATCM26_wp033_e,2003,7,0.8256611227989197,ATCM28_wp048_rev3_e,2005,5,0.941245
Decision 469,Decision,2010,8,ATCM45_wp030_rev2_e,2023,-13,0.8255202770233154,ATCM28_wp049_e,2005,5,0.92997646
Decision 469,Decision,2010,9,ATCM28_wp047_e,2005,5,0.825386643409729,ATCM17_wp008_e,1992,18,0.8916602
Decision 469,Decision,2010,10,ATCM27_wp006_e,2004,6,0.8232294917106628,ATCM17_wp011_e,1992,18,0.88246834
Measure 490,Measure,2011,1,ATCM34_wp005_e,2011,0,0.8986365795135498,ATCM34_wp005_e,2011,0,0.9757254
Measure 490,Measure,2011,2,ATCM15_wp041_e,1989,22,0.6976525783538818,ATCM26_wp017_rev1_e,2003,8,0.9306097
Measure 490,Measure,2011,3,ATCM5_wp031_rev1_e,1968,43,0.6792318820953369,ATCM26_wp017_e,2003,8,0.92991287
Measure 490,Measure,2011,4,ATCM15_wp069_e,1989,22,0.6735215187072754,ATCM7_wp034_rev1_e,1972,39,0.88879734
Measure 490,Measure,2011,5,ATCM26_wp017_rev1_e,2003,8,0.6721412539482117,ATCM15_wp041_e,1989,22,0.8542049
Measure 490,Measure,2011,6,ATCM5_wp031_e,1968,43,0.6719933748245239,ATCM5_wp031_e,1968,43,0.8507664
Measure 490,Measure,2011,7,ATCM12_wp016_rev1_e,1983,28,0.6717007160186768,ATCM15_wp069_e,1989,22,0.84877175
Measure 490,Measure,2011,8,ATCM5_wp039_e,1968,43,0.6713484525680542,ATCM5_wp031_rev1_e,1968,43,0.84004915
Measure 490,Measure,2011,9,ATCM7_wp034_rev1_e,1972,39,0.6712056398391724,ATCM5_wp039_e,1968,43,0.7973044
Measure 490,Measure,2011,10,ATCM26_wp017_e,2003,8,0.6709432601928711,ATCM12_wp016_rev1_e,1983,28,0.78239655
Recommendation 49,Recommendation,1966,1,ATCM27_wp019_rev1_e,2004,-38,0.7754910588264465,ATCM15_wp054_e,1989,-23,0.9503373
Recommendation 49,Recommendation,1966,2,ATCM28_wp005_e,2005,-39,0.7696593999862671,ATCM15_wp036_e,1989,-23,0.94940734
Recommendation 49,Recommendation,1966,3,ATCM4_wp042_rev2_e,1966,0,0.752799391746521,ATCM44_wp002_e,2022,-56,0.9376918
Recommendation 49,Recommendation,1966,4,ATCM4_wp038_e,1966,0,0.7476511597633362,ATCM28_wp005_e,2005,-39,0.9253245
Recommendation 49,Recommendation,1966,5,ATCM15_wp054_e,1989,-23,0.746096134185791,ATCM4_wp042_rev2_e,1966,0,0.92251027
Recommendation 49,Recommendation,1966,6,ATCM4_wp042_rev1_e,1966,0,0.7429807782173157,ATCM27_wp019_rev1_e,2004,-38,0.92038983
Recommendation 49,Recommendation,1966,7,ATCM15_wp036_e,1989,-23,0.7408546209335327,ATCM4_wp042_rev1_e,1966,0,0.9133722
Recommendation 49,Recommendation,1966,8,ATCM4_wp042_e,1966,0,0.7351744771003723,ATCM4_wp042_e,1966,0,0.91326845
Recommendation 49,Recommendation,1966,9,ATCM44_wp002_e,2022,-56,0.7335710525512695,ATCM4_wp038_e,1966,0,0.86662996
Recommendation 49,Recommendation,1966,10,ATCM4_wp053_rev1_e,1966,0,0.7225852012634277,ATCM4_wp053_rev1_e,1966,0,0.8467552
Measure 375,Measure,2007,1,ATCM44_wp040_e,2022,-15,0.8870884776115417,ATCM30_wp031_e,2007,0,0.9845517
Measure 375,Measure,2007,2,ATCM44_wp045_e,2022,-15,0.8732384443283081,ATCM30_wp030_e,2007,0,0.98431224
Measure 375,Measure,2007,3,ATCM35_wp008_e,2012,-5,0.8718650341033936,ATCM35_wp009_e,2012,-5,0.9753525
Measure 375,Measure,2007,4,ATCM35_wp009_e,2012,-5,0.8717436790466309,ATCM35_wp008_e,2012,-5,0.9738046
Measure 375,Measure,2007,5,ATCM30_wp030_e,2007,0,0.8585125207901001,ATCM44_wp045_e,2022,-15,0.9727894
Measure 375,Measure,2007,6,ATCM30_wp031_e,2007,0,0.8555128574371338,ATCM40_wp009_rev1_e,2017,-10,0.9695095
Measure 375,Measure,2007,7,ATCM40_wp012_rev1_e,2017,-10,0.8379698991775513,ATCM40_wp012_rev1_e,2017,-10,0.9690442
Measure 375,Measure,2007,8,ATCM40_wp009_rev1_e,2017,-10,0.8356836438179016,ATCM44_wp040_e,2022,-15,0.967361
Measure 375,Measure,2007,9,ATCM38_wp026_e,2015,-8,0.8227978944778442,ATCM28_wp042_e,2005,2,0.94651765
Measure 375,Measure,2007,10,ATCM28_wp042_e,2005,2,0.8200002312660217,ATCM38_wp026_e,2015,-8,0.94252783
Measure 295,Measure,2003,1,ATCM31_wp031_e,2008,-5,0.8316313028335571,ATCM46_wp028_e,2024,-21,0.97360456
Measure 295,Measure,2003,2,ATCM36_wp036_e,2013,-10,0.8270735144615173,ATCM36_wp036_e,2013,-10,0.9666128
Measure 295,Measure,2003,3,ATCM31_wp025_rev1_e,2008,-5,0.8150928020477295,ATCM31_wp031_e,2008,-5,0.9564067
Measure 295,Measure,2003,4,ATCM46_wp028_e,2024,-21,0.8131862282752991,ATCM31_wp025_rev1_e,2008,-5,0.94769174
Measure 295,Measure,2003,5,ATCM46_wp023_e,2024,-21,0.8128206133842468,ATCM43_wp022_e,2021,-18,0.94430023
Measure 295,Measure,2003,6,ATCM24_wp033_e,2001,2,0.8088067770004272,ATCM46_wp023_e,2024,-21,0.93993545
Measure 295,Measure,2003,7,ATCM43_wp022_e,2021,-18,0.8074263334274292,ATCM36_wp030_e,2013,-10,0.93688816
Measure 295,Measure,2003,8,ATCM38_wp026_e,2015,-12,0.8045510053634644,ATCM42_wp029_e,2019,-16,0.9346581
Measure 295,Measure,2003,9,ATCM42_wp029_e,2019,-16,0.8032364249229431,ATCM38_wp026_e,2015,-12,0.92348194
Measure 295,Measure,2003,10,ATCM36_wp030_e,2013,-10,0.8030914068222046,ATCM24_wp033_e,2001,2,0.8982678
Recommendation 134,Recommendation,1981,1,ATCM11_wp031_e,1981,0,0.8735119104385376,ATCM11_wp031_e,1981,0,0.9264636
Recommendation 134,Recommendation,1981,2,ATCM10_wp052_rev1_e,1979,2,0.7707886695861816,ATCM10_wp052_rev1_e,1979,2,0.91411066
Recommendation 134,Recommendation,1981,3,ATCM10_wp052_e,1979,2,0.7652015686035156,ATCM10_wp052_e,1979,2,0.90143585
Recommendation 134,Recommendation,1981,4,ATCM9_wp030_e,1977,4,0.729345440864563,ATCM9_wp022_e,1977,4,0.8467552
Recommendation 134,Recommendation,1981,5,ATCM9_wp043_e,1977,4,0.7272329330444336,ATCM29_wp014_e,2006,-25,0.83846825
Recommendation 134,Recommendation,1981,6,ATCM9_wp022_e,1977,4,0.7177106142044067,ATCM9_wp077_e,1977,4,0.83473045
Recommendation 134,Recommendation,1981,7,ATCM8_wp016_rev1_e,1975,6,0.7169981002807617,ATCM9_wp043_e,1977,4,0.82927084
Recommendation 134,Recommendation,1981,8,ATCM29_wp014_e,2006,-25,0.7141685485839844,ATCM9_wp030_e,1977,4,0.8173413
Recommendation 134,Recommendation,1981,9,ATCM9_wp055_e,1977,4,0.7109169960021973,ATCM8_wp016_rev1_e,1975,6,0.8053874
Recommendation 134,Recommendation,1981,10,ATCM9_wp077_e,1977,4,0.7101119756698608,ATCM9_wp055_e,1977,4,0.7589396
Recommendation 213,Recommendation,1992,1,ATCM17_wp027_rev2_e,1992,0,0.888003945350647,ATCM17_wp027_rev2_e,1992,0,0.9627573
Recommendation 213,Recommendation,1992,2,ATCM39_wp047_rev2_e,2016,-24,0.8151440024375916,ATCM39_wp047_rev2_e,2016,-24,0.9519705
Recommendation 213,Recommendation,1992,3,ATCM7_wp034_rev3_e,1972,20,0.7628563642501831,ATCM7_wp034_rev2_e,1972,20,0.92251027
Recommendation 213,Recommendation,1992,4,ATCM18_wp026_e,1994,-2,0.7614526152610779,ATCM18_wp026_e,1994,-2,0.9176464
Recommendation 213,Recommendation,1992,5,ATCM7_wp034_rev2_e,1972,20,0.7598145008087158,ATCM7_wp034_rev3_e,1972,20,0.9175727
Recommendation 213,Recommendation,1992,6,ATCM7_wp034_rev1_e,1972,20,0.7586423754692078,ATCM7_wp034_rev1_e,1972,20,0.9140149
Recommendation 213,Recommendation,1992,7,ATCM6_wp009_e,1970,22,0.7546284198760986,ATCM6_wp009_e,1970,22,0.894458
Recommendation 213,Recommendation,1992,8,ATCM6_wp009_rev1_e,1970,22,0.7537777423858643,ATCM6_wp009_rev1_e,1970,22,0.8930671
Recommendation 213,Recommendation,1992,9,ATCM21_wp027_e,1997,-5,0.7527679204940796,ATCM39_wp048_rev1_e,2016,-24,0.8739052
Recommendation 213,Recommendation,1992,10,ATCM39_wp048_rev1_e,2016,-24,0.7522863745689392,ATCM21_wp027_e,1997,-5,0.86842555
Resolution 449,Resolution,2009,1,ATCM23_wp040_e,1999,10,0.8580230474472046,ATCM33_wp037_e,2010,-1,0.92953
Resolution 449,Resolution,2009,2,ATCM26_wp004_e,2003,6,0.835247814655304,ATCM23_wp040_e,1999,10,0.91613966
Resolution 449,Resolution,2009,3,ATCM22_wp017_e,1998,11,0.8264713287353516,ATCM25_wp041_e,2002,7,0.89986295
Resolution 449,Resolution,2009,4,ATCM24_wp026_e,2001,8,0.8129774332046509,ATCM26_wp004_e,2003,6,0.8975517
Resolution 449,Resolution,2009,5,ATCM33_wp037_e,2010,-1,0.7970618605613708,ATCM24_wp026_e,2001,8,0.88995034
Resolution 449,Resolution,2009,6,ATCM25_wp041_e,2002,7,0.7935022115707397,ATCM33_wp001_e,2010,-1,0.8717371
Resolution 449,Resolution,2009,7,ATCM33_wp001_e,2010,-1,0.7854293584823608,ATCM22_wp018_e,1998,11,0.8704211
Resolution 449,Resolution,2009,8,ATCM27_wp003_e,2004,5,0.7805184125900269,ATCM27_wp003_e,2004,5,0.8462476
Resolution 449,Resolution,2009,9,ATCM22_wp018_e,1998,11,0.7804934978485107,ATCM22_wp017_e,1998,11,0.8352686
Resolution 449,Resolution,2009,10,ATCM31_wp036_e,2008,1,0.7720645666122437,ATCM31_wp036_e,2008,1,0.82760537
Resolution 265,Resolution,1999,1,ATCM23_wp024_e,1999,0,0.8793212175369263,ATCM23_wp024_e,1999,0,0.9617643
Resolution 265,Resolution,1999,2,ATCM44_wp024_e,2022,-23,0.7870609760284424,ATCM25_wp008_e,2002,-3,0.93148744
Resolution 265,Resolution,1999,3,ATCM24_wp005_e,2001,-2,0.7832235097885132,ATCM31_wp018_e,2008,-9,0.9295939
Resolution 265,Resolution,1999,4,ATCM25_wp008_e,2002,-3,0.7747021913528442,ATCM29_wp044_e,2006,-7,0.9278485
Resolution 265,Resolution,1999,5,ATCM7_wp045_e,1972,27,0.7629011869430542,ATCM44_wp024_e,2022,-23,0.92498636
Resolution 265,Resolution,1999,6,ATCM25_wp007_e,2002,-3,0.7620440125465393,ATCM24_wp005_e,2001,-2,0.92081815
Resolution 265,Resolution,1999,7,ATCM29_wp044_e,2006,-7,0.7592791318893433,ATCM25_wp007_e,2002,-3,0.9124868
Resolution 265,Resolution,1999,8,ATCM7_wp045_rev1_e,1972,27,0.7588644623756409,ATCM7_wp045_rev1_e,1972,27,0.9089336
Resolution 265,Resolution,1999,9,ATCM31_wp018_e,2008,-9,0.7576178908348083,ATCM3_wp003_rev2_e,1964,35,0.89871323
Resolution 265,Resolution,1999,10,ATCM3_wp003_rev2_e,1964,35,0.7515551447868347,ATCM7_wp045_e,1972,27,0.8961969
Recommendation 106,Recommendation,1975,1,ATCM8_wp008_e,1975,0,0.8705639243125916,ATCM8_wp008_e,1975,0,0.96996796
Recommendation 106,Recommendation,1975,2,ATCM4_wp027_rev1_e,1966,9,0.848267674446106,ATCM4_wp027_rev1_e,1966,9,0.94940734
Recommendation 106,Recommendation,1975,3,ATCM4_wp027_e,1966,9,0.8438960313796997,ATCM4_wp027_e,1966,9,0.9492193
Recommendation 106,Recommendation,1975,4,ATCM4_wp024_e,1966,9,0.835186243057251,ATCM12_wp013_e,1983,-8,0.94651765
Recommendation 106,Recommendation,1975,5,ATCM12_wp013_e,1983,-8,0.8267921805381775,ATCM16_wp032_e,1991,-16,0.9459213
Recommendation 106,Recommendation,1975,6,ATCM23_wp033_e,1999,-24,0.8220279812812805,ATCM4_wp024_e,1966,9,0.94572115
Recommendation 106,Recommendation,1975,7,ATCM2_wp005_e,1962,13,0.8136171102523804,ATCM23_wp022_e,1999,-24,0.9407027
Recommendation 106,Recommendation,1975,8,ATCM23_wp022_e,1999,-24,0.8085504174232483,ATCM2_wp005_e,1962,13,0.93284583
Recommendation 106,Recommendation,1975,9,ATCM16_wp032_e,1991,-16,0.8077085018157959,ATCM23_wp033_e,1999,-24,0.9311125
Recommendation 106,Recommendation,1975,10,ATCM24_wp024_e,2001,-26,0.8001757860183716,ATCM24_wp024_e,2001,-26,0.9245107
Recommendation 102,Recommendation,1975,1,ATCM8_wp031_e,1975,0,0.928702712059021,ATCM8_wp031_e,1975,0,0.96545935
Recommendation 102,Recommendation,1975,2,ATCM8_wp001_e,1975,0,0.8671223521232605,ATCM8_wp001_e,1975,0,0.9545797
Recommendation 102,Recommendation,1975,3,ATCM7_wp045_rev1_e,1972,3,0.8581789135932922,ATCM8_wp010_e,1975,0,0.9434727
Recommendation 102,Recommendation,1975,4,ATCM7_wp045_e,1972,3,0.8545722961425781,ATCM7_wp045_rev1_e,1972,3,0.9375776
Recommendation 102,Recommendation,1975,5,ATCM8_wp005_e,1975,0,0.8437745571136475,ATCM4_wp049_e,1966,9,0.935252
Recommendation 102,Recommendation,1975,6,ATCM8_wp010_e,1975,0,0.8413161635398865,ATCM8_wp005_e,1975,0,0.9336973
Recommendation 102,Recommendation,1975,7,ATCM4_wp049_e,1966,9,0.8406323194503784,ATCM7_wp045_e,1972,3,0.93210804
Recommendation 102,Recommendation,1975,8,ATCM4_wp053_e,1966,9,0.836432695388794,ATCM4_wp053_e,1966,9,0.9264636
Recommendation 102,Recommendation,1975,9,ATCM4_wp038_e,1966,9,0.8272228240966797,ATCM4_wp038_e,1966,9,0.90514636
Recommendation 102,Recommendation,1975,10,ATCM24_wp033_e,2001,-26,0.8246678113937378,ATCM24_wp033_e,2001,-26,0.8770983
Resolution 366,Resolution,2006,1,ATCM31_wp030_rev3_e,2008,-2,0.8021422028541565,ATCM31_wp030_rev3_e,2008,-2,0.9523265
Resolution 366,Resolution,2006,2,ATCM44_wp034_e,2022,-16,0.716171145439148,ATCM44_wp024_e,2022,-16,0.8948262
Resolution 366,Resolution,2006,3,ATCM23_wp024_e,1999,7,0.7136447429656982,ATCM23_wp024_e,1999,7,0.8721733
Resolution 366,Resolution,2006,4,ATCM44_wp024_e,2022,-16,0.7076936960220337,ATCM25_wp008_e,2002,4,0.86842555
Resolution 366,Resolution,2006,5,ATCM44_wp035_e,2022,-16,0.6853471994400024,ATCM24_wp005_e,2001,5,0.8457387
Resolution 366,Resolution,2006,6,ATCM24_wp005_e,2001,5,0.6851862668991089,ATCM4_wp047_e,1966,40,0.8374073
Resolution 366,Resolution,2006,7,ATCM25_wp008_e,2002,4,0.6805613040924072,ATCM44_wp034_e,2022,-16,0.81440735
Resolution 366,Resolution,2006,8,ATCM40_wp037_e,2017,-11,0.6575965881347656,ATCM4_wp046_rev1_e,1966,40,0.80230784
Resolution 366,Resolution,2006,9,ATCM4_wp046_rev1_e,1966,40,0.6543107628822327,ATCM40_wp037_e,2017,-11,0.7783799
Resolution 366,Resolution,2006,10,ATCM4_wp047_e,1966,40,0.6514418125152588,ATCM44_wp035_e,2022,-16,0.77294225
Recommendation 125,Recommendation,1979,1,ATCM10_wp025_e,1979,0,0.9735616445541382,ATCM10_wp025_rev4_e,1979,0,0.9641328
Recommendation 125,Recommendation,1979,2,ATCM10_wp025_rev1_e,1979,0,0.9667923450469971,ATCM10_wp025_rev3_e,1979,0,0.96331346
Recommendation 125,Recommendation,1979,3,ATCM10_wp025_rev2_e,1979,0,0.9595299959182739,ATCM10_wp025_rev2_e,1979,0,0.962617
Recommendation 125,Recommendation,1979,4,ATCM10_wp025_rev4_e,1979,0,0.9587583541870117,ATCM10_wp025_rev1_e,1979,0,0.9616204
Recommendation 125,Recommendation,1979,5,ATCM10_wp025_rev3_e,1979,0,0.9584851264953613,ATCM10_wp025_e,1979,0,0.96074593
Recommendation 125,Recommendation,1979,6,ATCM12_wp003_e,1983,-4,0.9199770092964172,ATCM10_wp006_e,1979,0,0.9517915
Recommendation 125,Recommendation,1979,7,ATCM12_wp015_e,1983,-4,0.9173223376274109,ATCM10_wp006_rev1_e,1979,0,0.95070475
Recommendation 125,Recommendation,1979,8,ATCM10_wp006_rev1_e,1979,0,0.9072173833847046,ATCM12_wp003_e,1983,-4,0.94710773
Recommendation 125,Recommendation,1979,9,ATCM10_wp006_e,1979,0,0.9004327058792114,ATCM12_wp005_e,1983,-4,0.9463195
Recommendation 125,Recommendation,1979,10,ATCM12_wp005_e,1983,-4,0.8991943001747131,ATCM12_wp015_e,1983,-4,0.9459213
Recommendation 173,Recommendation,1989,1,ATCM15_wp012_e,1989,0,0.9462276697158813,ATCM15_wp064_e,1989,0,0.9085895
Recommendation 173,Recommendation,1989,2,ATCM15_wp064_e,1989,0,0.9294532537460327,ATCM28_wp052_e,2005,-16,0.90539753
Recommendation 173,Recommendation,1989,3,ATCM15_wp019_e,1989,0,0.8582270741462708,ATCM15_wp012_e,1989,0,0.8937182
Recommendation 173,Recommendation,1989,4,ATCM26_wp037_rev1_e,2003,-14,0.8531988859176636,ATCM26_wp037_e,2003,-14,0.88063294
Recommendation 173,Recommendation,1989,5,ATCM26_wp037_e,2003,-14,0.8523720502853394,ATCM26_wp037_rev1_e,2003,-14,0.8800156
Recommendation 173,Recommendation,1989,6,ATCM9_wp046_e,1977,12,0.8149614334106445,ATCM15_wp019_e,1989,0,0.877938
Recommendation 173,Recommendation,1989,7,ATCM28_wp052_e,2005,-16,0.8014485836029053,ATCM9_wp046_e,1977,12,0.8766766
Recommendation 173,Recommendation,1989,8,ATCM21_wp009_e,1997,-8,0.7942023873329163,ATCM9_wp046_rev1_e,1977,12,0.8741202
Recommendation 173,Recommendation,1989,9,ATCM9_wp046_rev1_e,1977,12,0.7925862073898315,ATCM18_wp028_e,1994,-5,0.8693157
Recommendation 173,Recommendation,1989,10,ATCM18_wp028_e,1994,-5,0.7913753390312195,ATCM21_wp009_e,1997,-8,0.8575773
Resolution 447,Resolution,2009,1,ATCM32_wp006_e,2009,0,0.8719744682312012,ATCM32_wp006_e,2009,0,0.9692777
Resolution 447,Resolution,2009,2,ATCM29_wp035_e,2006,3,0.7782884240150452,ATCM33_wp011_e,2010,-1,0.9620506
Resolution 447,Resolution,2009,3,ATCM33_wp011_e,2010,-1,0.7403963804244995,ATCM32_wp052_e,2009,0,0.9341793
Resolution 447,Resolution,2009,4,ATCM42_wp032_e,2019,-10,0.7121301293373108,ATCM29_wp035_e,2006,3,0.930167
Resolution 447,Resolution,2009,5,ATCM15_wp021_e,1989,20,0.7107579708099365,ATCM42_wp032_e,2019,-10,0.9170542
Resolution 447,Resolution,2009,6,ATCM32_wp052_e,2009,0,0.7074886560440063,ATCM33_wp063_e,2010,-1,0.9160645
Resolution 447,Resolution,2009,7,ATCM35_wp039_e,2012,-3,0.7066903114318848,ATCM35_wp039_e,2012,-3,0.916027
Resolution 447,Resolution,2009,8,ATCM33_wp063_e,2010,-1,0.700878381729126,ATCM37_wp040_e,2014,-5,0.90038973
Resolution 447,Resolution,2009,9,ATCM37_wp040_e,2014,-5,0.7006505727767944,ATCM15_wp046_rev2_e,1989,20,0.8688713
Resolution 447,Resolution,2009,10,ATCM15_wp046_rev2_e,1989,20,0.6996029615402222,ATCM15_wp021_e,1989,20,0.86595124
nan 314,Untyped,1987,1,ATCM11_wp017_e,1981,6,0.7567088603973389,ATCM14_wp003_e,1987,0,0.9160645
nan 314,Untyped,1987,2,ATCM12_wp027_rev1_e,1983,4,0.7220157980918884,ATCM14_wp026_e,1987,0,0.8997749
nan 314,Untyped,1987,3,ATCM9_wp069_e,1977,10,0.7195280194282532,ATCM16_wp005_e,1991,-4,0.89399624
nan 314,Untyped,1987,4,ATCM14_wp026_e,1987,0,0.7151614427566528,ATCM11_wp036_e,1981,6,0.85994625
nan 314,Untyped,1987,5,ATCM14_wp003_e,1987,0,0.7118865251541138,ATCM11_wp017_e,1981,6,0.85947514
nan 314,Untyped,1987,6,ATCM11_wp036_e,1981,6,0.6969655156135559,ATCM7_wp049_e,1972,15,0.8507664
nan 314,Untyped,1987,7,ATCM12_wp011_e,1983,4,0.6967699527740479,ATCM12_wp019_e,1983,4,0.8320184
nan 314,Untyped,1987,8,ATCM7_wp049_e,1972,15,0.6955169439315796,ATCM9_wp069_e,1977,10,0.8225315
nan 314,Untyped,1987,9,ATCM12_wp019_e,1983,4,0.6942309141159058,ATCM12_wp027_rev1_e,1983,4,0.7889737
nan 314,Untyped,1987,10,ATCM16_wp005_e,1991,-4,0.6933600902557373,ATCM12_wp011_e,1983,4,0.7837237
Recommendation 177,Recommendation,1989,1,ATCM15_wp032_rev1_e,1989,0,0.9356980323791504,ATCM14_wp037_e,1987,2,0.9532054
Recommendation 177,Recommendation,1989,2,ATCM15_wp053_e,1989,0,0.9066291451454163,ATCM15_wp032_rev1_e,1989,0,0.9517915
Recommendation 177,Recommendation,1989,3,ATCM15_wp039_e,1989,0,0.8983622789382935,ATCM15_wp053_e,1989,0,0.94788504
Recommendation 177,Recommendation,1989,4,ATCM6_wp015_e,1970,19,0.8722477555274963,ATCM15_wp039_e,1989,0,0.9463195
Recommendation 177,Recommendation,1989,5,ATCM6_wp015_rev1_e,1970,19,0.8538247346878052,ATCM7_wp009_e,1972,17,0.92706007
Recommendation 177,Recommendation,1989,6,ATCM7_wp009_e,1972,17,0.8503772616386414,ATCM7_wp045_rev1_e,1972,17,0.9006522
Recommendation 177,Recommendation,1989,7,ATCM8_wp026_e,1975,14,0.8435147404670715,ATCM8_wp005_e,1975,14,0.88995034
Recommendation 177,Recommendation,1989,8,ATCM7_wp045_rev1_e,1972,17,0.8418754935264587,ATCM8_wp026_e,1975,14,0.88841075
Recommendation 177,Recommendation,1989,9,ATCM14_wp037_e,1987,2,0.8388605117797852,ATCM6_wp015_e,1970,19,0.88763386
Recommendation 177,Recommendation,1989,10,ATCM8_wp005_e,1975,14,0.8374053239822388,ATCM6_wp015_rev1_e,1970,19,0.8756169
Measure 508,Measure,2012,1,ATCM45_wp024_e,2023,-11,0.8725878596305847,ATCM41_wp010_e,2018,-6,0.9769875
Measure 508,Measure,2012,2,ATCM35_wp041_e,2012,0,0.8490278720855713,ATCM45_wp024_e,2023,-11,0.97590977
Measure 508,Measure,2012,3,ATCM41_wp010_e,2018,-6,0.8429847955703735,ATCM35_wp041_e,2012,0,0.96996796
Measure 508,Measure,2012,4,ATCM34_wp010_e,2011,1,0.8118382096290588,ATCM34_wp010_e,2011,1,0.9532054
Measure 508,Measure,2012,5,ATCM38_wp008_e,2015,-3,0.8027853965759277,ATCM38_wp008_e,2015,-3,0.93971455
Measure 508,Measure,2012,6,ATCM43_wp045_e,2021,-9,0.7832026481628418,ATCM27_wp001_e,2004,8,0.91697985
Measure 508,Measure,2012,7,ATCM39_wp027_e,2016,-4,0.7811600565910339,ATCM39_wp027_e,2016,-4,0.8971018
Measure 508,Measure,2012,8,ATCM27_wp001_e,2004,8,0.7741780281066895,ATCM43_wp045_e,2021,-9,0.8808381
Measure 508,Measure,2012,9,ATCM26_wp027_e,2003,9,0.773432731628418,ATCM45_wp007_e,2023,-11,0.87433493
Measure 508,Measure,2012,10,ATCM45_wp007_e,2023,-11,0.7663484811782837,ATCM26_wp027_e,2003,9,0.8704211
Decision 301,Decision,2003,1,ATCM27_wp004_e,2004,-1,0.8644508123397827,ATCM27_wp004_e,2004,-1,0.9514318
Decision 301,Decision,2003,2,ATCM37_wp032_e,2014,-11,0.8228533267974854,ATCM16_wp041_e,1991,12,0.90332824
Decision 301,Decision,2003,3,ATCM16_wp041_e,1991,12,0.8142450451850891,ATCM26_wp029_e,2003,0,0.8931604
Decision 301,Decision,2003,4,ATCM16_wp048_e,1991,12,0.8066142201423645,ATCM16_wp048_e,1991,12,0.89259994
Decision 301,Decision,2003,5,ATCM18_wp009_e,1994,9,0.7946064472198486,ATCM18_wp018_e,1994,9,0.89231884
Decision 301,Decision,2003,6,ATCM17_wp002_e,1992,11,0.7935889363288879,ATCM17_wp002_e,1992,11,0.88124746
Decision 301,Decision,2003,7,ATCM20_wp035_e,1996,7,0.792854905128479,ATCM18_wp009_e,1994,9,0.88063294
Decision 301,Decision,2003,8,ATCM18_wp018_e,1994,9,0.7896428108215332,ATCM37_wp032_e,2014,-11,0.87646526
Decision 301,Decision,2003,9,ATCM26_wp029_e,2003,0,0.7884702682495117,ATCM15_wp033_e,1989,14,0.8721733
Decision 301,Decision,2003,10,ATCM15_wp033_e,1989,14,0.7870652079582214,ATCM20_wp035_e,1996,7,0.85565823
Recommendation 166,Recommendation,1987,1,ATCM14_wp023_e,1987,0,0.9486820697784424,ATCM10_wp025_rev4_e,1979,8,0.9544101
Recommendation 166,Recommendation,1987,2,ATCM12_wp022_e,1983,4,0.903937816619873,ATCM10_wp025_rev1_e,1979,8,0.9542397
Recommendation 166,Recommendation,1987,3,ATCM10_wp025_e,1979,8,0.9000029563903809,ATCM10_wp025_e,1979,8,0.9533793
Recommendation 166,Recommendation,1987,4,ATCM10_wp025_rev1_e,1979,8,0.8975731134414673,ATCM10_wp025_rev2_e,1979,8,0.9530308
Recommendation 166,Recommendation,1987,5,ATCM10_wp025_rev3_e,1979,8,0.8951857089996338,ATCM10_wp025_rev3_e,1979,8,0.9517915
Recommendation 166,Recommendation,1987,6,ATCM10_wp025_rev2_e,1979,8,0.8945636749267578,ATCM12_wp022_e,1983,4,0.94710773
Recommendation 166,Recommendation,1987,7,ATCM10_wp025_rev4_e,1979,8,0.8939203023910522,ATCM12_wp005_e,1983,4,0.92396355
Recommendation 166,Recommendation,1987,8,ATCM12_wp005_e,1983,4,0.8930513262748718,ATCM12_wp003_e,1983,4,0.9169054
Recommendation 166,Recommendation,1987,9,ATCM12_wp003_e,1983,4,0.8561339378356934,ATCM12_wp015_e,1983,4,0.9037114
Recommendation 166,Recommendation,1987,10,ATCM12_wp015_e,1983,4,0.8545727729797363,ATCM14_wp023_e,1987,0,0.8916602
Resolution 348,Resolution,2005,1,ATCM11_wp026_e,1981,24,0.7859044671058655,ATCM28_wp032_e,2005,0,0.9623348
Resolution 348,Resolution,2005,2,ATCM36_wp009_e,2013,-8,0.7531859874725342,ATCM24_wp025_e,2001,4,0.9495946
Resolution 348,Resolution,2005,3,ATCM24_wp025_e,2001,4,0.7443016767501831,ATCM36_wp009_e,2013,-8,0.93489623
Resolution 348,Resolution,2005,4,ATCM29_wp036_e,2006,-1,0.7381888628005981,ATCM11_wp026_e,1981,24,0.9207113
Resolution 348,Resolution,2005,5,ATCM28_wp032_e,2005,0,0.7296568155288696,ATCM8_wp009_rev1_e,1975,30,0.91029847
Resolution 348,Resolution,2005,6,ATCM9_wp046_rev1_e,1977,28,0.729310154914856,ATCM9_wp046_e,1977,28,0.90746814
Resolution 348,Resolution,2005,7,ATCM9_wp046_e,1977,28,0.7282732725143433,ATCM29_wp036_e,2006,-1,0.905815
Resolution 348,Resolution,2005,8,ATCM21_wp009_e,1997,8,0.7201845645904541,ATCM9_wp046_rev1_e,1977,28,0.90400845
Resolution 348,Resolution,2005,9,ATCM8_wp009_rev1_e,1975,30,0.7134350538253784,ATCM10_wp040_rev3_e,1979,26,0.9020415
Resolution 348,Resolution,2005,10,ATCM10_wp040_rev3_e,1979,26,0.7129291296005249,ATCM21_wp009_e,1997,8,0.8791883
Decision 512,Decision,2012,1,ATCM26_wp011_e,2003,9,0.810055136680603,ATCM26_wp005_e,2003,9,0.93381816
Decision 512,Decision,2012,2,ATCM27_wp030_rev1_e,2004,8,0.8037064075469971,ATCM27_wp030_rev1_e,2004,8,0.91638315
Decision 512,Decision,2012,3,ATCM25_wp049_e,2002,10,0.7835054397583008,ATCM27_wp029_e,2004,8,0.9153295
Decision 512,Decision,2012,4,ATCM26_wp005_e,2003,9,0.7718949913978577,ATCM24_wp037_e,2001,11,0.9129513
Decision 512,Decision,2012,5,ATCM18_wp008_e,1994,18,0.7661416530609131,ATCM26_wp011_e,2003,9,0.9110927
Decision 512,Decision,2012,6,ATCM24_wp037_e,2001,11,0.7596654891967773,ATCM25_wp049_e,2002,10,0.89791036
Decision 512,Decision,2012,7,ATCM27_wp029_e,2004,8,0.7530079483985901,ATCM30_wp044_e,2007,5,0.89109284
Decision 512,Decision,2012,8,ATCM17_wp007_e,1992,20,0.7497815489768982,ATCM18_wp008_e,1994,18,0.8732581
Decision 512,Decision,2012,9,ATCM17_wp019_e,1992,20,0.7496377825737,ATCM17_wp019_e,1992,20,0.86640406
Decision 512,Decision,2012,10,ATCM30_wp044_e,2007,5,0.7476156949996948,ATCM17_wp007_e,1992,20,0.8546907
Decision 325,Decision,2004,1,ATCM26_wp004_e,2003,1,0.8715943098068237,ATCM26_wp004_e,2003,1,0.94865155
Decision 325,Decision,2004,2,ATCM23_wp040_e,1999,5,0.8222613334655762,ATCM25_wp041_e,2002,2,0.9301036
Decision 325,Decision,2004,3,ATCM25_wp041_e,2002,2,0.8205753564834595,ATCM27_wp003_e,2004,0,0.9199955
Decision 325,Decision,2004,4,ATCM27_wp003_e,2004,0,0.8002843856811523,ATCM24_wp026_e,2001,3,0.907345
Decision 325,Decision,2004,5,ATCM24_wp026_e,2001,3,0.7959198951721191,ATCM23_wp040_e,1999,5,0.8935326
Decision 325,Decision,2004,6,ATCM22_wp017_e,1998,6,0.7742128372192383,ATCM30_wp023_e,2007,-3,0.8802217
Decision 325,Decision,2004,7,ATCM31_wp036_e,2008,-4,0.768944501876831,ATCM31_wp036_e,2008,-4,0.85126173
Decision 325,Decision,2004,8,ATCM30_wp023_e,2007,-3,0.7619613409042358,ATCM33_wp001_e,2010,-6,0.8352686
Decision 325,Decision,2004,9,ATCM33_wp001_e,2010,-6,0.7607895135879517,ATCM22_wp017_e,1998,6,0.8270472
Decision 325,Decision,2004,10,ATCM26_wp037_e,2003,1,0.7560485601425171,ATCM26_wp037_e,2003,1,0.8047744
Measure 404,Measure,2008,1,ATCM42_wp049_e,2019,-11,0.8970404863357544,ATCM42_wp049_e,2019,-11,0.9710852
Measure 404,Measure,2008,2,ATCM36_wp060_e,2013,-5,0.8909921646118164,ATCM36_wp060_e,2013,-5,0.9710852
Measure 404,Measure,2008,3,ATCM46_wp032_e,2024,-16,0.8851391077041626,ATCM46_wp032_e,2024,-16,0.96833336
Measure 404,Measure,2008,4,ATCM36_wp030_e,2013,-5,0.8339179754257202,ATCM31_wp007_e,2008,0,0.9610396
Measure 404,Measure,2008,5,ATCM35_wp060_e,2012,-4,0.8334623575210571,ATCM36_wp030_e,2013,-5,0.8497718
Measure 404,Measure,2008,6,ATCM39_wp027_e,2016,-8,0.8317244052886963,ATCM46_wp023_e,2024,-16,0.8497718
Measure 404,Measure,2008,7,ATCM39_wp026_e,2016,-8,0.8315246105194092,ATCM39_wp027_e,2016,-8,0.8457387
Measure 404,Measure,2008,8,ATCM46_wp023_e,2024,-16,0.8307409286499023,ATCM39_wp026_e,2016,-8,0.8457387
Measure 404,Measure,2008,9,ATCM31_wp007_e,2008,0,0.8306363224983215,ATCM43_wp045_e,2021,-13,0.8379385
Measure 404,Measure,2008,10,ATCM43_wp045_e,2021,-13,0.826987087726593,ATCM35_wp060_e,2012,-4,0.8138162
Decision 342,Decision,2005,1,ATCM27_wp030_rev1_e,2004,1,0.8873652219772339,ATCM26_wp005_e,2003,2,0.9417828
Decision 342,Decision,2005,2,ATCM26_wp011_e,2003,2,0.8264256715774536,ATCM27_wp030_rev1_e,2004,1,0.93993545
Decision 342,Decision,2005,3,ATCM27_wp029_e,2004,1,0.8221656084060669,ATCM27_wp029_e,2004,1,0.9333337
Decision 342,Decision,2005,4,ATCM26_wp005_e,2003,2,0.7959675788879395,ATCM26_wp011_e,2003,2,0.9290166
Decision 342,Decision,2005,5,ATCM25_wp046_e,2002,3,0.7904068827629089,ATCM25_wp046_e,2002,3,0.90726286
Decision 342,Decision,2005,6,ATCM18_wp008_e,1994,11,0.7728780508041382,ATCM24_wp037_e,2001,4,0.9039236
Decision 342,Decision,2005,7,ATCM25_wp049_e,2002,3,0.7711924314498901,ATCM25_wp049_e,2002,3,0.8745494
Decision 342,Decision,2005,8,ATCM24_wp037_e,2001,4,0.7637598514556885,ATCM25_wp044_e,2002,3,0.8585289
Decision 342,Decision,2005,9,ATCM17_wp007_e,1992,13,0.7588462829589844,ATCM18_wp008_e,1994,11,0.83899665
Decision 342,Decision,2005,10,ATCM25_wp044_e,2002,3,0.7524982690811157,ATCM17_wp007_e,1992,13,0.8242356
Recommendation 104,Recommendation,1975,1,ATCM8_wp035_e,1975,0,0.8911795616149902,ATCM8_wp035_e,1975,0,0.9631751
Recommendation 104,Recommendation,1975,2,ATCM8_wp002_e,1975,0,0.86603182554245,ATCM10_wp004_e,1979,-4,0.9459213
Recommendation 104,Recommendation,1975,3,ATCM10_wp031_rev1_e,1979,-4,0.8562487363815308,ATCM8_wp002_e,1975,0,0.9434727
Recommendation 104,Recommendation,1975,4,ATCM10_wp031_e,1979,-4,0.8538020849227905,ATCM10_wp039_e,1979,-4,0.9431594
Recommendation 104,Recommendation,1975,5,ATCM24_wp033_e,2001,-26,0.8527654409408569,ATCM10_wp031_rev1_e,1979,-4,0.9423159
Recommendation 104,Recommendation,1975,6,ATCM16_wp020_e,1991,-16,0.8373714089393616,ATCM10_wp039_rev1_e,1979,-4,0.9422097
Recommendation 104,Recommendation,1975,7,ATCM10_wp004_e,1979,-4,0.8201713562011719,ATCM10_wp031_e,1979,-4,0.9378058
Recommendation 104,Recommendation,1975,8,ATCM10_wp039_rev1_e,1979,-4,0.8003490567207336,ATCM16_wp020_e,1991,-16,0.9357234
Recommendation 104,Recommendation,1975,9,ATCM10_wp039_e,1979,-4,0.7987445592880249,ATCM24_wp033_e,2001,-26,0.9083053
Recommendation 104,Recommendation,1975,10,ATCM8_wp012_e,1975,0,0.7965185046195984,ATCM8_wp012_e,1975,0,0.8997749
Measure 481,Measure,2011,1,ATCM45_wp002_rev1_e,2023,-12,0.844008207321167,ATCM44_wp003_e,2022,-11,0.9838223
Measure 481,Measure,2011,2,ATCM34_wp009_e,2011,0,0.8291118144989014,ATCM39_wp003_e,2016,-5,0.9833174
Measure 481,Measure,2011,3,ATCM33_wp034_e,2010,1,0.8236639499664307,ATCM34_wp009_e,2011,0,0.9831887
Measure 481,Measure,2011,4,ATCM43_wp025_rev1_e,2021,-10,0.822613000869751,ATCM45_wp002_rev1_e,2023,-12,0.9814249
Measure 481,Measure,2011,5,ATCM39_wp003_e,2016,-5,0.8220561742782593,ATCM38_wp026_e,2015,-4,0.9356059
Measure 481,Measure,2011,6,ATCM35_wp044_e,2012,-1,0.8175519704818726,ATCM35_wp044_e,2012,-1,0.9143022
Measure 481,Measure,2011,7,ATCM38_wp026_e,2015,-4,0.8164821863174438,ATCM33_wp034_e,2010,1,0.9117481
Measure 481,Measure,2011,8,ATCM24_wp033_e,2001,10,0.8141413927078247,ATCM43_wp025_rev1_e,2021,-10,0.91086507
Measure 481,Measure,2011,9,ATCM44_wp003_e,2022,-11,0.8105028867721558,ATCM24_wp033_e,2001,10,0.90362644
Measure 481,Measure,2011,10,ATCM35_wp058_e,2012,-1,0.8057321310043335,ATCM35_wp058_e,2012,-1,0.87347406
Resolution 494,Resolution,2011,1,ATCM34_wp040_e,2011,0,0.870489239692688,ATCM35_wp031_e,2012,-1,0.9838223
Resolution 494,Resolution,2011,2,ATCM35_wp031_e,2012,-1,0.8522962927818298,ATCM34_wp040_e,2011,0,0.9764547
Resolution 494,Resolution,2011,3,ATCM22_wp022_e,1998,13,0.8052800893783569,ATCM37_wp047_rev1_e,2014,-3,0.9271921
Resolution 494,Resolution,2011,4,ATCM18_wp004_e,1994,17,0.7713860273361206,ATCM16_wp047_e,1991,20,0.9132237
Resolution 494,Resolution,2011,5,ATCM23_wp027_e,1999,12,0.7709488868713379,ATCM16_wp047_rev1_e,1991,20,0.9117678
Resolution 494,Resolution,2011,6,ATCM37_wp047_rev1_e,2014,-3,0.769728422164917,ATCM18_wp004_e,1994,17,0.89959866
Resolution 494,Resolution,2011,7,ATCM18_wp031_e,1994,17,0.7676492929458618,ATCM18_wp031_e,1994,17,0.8982678
Resolution 494,Resolution,2011,8,ATCM16_wp047_e,1991,20,0.7669192552566528,ATCM22_wp022_e,1998,13,0.8967407
Resolution 494,Resolution,2011,9,ATCM16_wp047_rev1_e,1991,20,0.7650517225265503,ATCM23_wp027_e,1999,12,0.8686486
Resolution 494,Resolution,2011,10,ATCM15_wp023_e,1989,22,0.7607529759407043,ATCM15_wp023_e,1989,22,0.8632072
Recommendation 150,Recommendation,1985,1,ATCM10_wp031_rev1_e,1979,6,0.9135091304779053,ATCM16_wp020_e,1991,-6,0.9642677
Recommendation 150,Recommendation,1985,2,ATCM10_wp031_e,1979,6,0.9078852534294128,ATCM24_wp033_e,2001,-16,0.9619076
Recommendation 150,Recommendation,1985,3,ATCM24_wp033_e,2001,-16,0.9034463167190552,ATCM8_wp035_e,1975,10,0.95816356
Recommendation 150,Recommendation,1985,4,ATCM16_wp020_e,1991,-6,0.8995788097381592,ATCM12_wp017_rev1_e,1983,2,0.9573736
Recommendation 150,Recommendation,1985,5,ATCM12_wp017_rev1_e,1983,2,0.8875527381896973,ATCM10_wp031_rev1_e,1979,6,0.9565693
Recommendation 150,Recommendation,1985,6,ATCM10_wp004_e,1979,6,0.8687565326690674,ATCM10_wp031_e,1979,6,0.9533793
Recommendation 150,Recommendation,1985,7,ATCM8_wp002_e,1975,10,0.8600620031356812,ATCM10_wp039_e,1979,6,0.94710773
Recommendation 150,Recommendation,1985,8,ATCM8_wp035_e,1975,10,0.8389526605606079,ATCM10_wp039_rev1_e,1979,6,0.9455202
Recommendation 150,Recommendation,1985,9,ATCM10_wp039_e,1979,6,0.837927520275116,ATCM8_wp002_e,1975,10,0.943264
Recommendation 150,Recommendation,1985,10,ATCM10_wp039_rev1_e,1979,6,0.837419867515564,ATCM10_wp004_e,1979,6,0.92869383
Recommendation 165,Recommendation,1987,1,ATCM8_wp036_e,1975,12,0.8994240760803223,ATCM9_wp084_e,1977,10,0.9161584
Recommendation 165,Recommendation,1987,2,ATCM8_wp002_e,1975,12,0.869476854801178,ATCM8_wp036_e,1975,12,0.91504526
Recommendation 165,Recommendation,1987,3,ATCM8_wp003_e,1975,12,0.8687025308609009,ATCM7_wp046_rev1_e,1972,15,0.9085895
Recommendation 165,Recommendation,1987,4,ATCM12_wp014_rev1_e,1983,4,0.8670105934143066,ATCM14_wp035_e,1987,0,0.9084272
Recommendation 165,Recommendation,1987,5,ATCM14_wp035_e,1987,0,0.8625032901763916,ATCM11_wp028_rev1_e,1981,6,0.90577334
Recommendation 165,Recommendation,1987,6,ATCM7_wp046_e,1972,15,0.856753945350647,ATCM7_wp046_e,1972,15,0.9046842
Recommendation 165,Recommendation,1987,7,ATCM7_wp046_rev1_e,1972,15,0.8525035381317139,ATCM8_wp003_e,1975,12,0.9040508
Recommendation 165,Recommendation,1987,8,ATCM9_wp084_e,1977,10,0.8498317003250122,ATCM16_wp020_e,1991,-4,0.89427346
Recommendation 165,Recommendation,1987,9,ATCM16_wp020_e,1991,-4,0.8497630953788757,ATCM12_wp014_rev1_e,1983,4,0.8895672
Recommendation 165,Recommendation,1987,10,ATCM11_wp028_rev1_e,1981,6,0.842883825302124,ATCM8_wp002_e,1975,12,0.8796026
nan 374,Untyped,1992,1,ATCM21_wp033_e,1997,-5,0.6529721021652222,ATCM21_wp033_e,1997,-5,0.88879734
nan 374,Untyped,1992,2,ATCM32_wp007_e,2009,-17,0.6517579555511475,ATCM27_wp048_rev1_e,2004,-12,0.7941296
nan 374,Untyped,1992,3,ATCM10_wp015_e,1979,13,0.6515095233917236,ATCM21_wp040_e,1997,-5,0.7915634
nan 374,Untyped,1992,4,ATCM21_wp001_e,1997,-5,0.6379297971725464,ATCM21_wp001_e,1997,-5,0.7889737
nan 374,Untyped,1992,5,ATCM27_wp008_e,2004,-12,0.6296600103378296,ATCM26_wp040_e,2003,-11,0.7086966
nan 374,Untyped,1992,6,ATCM28_wp056_e,2005,-13,0.6139016151428223,ATCM32_wp007_e,2009,-17,0.680539
nan 374,Untyped,1992,7,ATCM26_wp040_e,2003,-11,0.6010167598724365,ATCM26_wp003_e,2003,-11,0.63847464
nan 374,Untyped,1992,8,ATCM27_wp048_rev1_e,2004,-12,0.5999300479888916,ATCM28_wp056_e,2005,-13,0.61286587
nan 374,Untyped,1992,9,ATCM21_wp040_e,1997,-5,0.5978548526763916,ATCM27_wp008_e,2004,-12,0.6110107
nan 374,Untyped,1992,10,ATCM26_wp003_e,2003,-11,0.5923019647598267,ATCM10_wp015_e,1979,13,0.57138395
Measure 488,Measure,2011,1,ATCM38_wp008_e,2015,-4,0.8685129880905151,ATCM34_wp039_e,2011,0,0.97868
Measure 488,Measure,2011,2,ATCM34_wp039_e,2011,0,0.8385522365570068,ATCM38_wp008_e,2015,-4,0.96833336
Measure 488,Measure,2011,3,ATCM46_wp023_e,2024,-13,0.8086510896682739,ATCM45_wp023_e,2023,-12,0.92505413
Measure 488,Measure,2011,4,ATCM43_wp045_e,2021,-10,0.8061549663543701,ATCM45_wp024_e,2023,-12,0.91818
Measure 488,Measure,2011,5,ATCM45_wp023_e,2023,-12,0.8045759201049805,ATCM46_wp023_e,2024,-13,0.8715186
Measure 488,Measure,2011,6,ATCM39_wp027_e,2016,-5,0.8019819259643555,ATCM43_wp031_e,2021,-10,0.8648136
Measure 488,Measure,2011,7,ATCM43_wp031_e,2021,-10,0.8004810214042664,ATCM39_wp027_e,2016,-5,0.8643563
Measure 488,Measure,2011,8,ATCM35_wp060_e,2012,-1,0.7968677282333374,ATCM43_wp045_e,2021,-10,0.8636677
Measure 488,Measure,2011,9,ATCM35_wp058_e,2012,-1,0.7961565852165222,ATCM35_wp060_e,2012,-1,0.81850475
Measure 488,Measure,2011,10,ATCM45_wp024_e,2023,-12,0.7961379289627075,ATCM35_wp058_e,2012,-1,0.8179237
Measure 249,Measure,1998,1,ATCM38_wp026_e,2015,-17,0.8223860263824463,ATCM15_wp053_e,1989,9,0.90290105
Measure 249,Measure,1998,2,ATCM43_wp025_rev1_e,2021,-23,0.8074776530265808,ATCM15_wp032_rev1_e,1989,9,0.9023862
Measure 249,Measure,1998,3,ATCM15_wp039_e,1989,9,0.8061419725418091,ATCM15_wp039_e,1989,9,0.8939036
Measure 249,Measure,1998,4,ATCM16_wp001_e,1991,7,0.803635835647583,ATCM16_wp001_e,1991,7,0.8880229
Measure 249,Measure,1998,5,ATCM43_wp024_rev1_e,2021,-23,0.8015474677085876,ATCM38_wp026_e,2015,-17,0.8791883
Measure 249,Measure,1998,6,ATCM24_wp033_e,2001,-3,0.7989064455032349,ATCM16_wp054_e,1991,7,0.87497735
Measure 249,Measure,1998,7,ATCM14_wp037_e,1987,11,0.7979111075401306,ATCM14_wp037_e,1987,11,0.8715186
Measure 249,Measure,1998,8,ATCM15_wp053_e,1989,9,0.7943761348724365,ATCM43_wp024_rev1_e,2021,-23,0.85805386
Measure 249,Measure,1998,9,ATCM16_wp054_e,1991,7,0.7938804030418396,ATCM24_wp033_e,2001,-3,0.8546907
Measure 249,Measure,1998,10,ATCM15_wp032_rev1_e,1989,9,0.7933840751647949,ATCM43_wp025_rev1_e,2021,-23,0.80782473
Resolution 472,Resolution,2010,1,ATCM33_wp011_e,2010,0,0.9196898937225342,ATCM33_wp011_e,2010,0,0.9854741
Resolution 472,Resolution,2010,2,ATCM37_wp045_e,2014,-4,0.8378108739852905,ATCM31_wp038_e,2008,2,0.9537254
Resolution 472,Resolution,2010,3,ATCM31_wp038_e,2008,2,0.8350203037261963,ATCM33_wp001_e,2010,0,0.9415683
Resolution 472,Resolution,2010,4,ATCM42_wp061_e,2019,-9,0.8179373741149902,ATCM42_wp061_e,2019,-9,0.9375776
Resolution 472,Resolution,2010,5,ATCM15_wp026_e,1989,21,0.8146123886108398,ATCM37_wp045_e,2014,-4,0.9358408
Resolution 472,Resolution,2010,6,ATCM15_wp055_e,1989,21,0.8109362125396729,ATCM15_wp055_e,1989,21,0.92471486
Resolution 472,Resolution,2010,7,ATCM15_wp040_e,1989,21,0.7895297408103943,ATCM15_wp026_e,1989,21,0.9153107
Resolution 472,Resolution,2010,8,ATCM15_wp005_e,1989,21,0.7804473638534546,ATCM15_wp040_e,1989,21,0.90134907
Resolution 472,Resolution,2010,9,ATCM33_wp001_e,2010,0,0.7515762448310852,ATCM15_wp005_e,1989,21,0.88704807
Resolution 472,Resolution,2010,10,ATCM16_wp053_e,1991,19,0.7476518750190735,ATCM16_wp053_e,1991,19,0.8167574
Resolution 283,Resolution,2001,1,ATCM24_wp009_e,2001,0,0.8132140636444092,ATCM24_wp009_e,2001,0,0.9301036
Resolution 283,Resolution,2001,2,ATCM10_wp005_rev2_e,1979,22,0.7366313934326172,ATCM18_wp013_e,1994,7,0.86842555
Resolution 283,Resolution,2001,3,ATCM10_wp005_e,1979,22,0.7288820147514343,ATCM37_wp057_e,2014,-13,0.84877175
Resolution 283,Resolution,2001,4,ATCM10_wp005_rev1_e,1979,22,0.7218554019927979,ATCM10_wp005_rev2_e,1979,22,0.84265614
Resolution 283,Resolution,2001,5,ATCM18_wp013_e,1994,7,0.7007365822792053,ATCM10_wp005_e,1979,22,0.84213746
Resolution 283,Resolution,2001,6,ATCM37_wp057_e,2014,-13,0.6834717988967896,ATCM10_wp005_rev1_e,1979,22,0.8405733
Resolution 283,Resolution,2001,7,ATCM10_wp032_rev1_e,1979,22,0.6357713341712952,ATCM10_wp039_e,1979,22,0.7985641
Resolution 283,Resolution,2001,8,ATCM10_wp039_rev1_e,1979,22,0.6283992528915405,ATCM10_wp039_rev1_e,1979,22,0.7966724
Resolution 283,Resolution,2001,9,ATCM10_wp039_e,1979,22,0.6280128359794617,ATCM22_wp022_e,1998,3,0.76178664
Resolution 283,Resolution,2001,10,ATCM22_wp022_e,1998,3,0.6267026662826538,ATCM10_wp032_rev1_e,1979,22,0.6856128
Measure 510,Measure,2012,1,ATCM35_wp036_e,2012,0,0.8788332939147949,ATCM35_wp036_e,2012,0,0.9773362
Measure 510,Measure,2012,2,ATCM7_wp034_rev1_e,1972,40,0.8333770036697388,ATCM35_wp056_rev1_e,2012,0,0.9708651
Measure 510,Measure,2012,3,ATCM7_wp034_rev2_e,1972,40,0.8331735134124756,ATCM7_wp034_rev2_e,1972,40,0.96303636
Measure 510,Measure,2012,4,ATCM6_wp009_e,1970,42,0.8320922255516052,ATCM7_wp034_rev3_e,1972,40,0.96247613
Measure 510,Measure,2012,5,ATCM7_wp034_rev3_e,1972,40,0.8256002068519592,ATCM7_wp034_rev1_e,1972,40,0.9616204
Measure 510,Measure,2012,6,ATCM6_wp009_rev1_e,1970,42,0.8183877468109131,ATCM26_wp017_rev1_e,2003,9,0.9611855
Measure 510,Measure,2012,7,ATCM35_wp056_rev1_e,2012,0,0.7780728936195374,ATCM26_wp017_e,2003,9,0.9589395
Measure 510,Measure,2012,8,ATCM26_wp017_rev1_e,2003,9,0.7754617929458618,ATCM6_wp009_rev1_e,1970,42,0.9510695
Measure 510,Measure,2012,9,ATCM26_wp017_e,2003,9,0.7730461955070496,ATCM6_wp009_e,1970,42,0.94651765
Measure 510,Measure,2012,10,ATCM5_wp031_rev1_e,1968,44,0.7574883103370667,ATCM5_wp031_rev1_e,1968,44,0.9077548
Recommendation 133,Recommendation,1981,1,ATCM11_wp037_e,1981,0,0.965795636177063,ATCM10_wp048_rev2_e,1979,2,0.9426336
Recommendation 133,Recommendation,1981,2,ATCM9_wp057_e,1977,4,0.929572582244873,ATCM10_wp048_rev1_e,1979,2,0.9417828
Recommendation 133,Recommendation,1981,3,ATCM9_wp080_e,1977,4,0.9289963245391846,ATCM10_wp048_e,1979,2,0.93915886
Recommendation 133,Recommendation,1981,4,ATCM10_wp048_e,1979,2,0.9250494837760925,ATCM11_wp037_e,1981,0,0.93746316
Recommendation 133,Recommendation,1981,5,ATCM10_wp048_rev2_e,1979,2,0.9217004776000977,ATCM10_wp030_rev2_e,1979,2,0.933212
Recommendation 133,Recommendation,1981,6,ATCM10_wp048_rev1_e,1979,2,0.9189578890800476,ATCM10_wp030_rev1_e,1979,2,0.9330902
Recommendation 133,Recommendation,1981,7,ATCM10_wp030_e,1979,2,0.8967259526252747,ATCM9_wp057_e,1977,4,0.9296579
Recommendation 133,Recommendation,1981,8,ATCM10_wp030_rev1_e,1979,2,0.8880553245544434,ATCM9_wp080_e,1977,4,0.92368877
Recommendation 133,Recommendation,1981,9,ATCM8_wp049_e,1975,6,0.8878918886184692,ATCM10_wp030_e,1979,2,0.9217741
Recommendation 133,Recommendation,1981,10,ATCM10_wp030_rev2_e,1979,2,0.8869990110397339,ATCM8_wp049_e,1975,6,0.91253555
Decision 467,Decision,2010,1,ATCM26_wp011_e,2003,7,0.7762398719787598,ATCM26_wp005_e,2003,7,0.9301036
Decision 467,Decision,2010,2,ATCM27_wp030_rev1_e,2004,6,0.7636367082595825,ATCM27_wp030_rev1_e,2004,6,0.9079386
Decision 467,Decision,2010,3,ATCM26_wp005_e,2003,7,0.7571828961372375,ATCM26_wp011_e,2003,7,0.90169585
Decision 467,Decision,2010,4,ATCM30_wp044_e,2007,3,0.7509351968765259,ATCM30_wp044_e,2007,3,0.89737195
Decision 467,Decision,2010,5,ATCM25_wp046_e,2002,8,0.7434061765670776,ATCM27_wp029_e,2004,6,0.89033234
Decision 467,Decision,2010,6,ATCM18_wp008_e,1994,16,0.7382014393806458,ATCM24_wp037_e,2001,9,0.8854731
Decision 467,Decision,2010,7,ATCM27_wp029_e,2004,6,0.7346194982528687,ATCM25_wp046_e,2002,8,0.88246834
Decision 467,Decision,2010,8,ATCM24_wp037_e,2001,9,0.7249642610549927,ATCM25_wp049_e,2002,8,0.87604177
Decision 467,Decision,2010,9,ATCM28_wp068_e,2005,5,0.7210825085639954,ATCM28_wp068_e,2005,5,0.86181754
Decision 467,Decision,2010,10,ATCM25_wp049_e,2002,8,0.7208110690116882,ATCM18_wp008_e,1994,16,0.8462476
nan 313,Untyped,1985,1,ATCM12_wp027_rev1_e,1983,2,0.755753755569458,ATCM3_wp014_e,1964,21,0.8710806
nan 313,Untyped,1985,2,ATCM14_wp003_e,1987,-2,0.749925434589386,ATCM15_wp045_e,1989,-4,0.87020063
nan 313,Untyped,1985,3,ATCM11_wp036_e,1981,4,0.7459535598754883,ATCM14_wp003_e,1987,-2,0.8697588
nan 313,Untyped,1985,4,ATCM12_wp008_e,1983,2,0.7444360256195068,ATCM14_wp026_e,1987,-2,0.86041605
nan 313,Untyped,1985,5,ATCM3_wp022_rev1_e,1964,21,0.7373821139335632,ATCM8_wp032_e,1975,10,0.85517514
nan 313,Untyped,1985,6,ATCM14_wp026_e,1987,-2,0.7364022731781006,ATCM3_wp022_rev1_e,1964,21,0.8410961
nan 313,Untyped,1985,7,ATCM15_wp045_e,1989,-4,0.7345461845397949,ATCM12_wp008_e,1983,2,0.8202392
nan 313,Untyped,1985,8,ATCM3_wp014_e,1964,21,0.7339658737182617,ATCM11_wp036_e,1981,4,0.8004425
nan 313,Untyped,1985,9,ATCM8_wp032_e,1975,10,0.7330152988433838,ATCM12_wp027_rev1_e,1983,2,0.78766996
nan 313,Untyped,1985,10,ATCM28_wp054_e,2005,-20,0.729151725769043,ATCM28_wp054_e,2005,-20,0.73685527
Decision 437,Decision,2009,1,ATCM27_wp030_rev1_e,2004,5,0.8353993892669678,ATCM26_wp005_e,2003,6,0.9422097
Decision 437,Decision,2009,2,ATCM26_wp011_e,2003,6,0.8113703727722168,ATCM25_wp049_e,2002,7,0.92862916
Decision 437,Decision,2009,3,ATCM27_wp029_e,2004,5,0.7956148386001587,ATCM27_wp029_e,2004,5,0.92725796
Decision 437,Decision,2009,4,ATCM26_wp005_e,2003,6,0.7754583358764648,ATCM26_wp011_e,2003,6,0.9269279
Decision 437,Decision,2009,5,ATCM25_wp046_e,2002,7,0.7718849182128906,ATCM24_wp037_e,2001,8,0.92278904
Decision 437,Decision,2009,6,ATCM17_wp007_e,1992,17,0.7585911750793457,ATCM27_wp030_rev1_e,2004,5,0.909518
Decision 437,Decision,2009,7,ATCM18_wp008_e,1994,15,0.7414550185203552,ATCM25_wp046_e,2002,7,0.90738606
Decision 437,Decision,2009,8,ATCM25_wp049_e,2002,7,0.7378894090652466,ATCM18_wp008_e,1994,15,0.8818593
Decision 437,Decision,2009,9,ATCM24_wp037_e,2001,8,0.7365927696228027,ATCM25_wp044_e,2002,7,0.8736898
Decision 437,Decision,2009,10,ATCM25_wp044_e,2002,7,0.7360905408859253,ATCM17_wp007_e,1992,17,0.8379385
Measure 504,Measure,2012,1,ATCM44_wp043_e,2022,-10,0.9092634320259094,ATCM35_wp011_e,2012,0,0.97750866
Measure 504,Measure,2012,2,ATCM35_wp011_e,2012,0,0.8920338153839111,ATCM40_wp011_rev1_e,2017,-5,0.9727894
Measure 504,Measure,2012,3,ATCM40_wp011_rev1_e,2017,-5,0.8611611127853394,ATCM44_wp043_e,2022,-10,0.97258186
Measure 504,Measure,2012,4,ATCM38_wp026_e,2015,-3,0.799202024936676,ATCM38_wp026_e,2015,-3,0.9290166
Measure 504,Measure,2012,5,ATCM46_wp023_e,2024,-12,0.7971720695495605,ATCM35_wp044_e,2012,0,0.91401964
Measure 504,Measure,2012,6,ATCM35_wp044_e,2012,0,0.7936227917671204,ATCM46_wp023_e,2024,-12,0.9035839
Measure 504,Measure,2012,7,ATCM35_wp060_e,2012,0,0.7917141914367676,ATCM35_wp061_e,2012,0,0.8982678
Measure 504,Measure,2012,8,ATCM43_wp022_e,2021,-9,0.7916415333747864,ATCM43_wp022_e,2021,-9,0.8956505
Measure 504,Measure,2012,9,ATCM35_wp061_e,2012,0,0.7901980876922607,ATCM35_wp060_e,2012,0,0.8915658
Measure 504,Measure,2012,10,ATCM35_wp058_e,2012,0,0.7897404432296753,ATCM35_wp058_e,2012,0,0.88937515
Recommendation 175,Recommendation,1989,1,ATCM15_wp035_rev1_e,1989,0,0.9235074520111084,ATCM15_wp035_rev1_e,1989,0,0.97948
Recommendation 175,Recommendation,1989,2,ATCM8_wp035_e,1975,14,0.8067130446434021,ATCM10_wp031_rev1_e,1979,10,0.9379197
Recommendation 175,Recommendation,1989,3,ATCM8_wp002_e,1975,14,0.8060461282730103,ATCM16_wp054_rev1_e,1991,-2,0.93284583
Recommendation 175,Recommendation,1989,4,ATCM25_wp010_e,2002,-13,0.8039377927780151,ATCM25_wp010_e,2002,-13,0.9311125
Recommendation 175,Recommendation,1989,5,ATCM16_wp057_e,1991,-2,0.8020234107971191,ATCM8_wp035_e,1975,14,0.929466
Recommendation 175,Recommendation,1989,6,ATCM16_wp015_e,1991,-2,0.7976633310317993,ATCM16_wp054_e,1991,-2,0.9234129
Recommendation 175,Recommendation,1989,7,ATCM16_wp054_e,1991,-2,0.7928342819213867,ATCM8_wp002_e,1975,14,0.9179595
Recommendation 175,Recommendation,1989,8,ATCM16_wp054_rev1_e,1991,-2,0.7919783592224121,ATCM16_wp015_e,1991,-2,0.9152822
Recommendation 175,Recommendation,1989,9,ATCM24_wp033_e,2001,-12,0.7895321249961853,ATCM16_wp057_e,1991,-2,0.912746
Recommendation 175,Recommendation,1989,10,ATCM10_wp031_rev1_e,1979,10,0.7878657579421997,ATCM24_wp033_e,2001,-12,0.9042201
Measure 294,Measure,2003,1,ATCM17_wp019_e,1992,11,0.888687252998352,ATCM24_wp037_e,2001,2,0.94788504
Measure 294,Measure,2003,2,ATCM24_wp037_e,2001,2,0.8882499933242798,ATCM26_wp005_e,2003,0,0.92849964
Measure 294,Measure,2003,3,ATCM18_wp008_e,1994,9,0.8727640509605408,ATCM25_wp028_e,2002,1,0.91992354
Measure 294,Measure,2003,4,ATCM25_wp044_e,2002,1,0.8563006520271301,ATCM25_wp044_e,2002,1,0.9171283
Measure 294,Measure,2003,5,ATCM25_wp028_e,2002,1,0.8493883013725281,ATCM19_wp013_e,1995,8,0.9056482
Measure 294,Measure,2003,6,ATCM17_wp007_e,1992,11,0.8492903113365173,ATCM18_wp008_e,1994,9,0.89737195
Measure 294,Measure,2003,7,ATCM18_wp016_e,1994,9,0.8441669344902039,ATCM17_wp019_e,1992,11,0.89683104
Measure 294,Measure,2003,8,ATCM19_wp013_e,1995,8,0.8394774198532104,ATCM17_wp007_e,1992,11,0.8958329
Measure 294,Measure,2003,9,ATCM26_wp005_e,2003,0,0.8298826217651367,ATCM18_wp016_e,1994,9,0.88975894
Measure 294,Measure,2003,10,ATCM16_wp010_e,1991,12,0.8258659839630127,ATCM16_wp010_e,1991,12,0.8820626
Recommendation 93,Recommendation,1972,1,ATCM7_wp045_rev1_e,1972,0,0.9396260976791382,ATCM8_wp001_e,1975,-3,0.9589395
Recommendation 93,Recommendation,1972,2,ATCM7_wp045_e,1972,0,0.9116387367248535,ATCM7_wp009_e,1972,0,0.94199663
Recommendation 93,Recommendation,1972,3,ATCM7_wp009_e,1972,0,0.9048575758934021,ATCM8_wp010_e,1975,-3,0.9379197
Recommendation 93,Recommendation,1972,4,ATCM8_wp001_e,1975,-3,0.8983995318412781,ATCM7_wp045_rev1_e,1972,0,0.93023044
Recommendation 93,Recommendation,1972,5,ATCM15_wp053_e,1989,-17,0.8639234304428101,ATCM7_wp045_e,1972,0,0.9291452
Recommendation 93,Recommendation,1972,6,ATCM15_wp039_e,1989,-17,0.8597241640090942,ATCM15_wp039_e,1989,-17,0.9197795
Recommendation 93,Recommendation,1972,7,ATCM8_wp010_e,1975,-3,0.841391921043396,ATCM15_wp053_e,1989,-17,0.91938233
Recommendation 93,Recommendation,1972,8,ATCM28_wp011_e,2005,-33,0.8242833018302917,ATCM8_wp003_e,1975,-3,0.8933466
Recommendation 93,Recommendation,1972,9,ATCM8_wp003_e,1975,-3,0.8159372210502625,ATCM15_wp032_rev1_e,1989,-17,0.8927871
Recommendation 93,Recommendation,1972,10,ATCM15_wp032_rev1_e,1989,-17,0.815426766872406,ATCM28_wp011_e,2005,-33,0.87898064
Resolution 235,Resolution,1996,1,ATCM20_wp023_e,1996,0,0.8874844312667847,ATCM20_wp023_e,1996,0,0.93982506
Resolution 235,Resolution,1996,2,ATCM36_wp057_e,2013,-17,0.7408448457717896,ATCM20_wp035_e,1996,0,0.931612
Resolution 235,Resolution,1996,3,ATCM37_wp039_e,2014,-18,0.6480095386505127,ATCM36_wp057_e,2013,-17,0.90493655
Resolution 235,Resolution,1996,4,ATCM28_wp038_e,2005,-9,0.6304448843002319,ATCM37_wp039_e,2014,-18,0.8447167
Resolution 235,Resolution,1996,5,ATCM9_wp013_rev1_e,1977,19,0.6286600828170776,ATCM15_wp065_rev1_e,1989,7,0.84213746
Resolution 235,Resolution,1996,6,ATCM28_wp012_e,2005,-9,0.6266586780548096,ATCM28_wp038_e,2005,-9,0.8303741
Resolution 235,Resolution,1996,7,ATCM11_wp027_e,1981,15,0.6202852725982666,ATCM9_wp013_rev1_e,1977,19,0.82480085
Resolution 235,Resolution,1996,8,ATCM20_wp035_e,1996,0,0.6182305812835693,ATCM11_wp027_e,1981,15,0.823101
Resolution 235,Resolution,1996,9,ATCM15_wp065_rev1_e,1989,7,0.6157031059265137,ATCM4_wp014_e,1966,30,0.7915634
Resolution 235,Resolution,1996,10,ATCM4_wp014_e,1966,30,0.6153979897499084,ATCM28_wp012_e,2005,-9,0.7797246
Decision 341,Decision,2005,1,ATCM27_wp030_rev1_e,2004,1,0.8249903917312622,ATCM26_wp011_e,2003,2,0.96597666
Decision 341,Decision,2005,2,ATCM26_wp011_e,2003,2,0.8059794902801514,ATCM26_wp005_e,2003,2,0.9568927
Decision 341,Decision,2005,3,ATCM26_wp005_e,2003,2,0.7553542852401733,ATCM27_wp030_rev1_e,2004,1,0.926197
Decision 341,Decision,2005,4,ATCM25_wp049_e,2002,3,0.7316605448722839,ATCM24_wp037_e,2001,4,0.9041354
Decision 341,Decision,2005,5,ATCM24_wp037_e,2001,4,0.719383180141449,ATCM25_wp044_e,2002,3,0.9034562
Decision 341,Decision,2005,6,ATCM25_wp044_e,2002,3,0.7075196504592896,ATCM25_wp049_e,2002,3,0.8982678
Decision 341,Decision,2005,7,ATCM18_wp008_e,1994,11,0.7018077969551086,ATCM27_wp029_e,2004,1,0.8872437
Decision 341,Decision,2005,8,ATCM17_wp019_e,1992,13,0.6949093341827393,ATCM18_wp008_e,1994,11,0.8542049
Decision 341,Decision,2005,9,ATCM27_wp029_e,2004,1,0.6902377009391785,ATCM17_wp019_e,1992,13,0.8537177
Decision 341,Decision,2005,10,ATCM17_wp007_e,1992,13,0.6875948905944824,ATCM17_wp007_e,1992,13,0.8358054
Decision 263,Decision,1999,1,ATCM24_wp026_e,2001,-2,0.9093940258026123,ATCM24_wp026_e,2001,-2,0.9721621
Decision 263,Decision,1999,2,ATCM26_wp004_e,2003,-4,0.9055514335632324,ATCM23_wp040_e,1999,0,0.96247613
Decision 263,Decision,1999,3,ATCM23_wp040_e,1999,0,0.8852836489677429,ATCM26_wp004_e,2003,-4,0.9589395
Decision 263,Decision,1999,4,ATCM25_wp041_e,2002,-3,0.8833842277526855,ATCM25_wp041_e,2002,-3,0.9583199
Decision 263,Decision,1999,5,ATCM22_wp017_e,1998,1,0.8189103603363037,ATCM22_wp018_e,1998,1,0.931612
Decision 263,Decision,1999,6,ATCM27_wp003_e,2004,-5,0.8082616329193115,ATCM27_wp003_e,2004,-5,0.9281097
Decision 263,Decision,1999,7,ATCM22_wp018_e,1998,1,0.8075389862060547,ATCM22_wp017_e,1998,1,0.9229281
Decision 263,Decision,1999,8,ATCM33_wp001_e,2010,-11,0.8060803413391113,ATCM31_wp036_e,2008,-9,0.9035413
Decision 263,Decision,1999,9,ATCM31_wp036_e,2008,-9,0.7985436916351318,ATCM33_wp001_e,2010,-11,0.87856454
Decision 263,Decision,1999,10,ATCM21_wp009_e,1997,2,0.7969506978988647,ATCM21_wp009_e,1997,2,0.8652696
Measure 455,Measure,2010,1,ATCM38_wp001_e,2015,-5,0.8995534777641296,ATCM31_wp013_e,2008,2,0.9860227
Measure 455,Measure,2010,2,ATCM43_wp006_e,2021,-11,0.8721774816513062,ATCM43_wp006_e,2021,-11,0.9845517
Measure 455,Measure,2010,3,ATCM31_wp013_e,2008,2,0.8420512676239014,ATCM38_wp001_e,2015,-5,0.9791637
Measure 455,Measure,2010,4,ATCM33_wp058_e,2010,0,0.8245794773101807,ATCM33_wp058_e,2010,0,0.9663597
Measure 455,Measure,2010,5,ATCM31_wp045_e,2008,2,0.8052094578742981,ATCM31_wp045_e,2008,2,0.9542397
Measure 455,Measure,2010,6,ATCM39_wp026_e,2016,-6,0.7998083829879761,ATCM38_wp026_e,2015,-5,0.918692
Measure 455,Measure,2010,7,ATCM38_wp026_e,2015,-5,0.793475866317749,ATCM47_wp009_e,2025,-15,0.9115563
Measure 455,Measure,2010,8,ATCM46_wp023_e,2024,-14,0.79304039478302,ATCM39_wp027_e,2016,-6,0.8933466
Measure 455,Measure,2010,9,ATCM39_wp027_e,2016,-6,0.7869410514831543,ATCM39_wp026_e,2016,-6,0.8930671
Measure 455,Measure,2010,10,ATCM47_wp009_e,2025,-15,0.7848399877548218,ATCM46_wp023_e,2024,-14,0.88606596
Recommendation 59,Recommendation,1966,1,ATCM4_wp057_rev2_e,1966,0,0.9112614393234253,ATCM4_wp057_rev2_e,1966,0,0.96597666
Recommendation 59,Recommendation,1966,2,ATCM4_wp058_e,1966,0,0.9091513752937317,ATCM4_wp057_rev1_e,1966,0,0.9639975
Recommendation 59,Recommendation,1966,3,ATCM4_wp057_rev1_e,1966,0,0.9056007862091064,ATCM4_wp058_e,1966,0,0.9619076
Recommendation 59,Recommendation,1966,4,ATCM4_wp057_e,1966,0,0.9040917158126831,ATCM5_wp042_rev1_e,1968,-2,0.95816356
Recommendation 59,Recommendation,1966,5,ATCM5_wp042_rev1_e,1968,-2,0.9020134806632996,ATCM5_wp022_e,1968,-2,0.95575064
Recommendation 59,Recommendation,1966,6,ATCM5_wp042_e,1968,-2,0.9002379179000854,ATCM4_wp057_e,1966,0,0.9538974
Recommendation 59,Recommendation,1966,7,ATCM5_wp042_rev3_e,1968,-2,0.8780786991119385,ATCM5_wp042_e,1968,-2,0.9533793
Recommendation 59,Recommendation,1966,8,ATCM5_wp044_e,1968,-2,0.8457501530647278,ATCM5_wp042_rev3_e,1968,-2,0.951612
Recommendation 59,Recommendation,1966,9,ATCM3_wp004_rev1_e,1964,2,0.8336439728736877,ATCM3_wp004_rev1_e,1964,2,0.9514318
Recommendation 59,Recommendation,1966,10,ATCM5_wp022_e,1968,-2,0.8331735730171204,ATCM5_wp044_e,1968,-2,0.9134302
Measure 465,Measure,2010,1,ATCM33_wp005_e,2010,0,0.9127445220947266,ATCM33_wp005_e,2010,0,0.9839462
Measure 465,Measure,2010,2,ATCM26_wp017_rev1_e,2003,7,0.7158040404319763,ATCM26_wp017_rev1_e,2003,7,0.9521488
Measure 465,Measure,2010,3,ATCM15_wp069_e,1989,21,0.7150493860244751,ATCM26_wp017_e,2003,7,0.95070475
Measure 465,Measure,2010,4,ATCM7_wp034_rev2_e,1972,38,0.7136596441268921,ATCM7_wp034_rev2_e,1972,38,0.936075
Measure 465,Measure,2010,5,ATCM7_wp034_rev1_e,1972,38,0.7131900191307068,ATCM7_wp034_rev1_e,1972,38,0.930167
Measure 465,Measure,2010,6,ATCM26_wp017_e,2003,7,0.7109601497650146,ATCM7_wp034_rev3_e,1972,38,0.92498636
Measure 465,Measure,2010,7,ATCM7_wp034_rev3_e,1972,38,0.7107197642326355,ATCM15_wp041_e,1989,21,0.8924126
Measure 465,Measure,2010,8,ATCM17_wp027_rev2_e,1992,18,0.7097631692886353,ATCM15_wp069_e,1989,21,0.88743895
Measure 465,Measure,2010,9,ATCM15_wp041_e,1989,21,0.7083234190940857,ATCM17_wp027_rev2_e,1992,18,0.84927243
Measure 465,Measure,2010,10,ATCM12_wp016_rev1_e,1983,27,0.7073451280593872,ATCM12_wp016_rev1_e,1983,27,0.84265614
Measure 457,Measure,2010,1,ATCM37_wp003_e,2014,-4,0.8942016363143921,ATCM33_wp027_e,2010,0,0.9833174
Measure 457,Measure,2010,2,ATCM33_wp027_e,2010,0,0.8612890243530273,ATCM37_wp003_e,2014,-4,0.98040134
Measure 457,Measure,2010,3,ATCM46_wp019_e,2024,-14,0.8503658175468445,ATCM46_wp019_e,2024,-14,0.97750866
Measure 457,Measure,2010,4,ATCM44_wp005_e,2022,-12,0.8315722942352295,ATCM44_wp005_e,2022,-12,0.9523265
Measure 457,Measure,2010,5,ATCM36_wp059_e,2013,-3,0.8302604556083679,ATCM43_wp002_rev1_e,2021,-11,0.94511634
Measure 457,Measure,2010,6,ATCM43_wp002_rev1_e,2021,-11,0.828342616558075,ATCM36_wp059_e,2013,-3,0.90713954
Measure 457,Measure,2010,7,ATCM29_wp029_e,2006,4,0.8269970417022705,ATCM41_wp031_e,2018,-8,0.90672743
Measure 457,Measure,2010,8,ATCM35_wp044_e,2012,-2,0.8191016316413879,ATCM35_wp044_e,2012,-2,0.9051044
Measure 457,Measure,2010,9,ATCM41_wp031_e,2018,-8,0.8160682916641235,ATCM44_wp053_e,2022,-12,0.9036689
Measure 457,Measure,2010,10,ATCM44_wp053_e,2022,-12,0.8155323266983032,ATCM29_wp029_e,2006,4,0.8985352
Recommendation 198,Recommendation,1991,1,ATCM16_wp043_rev4_e,1991,0,0.9061954617500305,ATCM16_wp043_rev4_e,1991,0,0.9695095
Recommendation 198,Recommendation,1991,2,ATCM16_wp043_rev2_e,1991,0,0.8946480751037598,ATCM16_wp043_rev2_e,1991,0,0.9608931
Recommendation 198,Recommendation,1991,3,ATCM16_wp043_rev3_e,1991,0,0.892848789691925,ATCM16_wp043_rev3_e,1991,0,0.9603016
Recommendation 198,Recommendation,1991,4,ATCM16_wp043_rev1_e,1991,0,0.882817268371582,ATCM16_wp055_e,1991,0,0.95939845
Recommendation 198,Recommendation,1991,5,ATCM16_wp055_e,1991,0,0.8231498003005981,ATCM16_wp043_rev1_e,1991,0,0.9565693
Recommendation 198,Recommendation,1991,6,ATCM16_wp043_e,1991,0,0.8197643756866455,ATCM16_wp043_e,1991,0,0.9492193
Recommendation 198,Recommendation,1991,7,ATCM2_wp018_e,1962,29,0.7909462451934814,ATCM2_wp006_e,1962,29,0.9277177
Recommendation 198,Recommendation,1991,8,ATCM2_wp006_e,1962,29,0.7793775796890259,ATCM16_wp042_e,1991,0,0.9221605
Recommendation 198,Recommendation,1991,9,ATCM2_wp021_e,1962,29,0.774022102355957,ATCM2_wp018_e,1962,29,0.90502053
Recommendation 198,Recommendation,1991,10,ATCM16_wp042_e,1991,0,0.7712258100509644,ATCM2_wp021_e,1962,29,0.8985352
Measure 453,Measure,2010,1,ATCM43_wp028_e,2021,-11,0.8776546716690063,ATCM43_wp028_e,2021,-11,0.9776798
Measure 453,Measure,2010,2,ATCM38_wp009_e,2015,-5,0.8347827196121216,ATCM38_wp009_e,2015,-5,0.9776798
Measure 453,Measure,2010,3,ATCM28_wp042_e,2005,5,0.8104223608970642,ATCM33_wp038_e,2010,0,0.9623348
Measure 453,Measure,2010,4,ATCM37_wp052_e,2014,-4,0.8081139326095581,ATCM28_wp042_e,2005,5,0.961476
Measure 453,Measure,2010,5,ATCM33_wp038_e,2010,0,0.7984724044799805,ATCM44_wp005_e,2022,-12,0.9189469
Measure 453,Measure,2010,6,ATCM38_wp026_e,2015,-5,0.787521481513977,ATCM38_wp026_e,2015,-5,0.918692
Measure 453,Measure,2010,7,ATCM35_wp044_e,2012,-2,0.7841794490814209,ATCM46_wp027_e,2024,-14,0.90685123
Measure 453,Measure,2010,8,ATCM44_wp005_e,2022,-12,0.782027006149292,ATCM35_wp044_e,2012,-2,0.9027726
Measure 453,Measure,2010,9,ATCM46_wp027_e,2024,-14,0.7806806564331055,ATCM37_wp052_e,2014,-4,0.90268683
Measure 453,Measure,2010,10,ATCM46_wp023_e,2024,-14,0.7793066501617432,ATCM46_wp023_e,2024,-14,0.8949181
Decision 300,Decision,2003,1,ATCM26_wp011_e,2003,0,0.7706915140151978,ATCM26_wp011_e,2003,0,0.9755397
Decision 300,Decision,2003,2,ATCM27_wp030_rev1_e,2004,-1,0.7613743543624878,ATCM26_wp005_e,2003,0,0.9706433
Decision 300,Decision,2003,3,ATCM26_wp005_e,2003,0,0.7532682418823242,ATCM30_wp044_e,2007,-4,0.94113696
Decision 300,Decision,2003,4,ATCM25_wp044_e,2002,1,0.7222782969474792,ATCM27_wp030_rev1_e,2004,-1,0.9364246
Decision 300,Decision,2003,5,ATCM24_wp037_e,2001,2,0.7218253016471863,ATCM25_wp044_e,2002,1,0.9190923
Decision 300,Decision,2003,6,ATCM18_wp008_e,1994,9,0.7068137526512146,ATCM24_wp037_e,2001,2,0.90814245
Decision 300,Decision,2003,7,ATCM30_wp044_e,2007,-4,0.6989338994026184,ATCM25_wp049_e,2002,1,0.8814517
Decision 300,Decision,2003,8,ATCM17_wp007_e,1992,11,0.6935939788818359,ATCM18_wp008_e,1994,9,0.8690936
Decision 300,Decision,2003,9,ATCM25_wp049_e,2002,1,0.6898487210273743,ATCM17_wp019_e,1992,11,0.8517556
Decision 300,Decision,2003,10,ATCM17_wp019_e,1992,11,0.6837961673736572,ATCM17_wp007_e,1992,11,0.85126173
Measure 393,Measure,2008,1,ATCM47_wp010_e,2025,-17,0.7735462784767151,ATCM47_wp010_e,2025,-17,0.94430023
Measure 393,Measure,2008,2,ATCM30_wp009_e,2007,1,0.7669264078140259,ATCM30_wp009_e,2007,1,0.935015
Measure 393,Measure,2008,3,ATCM31_wp019_e,2008,0,0.7663788795471191,ATCM42_wp030_e,2019,-11,0.93073577
Measure 393,Measure,2008,4,ATCM37_wp018_e,2014,-6,0.7358776926994324,ATCM37_wp018_e,2014,-6,0.93073577
Measure 393,Measure,2008,5,ATCM42_wp030_e,2019,-11,0.7192577123641968,ATCM31_wp019_e,2008,0,0.9110037
Measure 393,Measure,2008,6,ATCM36_wp036_e,2013,-5,0.6862191557884216,ATCM36_wp036_e,2013,-5,0.80106574
Measure 393,Measure,2008,7,ATCM44_wp015_e,2022,-14,0.6861734986305237,ATCM44_wp015_e,2022,-14,0.7928494
Measure 393,Measure,2008,8,ATCM36_wp063_e,2013,-5,0.6851142644882202,ATCM36_wp063_e,2013,-5,0.78766996
Measure 393,Measure,2008,9,ATCM38_wp026_e,2015,-7,0.6833579540252686,ATCM38_wp026_e,2015,-7,0.7743104
Measure 393,Measure,2008,10,ATCM35_wp060_e,2012,-4,0.6781137585639954,ATCM35_wp060_e,2012,-4,0.7660137
Measure 395,Measure,2008,1,ATCM25_wp016_e,2002,6,0.8056240677833557,ATCM26_wp032_e,2003,5,0.961476
Measure 395,Measure,2008,2,ATCM26_wp032_e,2003,5,0.7924143671989441,ATCM31_wp025_rev1_e,2008,0,0.95970166
Measure 395,Measure,2008,3,ATCM31_wp025_rev1_e,2008,0,0.7869876027107239,ATCM25_wp016_e,2002,6,0.9573736
Measure 395,Measure,2008,4,ATCM46_wp023_e,2024,-16,0.7801156044006348,ATCM36_wp005_e,2013,-5,0.89033234
Measure 395,Measure,2008,5,ATCM38_wp041_e,2015,-7,0.7753778696060181,ATCM35_wp044_e,2012,-4,0.88937515
Measure 395,Measure,2008,6,ATCM35_wp019_e,2012,-4,0.772583544254303,ATCM35_wp019_e,2012,-4,0.88743895
Measure 395,Measure,2008,7,ATCM35_wp058_e,2012,-4,0.7713032364845276,ATCM39_wp027_e,2016,-8,0.88387895
Measure 395,Measure,2008,8,ATCM36_wp005_e,2013,-5,0.7678717374801636,ATCM38_wp041_e,2015,-7,0.87980926
Measure 395,Measure,2008,9,ATCM39_wp027_e,2016,-8,0.7666032910346985,ATCM46_wp023_e,2024,-16,0.8732581
Measure 395,Measure,2008,10,ATCM35_wp044_e,2012,-4,0.765544056892395,ATCM35_wp058_e,2012,-4,0.8507664
Decision 514,Decision,2012,1,ATCM35_wp029_e,2012,0,0.8926390409469604,ATCM35_wp029_e,2012,0,0.96785074
Decision 514,Decision,2012,2,ATCM33_wp041_e,2010,2,0.8859150409698486,ATCM46_wp054_e,2024,-12,0.9550851
Decision 514,Decision,2012,3,ATCM43_wp038_e,2021,-9,0.8538130521774292,ATCM28_wp029_e,2005,7,0.94769174
Decision 514,Decision,2012,4,ATCM28_wp029_e,2005,7,0.8363537788391113,ATCM47_wp015_e,2025,-13,0.9417828
Decision 514,Decision,2012,5,ATCM27_wp012_e,2004,8,0.8305574059486389,ATCM43_wp038_e,2021,-9,0.9416756
Decision 514,Decision,2012,6,ATCM46_wp054_e,2024,-12,0.8262691497802734,ATCM33_wp041_e,2010,2,0.9400456
Decision 514,Decision,2012,7,ATCM24_wp007_e,2001,11,0.8121484518051147,ATCM24_wp007_e,2001,11,0.9126962
Decision 514,Decision,2012,8,ATCM23_wp033_e,1999,13,0.8110761642456055,ATCM27_wp012_e,2004,8,0.90981895
Decision 514,Decision,2012,9,ATCM47_wp015_e,2025,-13,0.8076620101928711,ATCM23_wp033_e,1999,13,0.84927243
Decision 514,Decision,2012,10,ATCM12_wp013_e,1983,29,0.80095374584198,ATCM12_wp013_e,1983,29,0.84004915
Measure 526,Measure,2013,1,ATCM36_wp011_e,2013,0,0.8868253231048584,ATCM36_wp011_e,2013,0,0.9766336
Measure 526,Measure,2013,2,ATCM41_wp006_e,2018,-5,0.8829026222229004,ATCM45_wp005_e,2023,-10,0.97258186
Measure 526,Measure,2013,3,ATCM45_wp005_e,2023,-10,0.8759835958480835,ATCM41_wp006_e,2018,-5,0.96973956
Measure 526,Measure,2013,4,ATCM28_wp042_e,2005,8,0.7987879514694214,ATCM28_wp042_e,2005,8,0.92606336
Measure 526,Measure,2013,5,ATCM44_wp043_e,2022,-9,0.7971829175949097,ATCM35_wp044_e,2012,1,0.9035839
Measure 526,Measure,2013,6,ATCM35_wp058_e,2012,1,0.7944799065589905,ATCM44_wp040_e,2022,-9,0.8925063
Measure 526,Measure,2013,7,ATCM43_wp020_e,2021,-8,0.7927907109260559,ATCM43_wp020_e,2021,-8,0.8909032
Measure 526,Measure,2013,8,ATCM43_wp022_e,2021,-8,0.7923346757888794,ATCM44_wp043_e,2022,-9,0.8895672
Measure 526,Measure,2013,9,ATCM44_wp040_e,2022,-9,0.7915478944778442,ATCM43_wp022_e,2021,-8,0.8820626
Measure 526,Measure,2013,10,ATCM35_wp044_e,2012,1,0.790280818939209,ATCM35_wp058_e,2012,1,0.87856454
Measure 334,Measure,2005,1,ATCM24_wp033_e,2001,4,0.868645191192627,ATCM24_wp033_e,2001,4,0.9521488
Measure 334,Measure,2005,2,ATCM31_wp047_e,2008,-3,0.8446928262710571,ATCM31_wp047_e,2008,-3,0.95088744
Measure 334,Measure,2005,3,ATCM37_wp054_e,2014,-9,0.8244895935058594,ATCM35_wp061_e,2012,-7,0.94048434
Measure 334,Measure,2005,4,ATCM35_wp061_e,2012,-7,0.8208467960357666,ATCM35_wp060_e,2012,-7,0.9400456
Measure 334,Measure,2005,5,ATCM35_wp060_e,2012,-7,0.8191221952438354,ATCM37_wp052_e,2014,-9,0.9388232
Measure 334,Measure,2005,6,ATCM37_wp052_e,2014,-9,0.8119765520095825,ATCM44_wp032_e,2022,-17,0.93223155
Measure 334,Measure,2005,7,ATCM35_wp058_e,2012,-7,0.8022028207778931,ATCM37_wp054_e,2014,-9,0.92849964
Measure 334,Measure,2005,8,ATCM20_wp026_e,1996,9,0.7987047433853149,ATCM20_wp026_e,1996,9,0.9200673
Measure 334,Measure,2005,9,ATCM44_wp032_e,2022,-17,0.79535973072052,ATCM35_wp044_e,2012,-7,0.90585667
Measure 334,Measure,2005,10,ATCM35_wp044_e,2012,-7,0.7943940162658691,ATCM35_wp058_e,2012,-7,0.87476355
Recommendation 75,Recommendation,1968,1,ATCM5_wp047_e,1968,0,0.8363245725631714,ATCM6_wp029_e,1970,-2,0.94199663
Recommendation 75,Recommendation,1968,2,ATCM6_wp027_e,1970,-2,0.7952704429626465,ATCM6_wp027_e,1970,-2,0.92396355
Recommendation 75,Recommendation,1968,3,ATCM4_wp061_rev1_e,1966,2,0.7720316052436829,ATCM5_wp047_e,1968,0,0.9209249
Recommendation 75,Recommendation,1968,4,ATCM4_wp061_e,1966,2,0.7420793771743774,ATCM6_wp030_e,1970,-2,0.9066448
Recommendation 75,Recommendation,1968,5,ATCM1_wp024_e,1961,7,0.7288287878036499,ATCM1_wp024_e,1961,7,0.7863604
Recommendation 75,Recommendation,1968,6,ATCM6_wp029_e,1970,-2,0.7182252407073975,ATCM4_wp061_rev1_e,1966,2,0.7743104
Recommendation 75,Recommendation,1968,7,ATCM3_wp037_e,1964,4,0.7170661687850952,ATCM2_wp016_e,1962,6,0.7660137
Recommendation 75,Recommendation,1968,8,ATCM6_wp030_e,1970,-2,0.7164082527160645,ATCM4_wp061_e,1966,2,0.74435914
Recommendation 75,Recommendation,1968,9,ATCM7_wp061_e,1972,-4,0.7156381607055664,ATCM3_wp037_e,1964,4,0.6856128
Recommendation 75,Recommendation,1968,10,ATCM2_wp016_e,1962,6,0.7126160860061646,ATCM7_wp061_e,1972,-4,0.67883813
Measure 463,Measure,2010,1,ATCM44_wp019_e,2022,-12,0.8818526268005371,ATCM44_wp019_e,2022,-12,0.9778496
Measure 463,Measure,2010,2,ATCM38_wp011_e,2015,-5,0.861821174621582,ATCM38_wp011_e,2015,-5,0.9757254
Measure 463,Measure,2010,3,ATCM33_wp038_e,2010,0,0.8300999402999878,ATCM28_wp036_e,2005,5,0.9645359
Measure 463,Measure,2010,4,ATCM28_wp036_e,2005,5,0.817009449005127,ATCM33_wp038_e,2010,0,0.9586308
Measure 463,Measure,2010,5,ATCM27_wp027_rev1_e,2004,6,0.812737226486206,ATCM27_wp027_rev1_e,2004,6,0.9484609
Measure 463,Measure,2010,6,ATCM47_wp009_e,2025,-15,0.7848690152168274,ATCM47_wp009_e,2025,-15,0.90100116
Measure 463,Measure,2010,7,ATCM46_wp023_e,2024,-14,0.7770159840583801,ATCM38_wp026_e,2015,-5,0.896015
Measure 463,Measure,2010,8,ATCM38_wp041_e,2015,-5,0.7752081155776978,ATCM47_wp011_e,2025,-15,0.8925063
Measure 463,Measure,2010,9,ATCM47_wp011_e,2025,-15,0.7705549597740173,ATCM38_wp041_e,2015,-5,0.8670808
Measure 463,Measure,2010,10,ATCM38_wp026_e,2015,-5,0.7683523893356323,ATCM46_wp023_e,2024,-14,0.8641271
nan 115,Untyped,1977,1,ATCM14_wp003_e,1987,-10,0.8845149278640747,ATCM40_wp003_e,2017,-40,0.94572115
nan 115,Untyped,1977,2,ATCM14_wp026_e,1987,-10,0.8400943279266357,ATCM14_wp003_e,1987,-10,0.9245107
nan 115,Untyped,1977,3,ATCM3_wp022_rev1_e,1964,13,0.8229491710662842,ATCM14_wp026_e,1987,-10,0.9243743
nan 115,Untyped,1977,4,ATCM15_wp045_e,1989,-12,0.8192593455314636,ATCM15_wp045_e,1989,-12,0.916514
nan 115,Untyped,1977,5,ATCM3_wp014_e,1964,13,0.8163731098175049,ATCM28_wp057_e,2005,-28,0.9079589
nan 115,Untyped,1977,6,ATCM3_wp022_e,1964,13,0.8126206398010254,ATCM3_wp022_e,1964,13,0.90396607
nan 115,Untyped,1977,7,ATCM28_wp057_e,2005,-28,0.8116090297698975,ATCM3_wp014_e,1964,13,0.9020415
nan 115,Untyped,1977,8,ATCM40_wp003_e,2017,-40,0.8064851760864258,ATCM3_wp022_rev1_e,1964,13,0.89510167
nan 115,Untyped,1977,9,ATCM28_wp054_e,2005,-28,0.8023754954338074,ATCM3_wp025_rev2_e,1964,13,0.8914713
nan 115,Untyped,1977,10,ATCM3_wp025_rev2_e,1964,13,0.8020254969596863,ATCM28_wp054_e,2005,-28,0.8622821
Recommendation 78,Recommendation,1970,1,ATCM6_wp011_rev3_e,1970,0,0.9534419775009155,ATCM6_wp011_rev3_e,1970,0,0.95705354
Recommendation 78,Recommendation,1970,2,ATCM6_wp011_rev2_e,1970,0,0.8552413582801819,ATCM6_wp011_rev2_e,1970,0,0.95541906
Recommendation 78,Recommendation,1970,3,ATCM10_wp025_rev1_e,1979,-9,0.8378653526306152,ATCM6_wp011_rev1_e,1970,0,0.93971455
Recommendation 78,Recommendation,1970,4,ATCM10_wp025_e,1979,-9,0.8367007970809937,ATCM6_wp011_e,1970,0,0.93859845
Recommendation 78,Recommendation,1970,5,ATCM10_wp006_rev1_e,1979,-9,0.8316361904144287,ATCM10_wp025_rev1_e,1979,-9,0.935252
Recommendation 78,Recommendation,1970,6,ATCM6_wp011_rev1_e,1970,0,0.8311930298805237,ATCM10_wp025_e,1979,-9,0.9329682
Recommendation 78,Recommendation,1970,7,ATCM14_wp023_e,1987,-17,0.8266816139221191,ATCM14_wp023_e,1987,-17,0.9304203
Recommendation 78,Recommendation,1970,8,ATCM10_wp006_e,1979,-9,0.8240476846694946,ATCM10_wp006_rev1_e,1979,-9,0.9280445
Recommendation 78,Recommendation,1970,9,ATCM6_wp011_e,1970,0,0.8175705075263977,ATCM10_wp006_e,1979,-9,0.92725796
Recommendation 78,Recommendation,1970,10,ATCM12_wp022_e,1983,-13,0.8119027614593506,ATCM12_wp022_e,1983,-13,0.92010313
Resolution 520,Resolution,2012,1,ATCM35_wp023_rev1_e,2012,0,0.8782384991645813,ATCM35_wp023_rev1_e,2012,0,0.9827969
Resolution 520,Resolution,2012,2,ATCM40_wp029_e,2017,-5,0.8096105456352234,ATCM40_wp029_e,2017,-5,0.9723727
Resolution 520,Resolution,2012,3,ATCM24_wp012_e,2001,11,0.7762190103530884,ATCM31_wp027_e,2008,4,0.936075
Resolution 520,Resolution,2012,4,ATCM39_wp005_e,2016,-4,0.7646057605743408,ATCM39_wp005_e,2016,-4,0.9311125
Resolution 520,Resolution,2012,5,ATCM7_wp045_rev1_e,1972,40,0.751800537109375,ATCM25_wp013_e,2002,10,0.90535575
Resolution 520,Resolution,2012,6,ATCM31_wp027_e,2008,4,0.7503137588500977,ATCM28_wp002_e,2005,7,0.89906824
Resolution 520,Resolution,2012,7,ATCM25_wp013_e,2002,10,0.7482534646987915,ATCM24_wp012_e,2001,11,0.8950099
Resolution 520,Resolution,2012,8,ATCM28_wp002_e,2005,7,0.7481563091278076,ATCM30_wp017_e,2007,5,0.8762537
Resolution 520,Resolution,2012,9,ATCM7_wp045_e,1972,40,0.7480748891830444,ATCM7_wp045_e,1972,40,0.86458504
Resolution 520,Resolution,2012,10,ATCM30_wp017_e,2007,5,0.746430516242981,ATCM7_wp045_rev1_e,1972,40,0.85994625
Resolution 475,Resolution,2010,1,ATCM33_wp022_e,2010,0,0.9145665168762207,ATCM33_wp022_e,2010,0,0.9760927
Resolution 475,Resolution,2010,2,ATCM24_wp026_e,2001,9,0.861411988735199,ATCM22_wp018_e,1998,12,0.91495985
Resolution 475,Resolution,2010,3,ATCM23_wp040_e,1999,11,0.8540562391281128,ATCM33_wp001_e,2010,0,0.91368324
Resolution 475,Resolution,2010,4,ATCM26_wp004_e,2003,7,0.8454607725143433,ATCM23_wp040_e,1999,11,0.91283715
Resolution 475,Resolution,2010,5,ATCM25_wp041_e,2002,8,0.8426092863082886,ATCM25_wp041_e,2002,8,0.91126066
Resolution 475,Resolution,2010,6,ATCM33_wp001_e,2010,0,0.8317473530769348,ATCM26_wp004_e,2003,7,0.90290105
Resolution 475,Resolution,2010,7,ATCM22_wp017_e,1998,12,0.8169564008712769,ATCM24_wp026_e,2001,9,0.8988021
Resolution 475,Resolution,2010,8,ATCM22_wp018_e,1998,12,0.8088951706886292,ATCM22_wp017_e,1998,12,0.8848775
Resolution 475,Resolution,2010,9,ATCM21_wp009_e,1997,13,0.8060958385467529,ATCM15_wp064_e,1989,21,0.8717371
Resolution 475,Resolution,2010,10,ATCM15_wp064_e,1989,21,0.7969410419464111,ATCM21_wp009_e,1997,13,0.84826964
Decision 493,Decision,2011,1,ATCM27_wp030_rev1_e,2004,7,0.7591252326965332,ATCM26_wp005_e,2003,8,0.92686176
Decision 493,Decision,2011,2,ATCM26_wp011_e,2003,8,0.7582059502601624,ATCM27_wp030_rev1_e,2004,7,0.9047263
Decision 493,Decision,2011,3,ATCM30_wp044_e,2007,4,0.7243270874023438,ATCM26_wp011_e,2003,8,0.8925063
Decision 493,Decision,2011,4,ATCM26_wp005_e,2003,8,0.7169889211654663,ATCM24_wp037_e,2001,10,0.88763386
Decision 493,Decision,2011,5,ATCM27_wp029_e,2004,7,0.710023820400238,ATCM27_wp029_e,2004,7,0.8858686
Decision 493,Decision,2011,6,ATCM25_wp046_e,2002,9,0.7090864181518555,ATCM30_wp044_e,2007,4,0.8791883
Decision 493,Decision,2011,7,ATCM18_wp008_e,1994,17,0.7084602117538452,ATCM25_wp046_e,2002,9,0.8768876
Decision 493,Decision,2011,8,ATCM24_wp037_e,2001,10,0.7046264410018921,ATCM25_wp049_e,2002,9,0.8670808
Decision 493,Decision,2011,9,ATCM25_wp049_e,2002,9,0.7028249502182007,ATCM28_wp068_e,2005,6,0.85565823
Decision 493,Decision,2011,10,ATCM28_wp068_e,2005,6,0.6846256256103516,ATCM18_wp008_e,1994,17,0.8379385
Measure 483,Measure,2011,1,ATCM44_wp032_e,2022,-11,0.8642304539680481,ATCM29_wp024_e,2006,5,0.98009884
Measure 483,Measure,2011,2,ATCM39_wp040_e,2016,-5,0.8173800110816956,ATCM39_wp040_e,2016,-5,0.97818553
Measure 483,Measure,2011,3,ATCM29_wp024_e,2006,5,0.8040057420730591,ATCM34_wp058_e,2011,0,0.9773362
Measure 483,Measure,2011,4,ATCM34_wp058_e,2011,0,0.7954881191253662,ATCM44_wp032_e,2022,-11,0.9755397
Measure 483,Measure,2011,5,ATCM35_wp044_e,2012,-1,0.7857149243354797,ATCM38_wp026_e,2015,-4,0.9119786
Measure 483,Measure,2011,6,ATCM35_wp058_e,2012,-1,0.7836438417434692,ATCM45_wp054_rev1_e,2023,-12,0.90230006
Measure 483,Measure,2011,7,ATCM36_wp059_e,2013,-2,0.782075047492981,ATCM36_wp059_e,2013,-2,0.9020415
Measure 483,Measure,2011,8,ATCM37_wp054_e,2014,-3,0.7801571488380432,ATCM35_wp044_e,2012,-1,0.8985352
Measure 483,Measure,2011,9,ATCM45_wp054_rev1_e,2023,-12,0.7768018841743469,ATCM37_wp054_e,2014,-3,0.89683104
Measure 483,Measure,2011,10,ATCM38_wp026_e,2015,-4,0.7746375799179077,ATCM35_wp058_e,2012,-1,0.8546907
Recommendation 138,Recommendation,1983,1,ATCM12_wp018_e,1983,0,0.9574938416481018,ATCM15_wp050_e,1989,-6,0.9041354
Recommendation 138,Recommendation,1983,2,ATCM12_wp001_rev1_e,1983,0,0.8727630376815796,ATCM12_wp001_rev1_e,1983,0,0.89986295
Recommendation 138,Recommendation,1983,3,ATCM6_wp019_rev1_e,1970,13,0.8724896907806396,ATCM7_wp032_e,1972,11,0.89871323
Recommendation 138,Recommendation,1983,4,ATCM6_wp019_e,1970,13,0.8532637357711792,ATCM7_wp029_rev1_e,1972,11,0.8931604
Recommendation 138,Recommendation,1983,5,ATCM7_wp032_e,1972,11,0.8510102033615112,ATCM9_wp049_rev1_e,1977,6,0.8924126
Recommendation 138,Recommendation,1983,6,ATCM9_wp049_rev1_e,1977,6,0.8486796021461487,ATCM6_wp019_e,1970,13,0.8886042
Recommendation 138,Recommendation,1983,7,ATCM15_wp050_e,1989,-6,0.8410040140151978,ATCM8_wp009_e,1975,8,0.8880229
Recommendation 138,Recommendation,1983,8,ATCM12_wp009_e,1983,0,0.8314208984375,ATCM12_wp018_e,1983,0,0.8878285
Recommendation 138,Recommendation,1983,9,ATCM7_wp029_rev1_e,1972,11,0.8284422159194946,ATCM6_wp019_rev1_e,1970,13,0.88704807
Recommendation 138,Recommendation,1983,10,ATCM8_wp009_e,1975,8,0.8260872960090637,ATCM12_wp009_e,1983,0,0.8804275
Recommendation 6,Recommendation,1961,1,ATCM1_wp009_e,1961,0,0.9073032736778259,ATCM1_wp009_e,1961,0,0.9717361
Recommendation 6,Recommendation,1961,2,ATCM3_wp009_rev2_e,1964,-3,0.8481006026268005,ATCM3_wp009_rev2_e,1964,-3,0.94710773
Recommendation 6,Recommendation,1961,3,ATCM3_wp015_rev1_e,1964,-3,0.7940810918807983,ATCM3_wp015_rev1_e,1964,-3,0.9040931
Recommendation 6,Recommendation,1961,4,ATCM5_wp043_e,1968,-7,0.752440333366394,ATCM5_wp043_rev1_e,1968,-7,0.8836784
Recommendation 6,Recommendation,1961,5,ATCM3_wp015_e,1964,-3,0.7518585324287415,ATCM3_wp015_e,1964,-3,0.88165563
Recommendation 6,Recommendation,1961,6,ATCM5_wp043_rev1_e,1968,-7,0.7410846948623657,ATCM5_wp043_e,1968,-7,0.872825
Recommendation 6,Recommendation,1961,7,ATCM6_wp011_rev3_e,1970,-9,0.7379717230796814,ATCM3_wp008_e,1964,-3,0.8546907
Recommendation 6,Recommendation,1961,8,ATCM3_wp008_e,1964,-3,0.7334197163581848,ATCM6_wp011_rev3_e,1970,-9,0.8502698
Recommendation 6,Recommendation,1961,9,ATCM15_wp049_e,1989,-28,0.7315094470977783,ATCM15_wp049_e,1989,-28,0.8287171
Recommendation 6,Recommendation,1961,10,ATCM14_wp023_e,1987,-26,0.7284532189369202,ATCM14_wp023_e,1987,-26,0.814997
Resolution 516,Resolution,2012,1,ATCM18_wp032_rev2_e,1994,18,0.8446577787399292,ATCM36_wp044_e,2013,-1,0.9797918
Resolution 516,Resolution,2012,2,ATCM2_wp024_e,1962,50,0.8408246040344238,ATCM35_wp028_e,2012,0,0.9708651
Resolution 516,Resolution,2012,3,ATCM17_wp017_e,1992,20,0.8401857614517212,ATCM37_wp037_e,2014,-2,0.9583199
Resolution 516,Resolution,2012,4,ATCM36_wp044_e,2013,-1,0.8305776119232178,ATCM18_wp032_rev2_e,1994,18,0.95070475
Resolution 516,Resolution,2012,5,ATCM37_wp037_e,2014,-2,0.8189424276351929,ATCM17_wp017_e,1992,20,0.94491345
Resolution 516,Resolution,2012,6,ATCM35_wp028_e,2012,0,0.7858152389526367,ATCM2_wp024_e,1962,50,0.94305456
Resolution 516,Resolution,2012,7,ATCM21_wp022_e,1997,15,0.7796971797943115,ATCM21_wp022_e,1997,15,0.9311125
Resolution 516,Resolution,2012,8,ATCM32_wp046_e,2009,3,0.7619631290435791,ATCM18_wp014_e,1994,18,0.9292737
Resolution 516,Resolution,2012,9,ATCM8_wp032_e,1975,37,0.7474825382232666,ATCM8_wp032_e,1975,37,0.9041354
Resolution 516,Resolution,2012,10,ATCM18_wp014_e,1994,18,0.743719220161438,ATCM32_wp046_e,2009,3,0.8800156
nan 316,Untyped,1989,1,ATCM14_wp003_e,1987,2,0.767656683921814,ATCM14_wp003_e,1987,2,0.8958329
nan 316,Untyped,1989,2,ATCM9_wp069_e,1977,12,0.7673535943031311,ATCM3_wp014_e,1964,25,0.892037
nan 316,Untyped,1989,3,ATCM12_wp027_rev1_e,1983,6,0.7617485523223877,ATCM11_wp036_e,1981,8,0.88975894
nan 316,Untyped,1989,4,ATCM12_wp008_e,1983,6,0.7591524124145508,ATCM3_wp022_rev1_e,1964,25,0.8802217
nan 316,Untyped,1989,5,ATCM3_wp014_e,1964,25,0.7582399845123291,ATCM32_wp046_e,2009,-20,0.85994625
nan 316,Untyped,1989,6,ATCM11_wp036_e,1981,8,0.7575415372848511,ATCM12_wp008_e,1983,6,0.83419085
nan 316,Untyped,1989,7,ATCM7_wp053_e,1972,17,0.7568004131317139,ATCM9_wp069_e,1977,12,0.82480085
nan 316,Untyped,1989,8,ATCM5_wp025_e,1968,21,0.7546510100364685,ATCM12_wp027_rev1_e,1983,6,0.8047744
nan 316,Untyped,1989,9,ATCM3_wp022_rev1_e,1964,25,0.7534006834030151,ATCM7_wp053_e,1972,17,0.7863604
nan 316,Untyped,1989,10,ATCM32_wp046_e,2009,-20,0.7532389163970947,ATCM5_wp025_e,1968,21,0.73685527
Resolution 499,Resolution,2011,1,ATCM38_wp028_e,2015,-4,0.8777416348457336,ATCM38_wp028_e,2015,-4,0.9572139
Resolution 499,Resolution,2011,2,ATCM29_wp013_e,2006,5,0.8610082864761353,ATCM39_wp013_e,2016,-5,0.95624363
Resolution 499,Resolution,2011,3,ATCM32_wp005_e,2009,2,0.8413960337638855,ATCM29_wp013_e,2006,5,0.9545797
Resolution 499,Resolution,2011,4,ATCM42_wp034_e,2019,-8,0.826420783996582,ATCM47_wp032_e,2025,-14,0.9532054
Resolution 499,Resolution,2011,5,ATCM47_wp032_e,2025,-14,0.822512686252594,ATCM32_wp005_e,2009,2,0.94788504
Resolution 499,Resolution,2011,6,ATCM34_wp034_e,2011,0,0.8206742405891418,ATCM34_wp034_e,2011,0,0.9396037
Resolution 499,Resolution,2011,7,ATCM33_wp009_e,2010,1,0.8172116279602051,ATCM42_wp034_e,2019,-8,0.9371187
Resolution 499,Resolution,2011,8,ATCM40_wp005_e,2017,-6,0.8157716989517212,ATCM40_wp005_e,2017,-6,0.935252
Resolution 499,Resolution,2011,9,ATCM39_wp013_e,2016,-5,0.809968888759613,ATCM33_wp009_e,2010,1,0.9326008
Resolution 499,Resolution,2011,10,ATCM32_wp033_e,2009,2,0.8098997473716736,ATCM32_wp033_e,2009,2,0.91696125
Decision 298,Decision,2003,1,ATCM27_wp030_rev1_e,2004,-1,0.8610727787017822,ATCM26_wp005_e,2003,0,0.9584756
Decision 298,Decision,2003,2,ATCM26_wp005_e,2003,0,0.8588565587997437,ATCM24_wp037_e,2001,2,0.9439912
Decision 298,Decision,2003,3,ATCM25_wp044_e,2002,1,0.8389558792114258,ATCM27_wp047_rev1_e,2004,-1,0.9402653
Decision 298,Decision,2003,4,ATCM24_wp037_e,2001,2,0.834682822227478,ATCM26_wp011_e,2003,0,0.9363083
Decision 298,Decision,2003,5,ATCM18_wp008_e,1994,9,0.8326379656791687,ATCM27_wp030_rev1_e,2004,-1,0.93223155
Decision 298,Decision,2003,6,ATCM26_wp011_e,2003,0,0.8229126930236816,ATCM31_wp063_e,2008,-5,0.90186876
Decision 298,Decision,2003,7,ATCM31_wp063_rev1_e,2008,-5,0.8137621283531189,ATCM31_wp063_rev1_e,2008,-5,0.9015226
Decision 298,Decision,2003,8,ATCM31_wp063_e,2008,-5,0.8123999238014221,ATCM39_wp042_e,2016,-13,0.90038973
Decision 298,Decision,2003,9,ATCM39_wp042_e,2016,-13,0.80692058801651,ATCM25_wp044_e,2002,1,0.8985352
Decision 298,Decision,2003,10,ATCM27_wp047_rev1_e,2004,-1,0.8067463040351868,ATCM18_wp008_e,1994,9,0.8627453
Measure 479,Measure,2011,1,ATCM39_wp026_e,2016,-5,0.9146308898925781,ATCM46_wp025_e,2024,-13,0.97835165
Measure 479,Measure,2011,2,ATCM46_wp025_e,2024,-13,0.8787326216697693,ATCM34_wp031_e,2011,0,0.97750866
Measure 479,Measure,2011,3,ATCM34_wp031_e,2011,0,0.8703891038894653,ATCM39_wp026_e,2016,-5,0.9762744
Measure 479,Measure,2011,4,ATCM38_wp026_e,2015,-4,0.8291714787483215,ATCM29_wp031_e,2006,5,0.961476
Measure 479,Measure,2011,5,ATCM46_wp023_e,2024,-13,0.8221173286437988,ATCM38_wp026_e,2015,-4,0.9265965
Measure 479,Measure,2011,6,ATCM35_wp058_e,2012,-1,0.8178403377532959,ATCM43_wp003_e,2021,-10,0.92003137
Measure 479,Measure,2011,7,ATCM35_wp060_e,2012,-1,0.8144919872283936,ATCM36_wp059_e,2013,-2,0.9127497
Measure 479,Measure,2011,8,ATCM43_wp003_e,2021,-10,0.8118255138397217,ATCM46_wp023_e,2024,-13,0.904389
Measure 479,Measure,2011,9,ATCM36_wp059_e,2013,-2,0.8113480806350708,ATCM35_wp060_e,2012,-1,0.8858686
Measure 479,Measure,2011,10,ATCM29_wp031_e,2006,5,0.8086146116256714,ATCM35_wp058_e,2012,-1,0.8721733
Resolution 303,Resolution,2003,1,ATCM29_wp035_e,2006,-3,0.8209857940673828,ATCM29_wp035_e,2006,-3,0.9373486
Resolution 303,Resolution,2003,2,ATCM32_wp006_e,2009,-6,0.7486613392829895,ATCM32_wp006_e,2009,-6,0.9047684
Resolution 303,Resolution,2003,3,ATCM17_wp028_rev1_e,1992,11,0.7321909666061401,ATCM35_wp039_e,2012,-9,0.8889902
Resolution 303,Resolution,2003,4,ATCM42_wp032_e,2019,-16,0.7072624564170837,ATCM32_wp052_e,2009,-6,0.88879734
Resolution 303,Resolution,2003,5,ATCM40_wp030_e,2017,-14,0.707024097442627,ATCM15_wp046_rev2_e,1989,14,0.8627453
Resolution 303,Resolution,2003,6,ATCM15_wp046_rev2_e,1989,14,0.7044405937194824,ATCM15_wp006_e,1989,14,0.85994625
Resolution 303,Resolution,2003,7,ATCM32_wp052_e,2009,-6,0.6891778707504272,ATCM17_wp028_rev1_e,1992,11,0.8527394
Resolution 303,Resolution,2003,8,ATCM35_wp039_e,2012,-9,0.6848211288452148,ATCM42_wp032_e,2019,-16,0.84927243
Resolution 303,Resolution,2003,9,ATCM15_wp006_e,1989,14,0.6773343682289124,ATCM40_wp030_e,2017,-14,0.84726137
Resolution 303,Resolution,2003,10,ATCM31_wp048_e,2008,-5,0.6713254451751709,ATCM31_wp048_e,2008,-5,0.82816195
Measure 501,Measure,2012,1,ATCM44_wp041_e,2022,-10,0.9075226187705994,ATCM35_wp012_e,2012,0,0.9755397
Measure 501,Measure,2012,2,ATCM40_wp010_rev1_e,2017,-5,0.8616794943809509,ATCM40_wp010_rev1_e,2017,-5,0.9715208
Measure 501,Measure,2012,3,ATCM35_wp012_e,2012,0,0.8101582527160645,ATCM44_wp041_e,2022,-10,0.9708651
Measure 501,Measure,2012,4,ATCM44_wp042_e,2022,-10,0.7993831634521484,ATCM28_wp042_e,2005,7,0.9295939
Measure 501,Measure,2012,5,ATCM28_wp042_e,2005,7,0.7945395708084106,ATCM44_wp042_e,2022,-10,0.9151306
Measure 501,Measure,2012,6,ATCM36_wp059_e,2013,-1,0.794448971748352,ATCM44_wp005_e,2022,-10,0.9103384
Measure 501,Measure,2012,7,ATCM35_wp058_e,2012,0,0.7943798899650574,ATCM36_wp059_e,2013,-1,0.90635514
Measure 501,Measure,2012,8,ATCM44_wp046_e,2022,-10,0.7939900755882263,ATCM44_wp040_e,2022,-10,0.89637846
Measure 501,Measure,2012,9,ATCM44_wp005_e,2022,-10,0.7891260385513306,ATCM44_wp046_e,2022,-10,0.8938109
Measure 501,Measure,2012,10,ATCM44_wp040_e,2022,-10,0.7882747054100037,ATCM35_wp058_e,2012,0,0.8889902
Measure 232,Measure,1996,1,ATCM8_wp002_e,1975,21,0.8978052139282227,ATCM20_wp003_e,1996,0,0.9692777
Measure 232,Measure,1996,2,ATCM8_wp035_e,1975,21,0.8731189966201782,ATCM16_wp020_e,1991,5,0.9370036
Measure 232,Measure,1996,3,ATCM10_wp031_rev1_e,1979,17,0.8711036443710327,ATCM10_wp031_rev1_e,1979,17,0.93272346
Measure 232,Measure,1996,4,ATCM16_wp020_e,1991,5,0.8707271218299866,ATCM8_wp035_e,1975,21,0.9308616
Measure 232,Measure,1996,5,ATCM10_wp031_e,1979,17,0.8630534410476685,ATCM10_wp031_e,1979,17,0.9282398
Measure 232,Measure,1996,6,ATCM20_wp003_e,1996,0,0.8536586761474609,ATCM8_wp002_e,1975,21,0.9212798
Measure 232,Measure,1996,7,ATCM12_wp014_rev1_e,1983,13,0.8533940315246582,ATCM24_wp033_e,2001,-5,0.91952693
Measure 232,Measure,1996,8,ATCM24_wp033_e,2001,-5,0.8476908206939697,ATCM10_wp039_e,1979,17,0.9106567
Measure 232,Measure,1996,9,ATCM10_wp039_rev1_e,1979,17,0.8420994281768799,ATCM10_wp039_rev1_e,1979,17,0.91058713
Measure 232,Measure,1996,10,ATCM10_wp039_e,1979,17,0.8416798710823059,ATCM12_wp014_rev1_e,1983,13,0.8994221
Recommendation 128,Recommendation,1979,1,ATCM10_wp031_rev1_e,1979,0,0.9146883487701416,ATCM10_wp039_rev1_e,1979,0,0.9608931
Recommendation 128,Recommendation,1979,2,ATCM10_wp031_e,1979,0,0.9091136455535889,ATCM10_wp031_rev1_e,1979,0,0.96074593
Recommendation 128,Recommendation,1979,3,ATCM24_wp033_e,2001,-22,0.9065399169921875,ATCM10_wp039_e,1979,0,0.9600028
Recommendation 128,Recommendation,1979,4,ATCM16_wp020_e,1991,-12,0.885910153388977,ATCM10_wp031_e,1979,0,0.95970166
Recommendation 128,Recommendation,1979,5,ATCM10_wp004_e,1979,0,0.8721731901168823,ATCM24_wp033_e,2001,-22,0.9550851
Recommendation 128,Recommendation,1979,6,ATCM12_wp017_rev1_e,1983,-4,0.8662711977958679,ATCM12_wp017_rev1_e,1983,-4,0.9525035
Recommendation 128,Recommendation,1979,7,ATCM8_wp002_e,1975,4,0.8636391162872314,ATCM10_wp004_e,1979,0,0.9484609
Recommendation 128,Recommendation,1979,8,ATCM10_wp039_e,1979,0,0.8601614236831665,ATCM16_wp020_e,1991,-12,0.9480776
Recommendation 128,Recommendation,1979,9,ATCM10_wp039_rev1_e,1979,0,0.8599599599838257,ATCM8_wp035_e,1975,4,0.9416756
Recommendation 128,Recommendation,1979,10,ATCM8_wp035_e,1975,4,0.8518979549407959,ATCM8_wp002_e,1975,4,0.9245107
Measure 532,Measure,2013,1,ATCM45_wp020_e,2023,-10,0.8822207450866699,ATCM31_wp009_e,2008,5,0.9868585
Measure 532,Measure,2013,2,ATCM36_wp002_e,2013,0,0.8632649183273315,ATCM45_wp020_e,2023,-10,0.9805509
Measure 532,Measure,2013,3,ATCM41_wp002_e,2018,-5,0.8490580916404724,ATCM36_wp002_e,2013,0,0.97963655
Measure 532,Measure,2013,4,ATCM31_wp009_e,2008,5,0.8154416680335999,ATCM41_wp002_e,2018,-5,0.9387109
Measure 532,Measure,2013,5,ATCM24_wp033_e,2001,12,0.8128131628036499,ATCM38_wp026_e,2015,-2,0.9255267
Measure 532,Measure,2013,6,ATCM38_wp026_e,2015,-2,0.8101226091384888,ATCM24_wp033_e,2001,12,0.90848804
Measure 532,Measure,2013,7,ATCM35_wp060_e,2012,1,0.8100413084030151,ATCM36_wp059_e,2013,0,0.90535575
Measure 532,Measure,2013,8,ATCM36_wp059_e,2013,0,0.8095438480377197,ATCM35_wp044_e,2012,1,0.90100116
Measure 532,Measure,2013,9,ATCM46_wp023_e,2024,-11,0.8085983395576477,ATCM46_wp023_e,2024,-11,0.8988021
Measure 532,Measure,2013,10,ATCM35_wp044_e,2012,1,0.8049964904785156,ATCM35_wp060_e,2012,1,0.8802217
Decision 322,Decision,2004,1,ATCM21_wp001_e,1997,7,0.787260890007019,ATCM27_wp048_rev1_e,2004,0,0.9859147
Decision 322,Decision,2004,2,ATCM27_wp008_e,2004,0,0.7755157947540283,ATCM28_wp056_e,2005,-1,0.9568927
Decision 322,Decision,2004,3,ATCM27_wp048_rev1_e,2004,0,0.7651837468147278,ATCM26_wp040_e,2003,1,0.9461207
Decision 322,Decision,2004,4,ATCM32_wp007_e,2009,-5,0.7565336227416992,ATCM27_wp008_e,2004,0,0.94210327
Decision 322,Decision,2004,5,ATCM21_wp033_e,1997,7,0.7485010623931885,ATCM1_wp002_e,1961,43,0.9402653
Decision 322,Decision,2004,6,ATCM10_wp015_e,1979,25,0.742382287979126,ATCM21_wp001_e,1997,7,0.9342993
Decision 322,Decision,2004,7,ATCM26_wp040_e,2003,1,0.7414683103561401,ATCM27_wp039_rev1_e,2004,0,0.9341793
Decision 322,Decision,2004,8,ATCM1_wp002_e,1961,43,0.7351019978523254,ATCM32_wp007_e,2009,-5,0.9171283
Decision 322,Decision,2004,9,ATCM27_wp039_rev1_e,2004,0,0.720346212387085,ATCM21_wp033_e,1997,7,0.88841075
Decision 322,Decision,2004,10,ATCM28_wp056_e,2005,-1,0.7102131843566895,ATCM10_wp015_e,1979,25,0.79981786
Recommendation 178,Recommendation,1989,1,ATCM15_wp039_e,1989,0,0.9472143054008484,ATCM15_wp039_e,1989,0,0.9701947
Recommendation 178,Recommendation,1989,2,ATCM15_wp053_e,1989,0,0.9452881813049316,ATCM15_wp053_e,1989,0,0.9635886
Recommendation 178,Recommendation,1989,3,ATCM7_wp009_e,1972,17,0.8990198373794556,ATCM15_wp032_rev1_e,1989,0,0.9482696
Recommendation 178,Recommendation,1989,4,ATCM7_wp045_rev1_e,1972,17,0.8926041722297668,ATCM14_wp037_e,1987,2,0.9441975
Recommendation 178,Recommendation,1989,5,ATCM15_wp032_rev1_e,1989,0,0.8735003471374512,ATCM7_wp045_e,1972,17,0.93148744
Recommendation 178,Recommendation,1989,6,ATCM8_wp001_e,1975,14,0.8689587116241455,ATCM7_wp009_e,1972,17,0.9301036
Recommendation 178,Recommendation,1989,7,ATCM7_wp045_e,1972,17,0.8682558536529541,ATCM7_wp045_rev1_e,1972,17,0.9281748
Recommendation 178,Recommendation,1989,8,ATCM14_wp037_e,1987,2,0.8565634489059448,ATCM14_wp011_e,1987,2,0.92672926
Recommendation 178,Recommendation,1989,9,ATCM14_wp011_e,1987,2,0.8433506488800049,ATCM8_wp010_e,1975,14,0.9150927
Recommendation 178,Recommendation,1989,10,ATCM8_wp010_e,1975,14,0.8327174186706543,ATCM8_wp001_e,1975,14,0.9115268
Measure 487,Measure,2011,1,ATCM34_wp029_e,2011,0,0.8462364673614502,ATCM43_wp030_e,2021,-10,0.9743959
Measure 487,Measure,2011,2,ATCM43_wp030_e,2021,-10,0.8440365791320801,ATCM39_wp018_e,2016,-5,0.9721621
Measure 487,Measure,2011,3,ATCM39_wp018_e,2016,-5,0.8139954209327698,ATCM34_wp029_e,2011,0,0.968809
Measure 487,Measure,2011,4,ATCM44_wp032_e,2022,-11,0.7989519834518433,ATCM36_wp036_e,2013,-2,0.9172211
Measure 487,Measure,2011,5,ATCM47_wp009_e,2025,-14,0.7988700866699219,ATCM47_wp009_e,2025,-14,0.9023862
Measure 487,Measure,2011,6,ATCM36_wp036_e,2013,-2,0.7966049313545227,ATCM38_wp026_e,2015,-4,0.8988908
Measure 487,Measure,2011,7,ATCM46_wp027_e,2024,-13,0.7959531545639038,ATCM31_wp031_e,2008,3,0.8943658
Measure 487,Measure,2011,8,ATCM38_wp026_e,2015,-4,0.7955097556114197,ATCM46_wp027_e,2024,-13,0.88995034
Measure 487,Measure,2011,9,ATCM46_wp028_e,2024,-13,0.793312668800354,ATCM46_wp028_e,2024,-13,0.88763386
Measure 487,Measure,2011,10,ATCM31_wp031_e,2008,3,0.7912341356277466,ATCM44_wp032_e,2022,-11,0.8739052
Resolution 518,Resolution,2012,1,ATCM28_wp031_e,2005,7,0.8640923500061035,ATCM46_wp052_e,2024,-12,0.959093
Resolution 518,Resolution,2012,2,ATCM46_wp052_e,2024,-12,0.8573240041732788,ATCM42_wp054_e,2019,-7,0.95575064
Resolution 518,Resolution,2012,3,ATCM27_wp026_e,2004,8,0.8306218385696411,ATCM41_wp032_e,2018,-6,0.9505213
Resolution 518,Resolution,2012,4,ATCM36_wp015_e,2013,-1,0.826119065284729,ATCM28_wp031_e,2005,7,0.94996727
Resolution 518,Resolution,2012,5,ATCM29_wp001_e,2006,6,0.8219521045684814,ATCM47_wp021_rev1_e,2025,-13,0.9480776
Resolution 518,Resolution,2012,6,ATCM47_wp021_rev1_e,2025,-13,0.8201619982719421,ATCM42_wp055_e,2019,-7,0.946715
Resolution 518,Resolution,2012,7,ATCM42_wp054_e,2019,-7,0.8190869688987732,ATCM36_wp020_e,2013,-1,0.94511634
Resolution 518,Resolution,2012,8,ATCM42_wp055_e,2019,-7,0.8187147378921509,ATCM36_wp015_e,2013,-1,0.945015
Resolution 518,Resolution,2012,9,ATCM36_wp020_e,2013,-1,0.8180323839187622,ATCM27_wp026_e,2004,8,0.93859845
Resolution 518,Resolution,2012,10,ATCM41_wp032_e,2018,-6,0.8171144723892212,ATCM29_wp001_e,2006,6,0.938373
Recommendation 81,Recommendation,1970,1,ATCM6_wp022_rev1_e,1970,0,0.954542875289917,ATCM6_wp022_e,1970,0,0.9544101
Recommendation 81,Recommendation,1970,2,ATCM6_wp022_e,1970,0,0.9252520799636841,ATCM6_wp022_rev1_e,1970,0,0.9533793
Recommendation 81,Recommendation,1970,3,ATCM7_wp016_e,1972,-2,0.9197207689285278,ATCM7_wp016_e,1972,-2,0.9503373
Recommendation 81,Recommendation,1970,4,ATCM6_wp007_e,1970,0,0.9091025590896606,ATCM6_wp007_e,1970,0,0.9417828
Recommendation 81,Recommendation,1970,5,ATCM6_wp023_rev1_e,1970,0,0.8800946474075317,ATCM6_wp023_e,1970,0,0.9317363
Recommendation 81,Recommendation,1970,6,ATCM6_wp023_e,1970,0,0.8615385293960571,ATCM6_wp023_rev1_e,1970,0,0.9230669
Recommendation 81,Recommendation,1970,7,ATCM7_wp042_e,1972,-2,0.7519136071205139,ATCM1_wp017_e,1961,9,0.91517806
Recommendation 81,Recommendation,1970,8,ATCM6_wp008_rev1_e,1970,0,0.7191365957260132,ATCM7_wp042_e,1972,-2,0.91007894
Recommendation 81,Recommendation,1970,9,ATCM6_wp008_e,1970,0,0.7033704519271851,ATCM6_wp008_rev1_e,1970,0,0.86041605
Recommendation 81,Recommendation,1970,10,ATCM1_wp017_e,1961,9,0.7032041549682617,ATCM6_wp008_e,1970,0,0.8522482
Resolution 351,Resolution,2005,1,ATCM21_wp025_e,1997,8,0.8852179646492004,ATCM21_wp025_e,1997,8,0.95088744
Resolution 351,Resolution,2005,2,ATCM43_wp061_e,2021,-16,0.7937182188034058,ATCM21_wp041_e,1997,8,0.93665683
Resolution 351,Resolution,2005,3,ATCM42_wp066_e,2019,-14,0.7755573391914368,ATCM43_wp061_e,2021,-16,0.93210804
Resolution 351,Resolution,2005,4,ATCM21_wp041_e,1997,8,0.7649902701377869,ATCM36_wp033_e,2013,-8,0.8985352
Resolution 351,Resolution,2005,5,ATCM31_wp034_e,2008,-3,0.7635424137115479,ATCM31_wp034_e,2008,-3,0.8967407
Resolution 351,Resolution,2005,6,ATCM18_wp009_e,1994,11,0.762526273727417,ATCM18_wp009_e,1994,11,0.8931604
Resolution 351,Resolution,2005,7,ATCM16_wp029_e,1991,14,0.7588691711425781,ATCM17_wp014_e,1992,13,0.8781472
Resolution 351,Resolution,2005,8,ATCM36_wp033_e,2013,-8,0.7495177984237671,ATCM42_wp066_e,2019,-14,0.877938
Resolution 351,Resolution,2005,9,ATCM17_wp014_e,1992,13,0.7481830716133118,ATCM16_wp029_e,1991,14,0.8546907
Resolution 351,Resolution,2005,10,ATCM8_wp018_e,1975,30,0.7405427694320679,ATCM8_wp018_e,1975,30,0.84522843
Recommendation 181,Recommendation,1989,1,ATCM15_wp041_e,1989,0,0.8964375853538513,ATCM15_wp041_e,1989,0,0.964402
Recommendation 181,Recommendation,1989,2,ATCM15_wp069_e,1989,0,0.849179744720459,ATCM15_wp069_e,1989,0,0.959093
Recommendation 181,Recommendation,1989,3,ATCM32_wp002_e,2009,-20,0.7613772749900818,ATCM7_wp034_rev3_e,1972,17,0.9455202
Recommendation 181,Recommendation,1989,4,ATCM5_wp031_rev1_e,1968,21,0.7468900084495544,ATCM7_wp034_rev2_e,1972,17,0.94511634
Recommendation 181,Recommendation,1989,5,ATCM7_wp034_rev2_e,1972,17,0.7408475875854492,ATCM7_wp034_rev1_e,1972,17,0.94048434
Recommendation 181,Recommendation,1989,6,ATCM7_wp034_rev1_e,1972,17,0.7402929067611694,ATCM32_wp002_e,2009,-20,0.93381816
Recommendation 181,Recommendation,1989,7,ATCM7_wp034_rev3_e,1972,17,0.7385556697845459,ATCM6_wp009_e,1970,19,0.92348194
Recommendation 181,Recommendation,1989,8,ATCM5_wp039_e,1968,21,0.7225670218467712,ATCM5_wp031_e,1968,21,0.91876495
Recommendation 181,Recommendation,1989,9,ATCM5_wp031_e,1968,21,0.720667839050293,ATCM5_wp039_e,1968,21,0.9155185
Recommendation 181,Recommendation,1989,10,ATCM6_wp009_e,1970,19,0.7190543413162231,ATCM5_wp031_rev1_e,1968,21,0.91518754
Recommendation 76,Recommendation,1970,1,ATCM6_wp010_rev2_e,1970,0,0.9569148421287537,ATCM6_wp010_rev1_e,1970,0,0.96289706
Recommendation 76,Recommendation,1970,2,ATCM6_wp010_rev1_e,1970,0,0.9504161477088928,ATCM6_wp010_rev2_e,1970,0,0.9627573
Recommendation 76,Recommendation,1970,3,ATCM6_wp010_e,1970,0,0.894332230091095,ATCM6_wp010_e,1970,0,0.94769174
Recommendation 76,Recommendation,1970,4,ATCM9_wp012_e,1977,-7,0.8929083347320557,ATCM9_wp012_e,1977,-7,0.9379197
Recommendation 76,Recommendation,1970,5,ATCM10_wp011_e,1979,-9,0.8920021057128906,ATCM9_wp079_rev1_e,1977,-7,0.9344191
Recommendation 76,Recommendation,1970,6,ATCM10_wp011_rev1_e,1979,-9,0.8837321996688843,ATCM10_wp011_rev1_e,1979,-9,0.9340591
Recommendation 76,Recommendation,1970,7,ATCM10_wp006_rev1_e,1979,-9,0.8788372278213501,ATCM10_wp011_e,1979,-9,0.9333337
Recommendation 76,Recommendation,1970,8,ATCM10_wp006_e,1979,-9,0.8746156096458435,ATCM9_wp079_e,1977,-7,0.92765224
Recommendation 76,Recommendation,1970,9,ATCM9_wp079_rev1_e,1977,-7,0.8735398054122925,ATCM10_wp006_e,1979,-9,0.9168497
Recommendation 76,Recommendation,1970,10,ATCM9_wp079_e,1977,-7,0.8734097480773926,ATCM10_wp006_rev1_e,1979,-9,0.91156626
Resolution 257,Resolution,1998,1,ATCM22_wp017_e,1998,0,0.8831745982170105,ATCM23_wp040_e,1999,-1,0.9492193
Resolution 257,Resolution,1998,2,ATCM23_wp040_e,1999,-1,0.8643486499786377,ATCM22_wp017_e,1998,0,0.93489623
Resolution 257,Resolution,1998,3,ATCM22_wp018_e,1998,0,0.8327028751373291,ATCM25_wp041_e,2002,-4,0.92984915
Resolution 257,Resolution,1998,4,ATCM37_wp042_e,2014,-16,0.8145660161972046,ATCM22_wp018_e,1998,0,0.92355096
Resolution 257,Resolution,1998,5,ATCM24_wp026_e,2001,-3,0.8101223111152649,ATCM37_wp042_e,2014,-16,0.9065208
Resolution 257,Resolution,1998,6,ATCM26_wp004_e,2003,-5,0.7815968990325928,ATCM24_wp026_e,2001,-3,0.8991568
Resolution 257,Resolution,1998,7,ATCM45_wp046_e,2023,-25,0.7588518857955933,ATCM26_wp004_e,2003,-5,0.8958329
Resolution 257,Resolution,1998,8,ATCM25_wp041_e,2002,-4,0.7555784583091736,ATCM22_wp016_e,1998,0,0.85805386
Resolution 257,Resolution,1998,9,ATCM22_wp016_e,1998,0,0.7541247606277466,ATCM33_wp037_e,2010,-12,0.8575773
Resolution 257,Resolution,1998,10,ATCM33_wp037_e,2010,-12,0.7428263425827026,ATCM45_wp046_e,2023,-25,0.8331075
Measure 507,Measure,2012,1,ATCM44_wp046_e,2022,-10,0.8971662521362305,ATCM34_wp023_e,2011,1,0.9729954
Measure 507,Measure,2012,2,ATCM34_wp023_e,2011,1,0.8896241188049316,ATCM40_wp008_e,2017,-5,0.9706433
Measure 507,Measure,2012,3,ATCM40_wp008_e,2017,-5,0.8707339763641357,ATCM44_wp046_e,2022,-10,0.96973956
Measure 507,Measure,2012,4,ATCM35_wp054_e,2012,0,0.861733078956604,ATCM42_wp056_e,2019,-7,0.9482696
Measure 507,Measure,2012,5,ATCM45_wp051_e,2023,-11,0.8519389033317566,ATCM28_wp020_e,2005,7,0.9319843
Measure 507,Measure,2012,6,ATCM43_wp039_rev1_e,2021,-9,0.8497904539108276,ATCM45_wp051_e,2023,-11,0.9309872
Measure 507,Measure,2012,7,ATCM28_wp020_e,2005,7,0.8377442955970764,ATCM27_wp013_e,2004,8,0.92505413
Measure 507,Measure,2012,8,ATCM27_wp013_e,2004,8,0.8346712589263916,ATCM35_wp054_e,2012,0,0.92258006
Measure 507,Measure,2012,9,ATCM35_wp060_e,2012,0,0.8266444206237793,ATCM43_wp039_rev1_e,2021,-9,0.92074686
Measure 507,Measure,2012,10,ATCM42_wp056_e,2019,-7,0.8264255523681641,ATCM35_wp060_e,2012,0,0.8730417
Resolution 223,Resolution,1995,1,ATCM15_wp026_e,1989,6,0.8964987993240356,ATCM37_wp045_e,2014,-19,0.9584756
Resolution 223,Resolution,1995,2,ATCM15_wp055_e,1989,6,0.893936276435852,ATCM15_wp026_e,1989,6,0.9484609
Resolution 223,Resolution,1995,3,ATCM15_wp040_e,1989,6,0.8623273968696594,ATCM15_wp055_e,1989,6,0.9453187
Resolution 223,Resolution,1995,4,ATCM37_wp045_e,2014,-19,0.8612360954284668,ATCM15_wp040_e,1989,6,0.9407027
Resolution 223,Resolution,1995,5,ATCM31_wp038_e,2008,-13,0.8426405787467957,ATCM42_wp061_e,2019,-24,0.93148744
Resolution 223,Resolution,1995,6,ATCM15_wp005_e,1989,6,0.8192141652107239,ATCM31_wp038_e,2008,-13,0.93073577
Resolution 223,Resolution,1995,7,ATCM42_wp061_e,2019,-24,0.7901725172996521,ATCM33_wp011_e,2010,-15,0.92471486
Resolution 223,Resolution,1995,8,ATCM16_wp053_e,1991,4,0.753741979598999,ATCM15_wp005_e,1989,6,0.9195631
Resolution 223,Resolution,1995,9,ATCM16_wp053_rev1_e,1991,4,0.7536907196044922,ATCM16_wp053_e,1991,4,0.9144646
Resolution 223,Resolution,1995,10,ATCM33_wp011_e,2010,-15,0.7527494430541992,ATCM16_wp053_rev1_e,1991,4,0.9114678
nan 368,Untyped,1991,1,ATCM28_wp018_e,2005,-14,0.6696886420249939,ATCM20_wp037_e,1996,-5,0.8047744
nan 368,Untyped,1991,2,ATCM25_wp009_e,2002,-11,0.6681561470031738,ATCM22_wp005_e,1998,-7,0.67542213
nan 368,Untyped,1991,3,ATCM17_wp001_e,1992,-1,0.6566250324249268,ATCM21_wp039_e,1997,-6,0.66506255
nan 368,Untyped,1991,4,ATCM27_wp004_e,2004,-13,0.6560050249099731,ATCM25_wp009_e,2002,-11,0.6348603
nan 368,Untyped,1991,5,ATCM3_wp001_e,1964,27,0.6541569232940674,ATCM18_wp037_e,1994,-3,0.59981334
nan 368,Untyped,1991,6,ATCM21_wp039_e,1997,-6,0.6537961959838867,ATCM27_wp004_e,2004,-13,0.5979366
nan 368,Untyped,1991,7,ATCM20_wp037_e,1996,-5,0.6522436738014221,ATCM31_wp058_e,2008,-17,0.5885108
nan 368,Untyped,1991,8,ATCM18_wp037_e,1994,-3,0.6494272351264954,ATCM3_wp001_e,1964,27,0.58282346
nan 368,Untyped,1991,9,ATCM31_wp058_e,2008,-17,0.6483569145202637,ATCM17_wp001_e,1992,-1,0.56755316
nan 368,Untyped,1991,10,ATCM22_wp005_e,1998,-7,0.6481600999832153,ATCM28_wp018_e,2005,-14,0.42785084
Resolution 385,Resolution,2007,1,ATCM32_wp017_e,2009,-2,0.8407456874847412,ATCM32_wp030_e,2009,-2,0.945015
Resolution 385,Resolution,2007,2,ATCM30_wp006_e,2007,0,0.809819757938385,ATCM32_wp017_e,2009,-2,0.9440945
Resolution 385,Resolution,2007,3,ATCM18_wp011_e,1994,13,0.7822389602661133,ATCM30_wp006_e,2007,0,0.94188976
Resolution 385,Resolution,2007,4,ATCM32_wp030_e,2009,-2,0.7796621322631836,ATCM31_wp043_e,2008,-1,0.9405936
Resolution 385,Resolution,2007,5,ATCM26_wp023_e,2003,4,0.7728818655014038,ATCM26_wp023_e,2003,4,0.918692
Resolution 385,Resolution,2007,6,ATCM31_wp043_e,2008,-1,0.7647443413734436,ATCM33_wp001_e,2010,-3,0.91697985
Resolution 385,Resolution,2007,7,ATCM8_wp018_e,1975,32,0.7631065845489502,ATCM18_wp011_e,1994,13,0.8952849
Resolution 385,Resolution,2007,8,ATCM10_wp017_e,1979,28,0.7629148960113525,ATCM8_wp018_e,1975,32,0.886263
Resolution 385,Resolution,2007,9,ATCM33_wp001_e,2010,-3,0.7577280402183533,ATCM16_wp002_e,1991,16,0.8706413
Resolution 385,Resolution,2007,10,ATCM16_wp002_e,1991,16,0.7569184303283691,ATCM10_wp017_e,1979,28,0.84317327
Measure 528,Measure,2013,1,ATCM42_wp003_e,2019,-6,0.869594156742096,ATCM31_wp037_rev1_e,2008,5,0.98613006
Measure 528,Measure,2013,2,ATCM45_wp023_e,2023,-10,0.866724967956543,ATCM36_wp003_e,2013,0,0.9839462
Measure 528,Measure,2013,3,ATCM31_wp037_rev1_e,2008,5,0.8627609014511108,ATCM42_wp003_e,2019,-6,0.9827969
Measure 528,Measure,2013,4,ATCM36_wp003_e,2013,0,0.854076623916626,ATCM45_wp023_e,2023,-10,0.98198617
Measure 528,Measure,2013,5,ATCM46_wp023_e,2024,-11,0.8130409717559814,ATCM38_wp026_e,2015,-2,0.9190923
Measure 528,Measure,2013,6,ATCM39_wp027_e,2016,-3,0.8036959171295166,ATCM35_wp044_e,2012,1,0.90969867
Measure 528,Measure,2013,7,ATCM35_wp044_e,2012,1,0.7997466921806335,ATCM39_wp027_e,2016,-3,0.90598154
Measure 528,Measure,2013,8,ATCM43_wp045_e,2021,-8,0.7985340356826782,ATCM43_wp045_e,2021,-8,0.904389
Measure 528,Measure,2013,9,ATCM39_wp026_e,2016,-3,0.7938169240951538,ATCM46_wp023_e,2024,-11,0.9003021
Measure 528,Measure,2013,10,ATCM38_wp026_e,2015,-2,0.7928478717803955,ATCM39_wp026_e,2016,-3,0.8999509
Recommendation 191,Recommendation,1989,1,ATCM15_wp017_e,1989,0,0.9153592586517334,ATCM15_wp017_e,1989,0,0.9642677
Recommendation 191,Recommendation,1989,2,ATCM5_wp035_rev1_e,1968,21,0.8673001527786255,ATCM5_wp035_rev1_e,1968,21,0.9264636
Recommendation 191,Recommendation,1989,3,ATCM5_wp035_e,1968,21,0.860674262046814,ATCM5_wp035_e,1968,21,0.91912866
Recommendation 191,Recommendation,1989,4,ATCM5_wp004_e,1968,21,0.8039319515228271,ATCM16_wp047_e,1991,-2,0.9041778
Recommendation 191,Recommendation,1989,5,ATCM10_wp051_rev1_e,1979,10,0.7587059736251831,ATCM16_wp047_rev1_e,1991,-2,0.90134907
Recommendation 191,Recommendation,1989,6,ATCM10_wp051_e,1979,10,0.7523444294929504,ATCM10_wp051_e,1979,10,0.8956505
Recommendation 191,Recommendation,1989,7,ATCM11_wp004_e,1981,8,0.7075979709625244,ATCM10_wp051_rev1_e,1979,10,0.8938109
Recommendation 191,Recommendation,1989,8,ATCM16_wp047_rev1_e,1991,-2,0.6944369673728943,ATCM11_wp004_e,1981,8,0.892037
Recommendation 191,Recommendation,1989,9,ATCM16_wp047_e,1991,-2,0.6801930665969849,ATCM5_wp004_e,1968,21,0.8820626
Recommendation 191,Recommendation,1989,10,ATCM25_wp005_e,2002,-13,0.6779228448867798,ATCM25_wp005_e,2002,-13,0.8179237
Resolution 291,Resolution,2002,1,ATCM23_wp024_e,1999,3,0.8288956880569458,ATCM23_wp024_e,1999,3,0.95125103
Resolution 291,Resolution,2002,2,ATCM44_wp024_e,2022,-20,0.8021945357322693,ATCM25_wp008_e,2002,0,0.95070475
Resolution 291,Resolution,2002,3,ATCM25_wp008_e,2002,0,0.7836374044418335,ATCM44_wp024_e,2022,-20,0.91836315
Resolution 291,Resolution,2002,4,ATCM24_wp005_e,2001,1,0.7809196710586548,ATCM24_wp005_e,2001,1,0.91640186
Resolution 291,Resolution,2002,5,ATCM44_wp034_e,2022,-20,0.7378659248352051,ATCM44_wp034_e,2022,-20,0.91335785
Resolution 291,Resolution,2002,6,ATCM4_wp003_e,1966,36,0.7366719245910645,ATCM4_wp003_e,1966,36,0.9094376
Resolution 291,Resolution,2002,7,ATCM25_wp007_e,2002,0,0.7301552295684814,ATCM25_wp007_e,2002,0,0.90383875
Resolution 291,Resolution,2002,8,ATCM3_wp003_rev2_e,1964,38,0.7295867204666138,ATCM3_wp003_rev2_e,1964,38,0.9020415
Resolution 291,Resolution,2002,9,ATCM7_wp045_e,1972,30,0.7284040451049805,ATCM7_wp045_rev1_e,1972,30,0.88743895
Resolution 291,Resolution,2002,10,ATCM7_wp045_rev1_e,1972,30,0.7197707891464233,ATCM7_wp045_e,1972,30,0.886263
Recommendation 126,Recommendation,1979,1,ATCM10_wp005_rev2_e,1979,0,0.9229407906532288,ATCM10_wp005_rev2_e,1979,0,0.9572139
Recommendation 126,Recommendation,1979,2,ATCM10_wp005_rev1_e,1979,0,0.9162418246269226,ATCM10_wp005_rev1_e,1979,0,0.9565693
Recommendation 126,Recommendation,1979,3,ATCM10_wp005_e,1979,0,0.8894591331481934,ATCM10_wp005_e,1979,0,0.95541906
Recommendation 126,Recommendation,1979,4,ATCM10_wp039_e,1979,0,0.8332300782203674,ATCM10_wp039_rev1_e,1979,0,0.94357675
Recommendation 126,Recommendation,1979,5,ATCM10_wp039_rev1_e,1979,0,0.8315693736076355,ATCM10_wp039_e,1979,0,0.9414607
Recommendation 126,Recommendation,1979,6,ATCM7_wp046_e,1972,7,0.7739396691322327,ATCM7_wp046_e,1972,7,0.92219555
Recommendation 126,Recommendation,1979,7,ATCM18_wp013_e,1994,-15,0.7644298076629639,ATCM7_wp046_rev1_e,1972,7,0.91821665
Recommendation 126,Recommendation,1979,8,ATCM8_wp044_e,1975,4,0.7641950845718384,ATCM18_wp013_e,1994,-15,0.9178492
Recommendation 126,Recommendation,1979,9,ATCM7_wp046_rev1_e,1972,7,0.7592483162879944,ATCM8_wp036_e,1975,4,0.9147507
Recommendation 126,Recommendation,1979,10,ATCM8_wp036_e,1975,4,0.7584306001663208,ATCM8_wp044_e,1975,4,0.8938109
Recommendation 22,Recommendation,1962,1,ATCM2_wp007_e,1962,0,0.9338580965995789,ATCM2_wp007_e,1962,0,0.9706433
Recommendation 22,Recommendation,1962,2,ATCM3_wp016_e,1964,-2,0.9087632298469543,ATCM2_wp022_e,1962,0,0.967361
Recommendation 22,Recommendation,1962,3,ATCM2_wp022_e,1962,0,0.9044289588928223,ATCM3_wp016_rev1_e,1964,-2,0.96015245
Recommendation 22,Recommendation,1962,4,ATCM3_wp016_rev1_e,1964,-2,0.8979755640029907,ATCM4_wp025_e,1966,-4,0.95970166
Recommendation 22,Recommendation,1962,5,ATCM3_wp016_rev2_e,1964,-2,0.8835011720657349,ATCM3_wp016_rev2_e,1964,-2,0.9586308
Recommendation 22,Recommendation,1962,6,ATCM1_wp033_e,1961,1,0.8520246744155884,ATCM3_wp016_e,1964,-2,0.95816356
Recommendation 22,Recommendation,1962,7,ATCM4_wp040_e,1966,-4,0.838891327381134,ATCM4_wp034_e,1966,-4,0.9503373
Recommendation 22,Recommendation,1962,8,ATCM4_wp025_e,1966,-4,0.8366960287094116,ATCM4_wp040_e,1966,-4,0.9501526
Recommendation 22,Recommendation,1962,9,ATCM4_wp034_e,1966,-4,0.8364461064338684,ATCM5_wp011_e,1968,-6,0.9427391
Recommendation 22,Recommendation,1962,10,ATCM5_wp011_e,1968,-6,0.8347781896591187,ATCM1_wp033_e,1961,1,0.933212
Resolution 226,Resolution,1995,1,ATCM11_wp026_e,1981,14,0.7197080254554749,ATCM24_wp025_e,2001,-6,0.9710852
Resolution 226,Resolution,1995,2,ATCM24_wp025_e,2001,-6,0.7125810384750366,ATCM28_wp032_e,2005,-10,0.96686405
Resolution 226,Resolution,1995,3,ATCM12_wp007_e,1983,12,0.7062015533447266,ATCM36_wp009_e,2013,-18,0.9530308
Resolution 226,Resolution,1995,4,ATCM36_wp009_e,2013,-18,0.7033709287643433,ATCM11_wp026_e,1981,14,0.9474978
Resolution 226,Resolution,1995,5,ATCM9_wp046_rev1_e,1977,18,0.6981089115142822,ATCM8_wp009_rev1_e,1975,20,0.93904716
Resolution 226,Resolution,1995,6,ATCM9_wp046_e,1977,18,0.6974837779998779,ATCM9_wp046_rev1_e,1977,18,0.93688816
Resolution 226,Resolution,1995,7,ATCM28_wp032_e,2005,-10,0.6971734762191772,ATCM9_wp046_e,1977,18,0.9365409
Resolution 226,Resolution,1995,8,ATCM22_wp012_e,1998,-3,0.696033775806427,ATCM12_wp007_e,1983,12,0.9356059
Resolution 226,Resolution,1995,9,ATCM21_wp009_e,1997,-2,0.695236325263977,ATCM22_wp012_e,1998,-3,0.93357635
Resolution 226,Resolution,1995,10,ATCM8_wp009_rev1_e,1975,20,0.6944746375083923,ATCM21_wp009_e,1997,-2,0.92237055
Resolution 522,Resolution,2012,1,ATCM35_wp051_e,2012,0,0.9203948378562927,ATCM35_wp051_e,2012,0,0.9717361
Resolution 522,Resolution,2012,2,ATCM36_wp025_e,2013,-1,0.894548773765564,ATCM36_wp025_e,2013,-1,0.9572139
Resolution 522,Resolution,2012,3,ATCM33_wp046_e,2010,2,0.8633965253829956,ATCM33_wp046_e,2010,2,0.94710773
Resolution 522,Resolution,2012,4,ATCM37_wp053_e,2014,-2,0.8416839838027954,ATCM37_wp053_e,2014,-2,0.9311125
Resolution 522,Resolution,2012,5,ATCM31_wp033_e,2008,4,0.7999004125595093,ATCM36_wp034_e,2013,-1,0.92233557
Resolution 522,Resolution,2012,6,ATCM36_wp034_e,2013,-1,0.7954006195068359,ATCM31_wp020_e,2008,4,0.9117726
Resolution 522,Resolution,2012,7,ATCM14_wp004_e,1987,25,0.7912251949310303,ATCM36_wp065_e,2013,-1,0.8979998
Resolution 522,Resolution,2012,8,ATCM14_wp015_e,1987,25,0.7840946912765503,ATCM31_wp033_e,2008,4,0.8930671
Resolution 522,Resolution,2012,9,ATCM36_wp065_e,2013,-1,0.776920735836029,ATCM14_wp004_e,1987,25,0.8320184
Resolution 522,Resolution,2012,10,ATCM31_wp020_e,2008,4,0.7733055353164673,ATCM14_wp015_e,1987,25,0.81083864
nan 367,Untyped,1991,1,ATCM23_wp019_e,1999,-8,0.813433051109314,ATCM23_wp019_e,1999,-8,0.93393874
nan 367,Untyped,1991,2,ATCM29_wp009_e,2006,-15,0.7421662211418152,ATCM29_wp009_e,2006,-15,0.917147
nan 367,Untyped,1991,3,ATCM37_wp019_e,2014,-23,0.7416025996208191,ATCM37_wp019_e,2014,-23,0.9082849
nan 367,Untyped,1991,4,ATCM46_wp027_e,2024,-33,0.7295548319816589,ATCM32_wp040_e,2009,-18,0.8566205
nan 367,Untyped,1991,5,ATCM32_wp040_e,2009,-18,0.727837085723877,ATCM46_wp027_e,2024,-33,0.8395235
nan 367,Untyped,1991,6,ATCM16_wp019_e,1991,0,0.6808620691299438,ATCM16_wp054_rev1_e,1991,0,0.7166947
nan 367,Untyped,1991,7,ATCM16_wp057_e,1991,0,0.6806281805038452,ATCM16_wp019_e,1991,0,0.6989257
nan 367,Untyped,1991,8,ATCM16_wp054_rev1_e,1991,0,0.6799358129501343,ATCM16_wp057_e,1991,0,0.6348603
nan 367,Untyped,1991,9,ATCM27_wp005_e,2004,-13,0.679766058921814,ATCM26_wp008_e,2003,-12,0.6054258
nan 367,Untyped,1991,10,ATCM26_wp008_e,2003,-12,0.6789511442184448,ATCM27_wp005_e,2004,-13,0.5941745
Measure 233,Measure,1996,1,ATCM20_wp014_e,1996,0,0.8473496437072754,ATCM20_wp014_e,1996,0,0.9620506
Measure 233,Measure,1996,2,ATCM7_wp034_rev3_e,1972,24,0.6905134916305542,ATCM7_wp034_rev2_e,1972,24,0.915197
Measure 233,Measure,1996,3,ATCM7_wp034_rev1_e,1972,24,0.6881939768791199,ATCM7_wp034_rev3_e,1972,24,0.9109146
Measure 233,Measure,1996,4,ATCM42_wp025_e,2019,-23,0.6873586177825928,ATCM7_wp034_rev1_e,1972,24,0.90885276
Measure 233,Measure,1996,5,ATCM7_wp034_rev2_e,1972,24,0.6863486170768738,ATCM7_wp003_e,1972,24,0.88407934
Measure 233,Measure,1996,6,ATCM7_wp003_e,1972,24,0.6844333410263062,ATCM6_wp009_rev1_e,1970,26,0.88387895
Measure 233,Measure,1996,7,ATCM5_wp031_rev1_e,1968,28,0.6767755150794983,ATCM42_wp025_e,2019,-23,0.85709965
Measure 233,Measure,1996,8,ATCM6_wp009_rev1_e,1970,26,0.6764532327651978,ATCM5_wp031_rev1_e,1968,28,0.84726137
Measure 233,Measure,1996,9,ATCM46_wp041_e,2024,-28,0.6745269298553467,ATCM39_wp048_rev1_e,2016,-20,0.8320184
Measure 233,Measure,1996,10,ATCM39_wp048_rev1_e,2016,-20,0.6745110750198364,ATCM46_wp041_e,2024,-28,0.81617206
Recommendation 107,Recommendation,1975,1,ATCM8_wp014_rev1_e,1975,0,0.9283732771873474,ATCM8_wp014_rev1_e,1975,0,0.964402
Recommendation 107,Recommendation,1975,2,ATCM7_wp047_e,1972,3,0.8638788461685181,ATCM9_wp059_rev2_e,1977,-2,0.9532054
Recommendation 107,Recommendation,1975,3,ATCM8_wp014_e,1975,0,0.8606718182563782,ATCM9_wp059_rev1_e,1977,-2,0.9519705
Recommendation 107,Recommendation,1975,4,ATCM9_wp059_rev1_e,1977,-2,0.8388502597808838,ATCM8_wp014_e,1975,0,0.9505213
Recommendation 107,Recommendation,1975,5,ATCM7_wp033_e,1972,3,0.83495032787323,ATCM7_wp033_e,1972,3,0.94651765
Recommendation 107,Recommendation,1975,6,ATCM9_wp059_rev2_e,1977,-2,0.8303420543670654,ATCM9_wp059_e,1977,-2,0.9447098
Recommendation 107,Recommendation,1975,7,ATCM8_wp015_e,1975,0,0.8277633786201477,ATCM8_wp015_e,1975,0,0.9441975
Recommendation 107,Recommendation,1975,8,ATCM9_wp059_e,1977,-2,0.8178315162658691,ATCM7_wp047_e,1972,3,0.9379197
Recommendation 107,Recommendation,1975,9,ATCM7_wp026_e,1972,3,0.7925416827201843,ATCM7_wp055_e,1972,3,0.936075
Recommendation 107,Recommendation,1975,10,ATCM7_wp055_e,1972,3,0.7895944118499756,ATCM7_wp026_e,1972,3,0.9336973
Resolution 266,Resolution,1999,1,ATCM30_wp045_rev1_e,2007,-8,0.776059091091156,ATCM30_wp045_rev1_e,2007,-8,0.9638617
Resolution 266,Resolution,1999,2,ATCM29_wp014_e,2006,-7,0.6931794881820679,ATCM29_wp014_e,2006,-7,0.85709965
Resolution 266,Resolution,1999,3,ATCM31_wp028_e,2008,-9,0.6753664016723633,ATCM31_wp028_e,2008,-9,0.8102388
Resolution 266,Resolution,1999,4,ATCM30_wp007_e,2007,-8,0.6672571897506714,ATCM30_wp007_e,2007,-8,0.79603887
Resolution 266,Resolution,1999,5,ATCM10_wp052_rev1_e,1979,20,0.6655185222625732,ATCM29_wp028_e,2006,-7,0.7810635
Resolution 266,Resolution,1999,6,ATCM29_wp028_e,2006,-7,0.6630938053131104,ATCM32_wp014_e,2009,-10,0.7810635
Resolution 266,Resolution,1999,7,ATCM10_wp052_e,1979,20,0.6575413346290588,ATCM10_wp052_rev1_e,1979,20,0.7383673
Resolution 266,Resolution,1999,8,ATCM32_wp014_e,2009,-10,0.6560895442962646,ATCM10_wp052_e,1979,20,0.7338144
Resolution 266,Resolution,1999,9,ATCM44_wp016_e,2022,-23,0.6418454647064209,ATCM32_wp055_e,2009,-10,0.71191186
Resolution 266,Resolution,1999,10,ATCM32_wp055_e,2009,-10,0.6417887806892395,ATCM44_wp016_e,2022,-23,0.6989257
Recommendation 214,Recommendation,1992,1,ATCM17_wp028_rev1_e,1992,0,0.9405004382133484,ATCM17_wp028_rev1_e,1992,0,0.9559155
Recommendation 214,Recommendation,1992,2,ATCM15_wp046_rev2_e,1989,3,0.8156301975250244,ATCM15_wp011_rev2_e,1989,3,0.93393874
Recommendation 214,Recommendation,1992,3,ATCM15_wp006_e,1989,3,0.7931792736053467,ATCM32_wp052_e,2009,-17,0.92765224
Recommendation 214,Recommendation,1992,4,ATCM10_wp026_e,1979,13,0.7713857293128967,ATCM15_wp046_rev2_e,1989,3,0.92679554
Recommendation 214,Recommendation,1992,5,ATCM15_wp011_rev2_e,1989,3,0.7622703909873962,ATCM15_wp006_e,1989,3,0.9223006
Recommendation 214,Recommendation,1992,6,ATCM12_wp019_e,1983,9,0.7593779563903809,ATCM38_wp016_e,2015,-23,0.9192012
Recommendation 214,Recommendation,1992,7,ATCM15_wp042_e,1989,3,0.7483588457107544,ATCM15_wp042_e,1989,3,0.9125745
Recommendation 214,Recommendation,1992,8,ATCM32_wp052_e,2009,-17,0.747901439666748,ATCM31_wp035_e,2008,-16,0.90568995
Recommendation 214,Recommendation,1992,9,ATCM31_wp035_e,2008,-16,0.7446013689041138,ATCM10_wp026_e,1979,13,0.90038973
Recommendation 214,Recommendation,1992,10,ATCM38_wp016_e,2015,-23,0.7422962188720703,ATCM12_wp019_e,1983,9,0.8886042
Measure 540,Measure,2013,1,ATCM42_wp049_e,2019,-6,0.8773114085197449,ATCM42_wp049_e,2019,-6,0.97400314
Measure 540,Measure,2013,2,ATCM46_wp032_e,2024,-11,0.8765285611152649,ATCM36_wp060_e,2013,0,0.97319996
Measure 540,Measure,2013,3,ATCM36_wp060_e,2013,0,0.8764393329620361,ATCM46_wp032_e,2024,-11,0.9727894
Measure 540,Measure,2013,4,ATCM31_wp007_e,2008,5,0.8157263398170471,ATCM31_wp007_e,2008,5,0.961331
Measure 540,Measure,2013,5,ATCM46_wp023_e,2024,-11,0.8103086948394775,ATCM42_wp007_e,2019,-6,0.9146078
Measure 540,Measure,2013,6,ATCM39_wp026_e,2016,-3,0.8084925413131714,ATCM46_wp023_e,2024,-11,0.8836784
Measure 540,Measure,2013,7,ATCM36_wp030_e,2013,0,0.808148980140686,ATCM43_wp045_e,2021,-8,0.8796026
Measure 540,Measure,2013,8,ATCM35_wp060_e,2012,1,0.8080633878707886,ATCM39_wp026_e,2016,-3,0.87939554
Measure 540,Measure,2013,9,ATCM42_wp007_e,2019,-6,0.8026448488235474,ATCM36_wp030_e,2013,0,0.8756169
Measure 540,Measure,2013,10,ATCM43_wp045_e,2021,-8,0.7962850332260132,ATCM35_wp060_e,2012,1,0.8542049
Recommendation 167,Recommendation,1987,1,ATCM14_wp028_e,1987,0,0.7996749877929688,ATCM15_wp069_e,1989,-2,0.94788504
Recommendation 167,Recommendation,1987,2,ATCM39_wp033_e,2016,-29,0.7355121374130249,ATCM7_wp034_rev2_e,1972,15,0.9392704
Recommendation 167,Recommendation,1987,3,ATCM21_wp027_e,1997,-10,0.7036626935005188,ATCM7_wp034_rev3_e,1972,15,0.93677264
Recommendation 167,Recommendation,1987,4,ATCM5_wp031_rev1_e,1968,19,0.7022054195404053,ATCM14_wp028_e,1987,0,0.9281097
Recommendation 167,Recommendation,1987,5,ATCM42_wp022_e,2019,-32,0.6988871097564697,ATCM16_wp039_e,1991,-4,0.9144456
Recommendation 167,Recommendation,1987,6,ATCM15_wp069_e,1989,-2,0.6952418684959412,ATCM39_wp033_e,2016,-29,0.91057724
Recommendation 167,Recommendation,1987,7,ATCM17_wp027_rev2_e,1992,-5,0.6933494806289673,ATCM5_wp031_rev1_e,1968,19,0.8872437
Recommendation 167,Recommendation,1987,8,ATCM16_wp039_e,1991,-4,0.6904305219650269,ATCM17_wp027_rev2_e,1992,-5,0.8622821
Recommendation 167,Recommendation,1987,9,ATCM7_wp034_rev3_e,1972,15,0.6890039443969727,ATCM21_wp027_e,1997,-10,0.8410961
Recommendation 167,Recommendation,1987,10,ATCM7_wp034_rev2_e,1972,15,0.688891589641571,ATCM42_wp022_e,2019,-32,0.8320184
nan 315,Untyped,1988,1,ATCM14_wp003_e,1987,1,0.7303361892700195,ATCM3_wp014_e,1964,24,0.87129974
nan 315,Untyped,1988,2,ATCM11_wp036_e,1981,7,0.7283335328102112,ATCM14_wp003_e,1987,1,0.87020063
nan 315,Untyped,1988,3,ATCM12_wp027_rev1_e,1983,5,0.7277353405952454,ATCM3_wp025_rev2_e,1964,24,0.85614
nan 315,Untyped,1988,4,ATCM3_wp022_rev1_e,1964,24,0.7225379943847656,ATCM3_wp022_rev1_e,1964,24,0.84317327
nan 315,Untyped,1988,5,ATCM12_wp008_e,1983,5,0.7224137783050537,ATCM11_wp036_e,1981,7,0.8179237
nan 315,Untyped,1988,6,ATCM12_wp024_rev1_e,1983,5,0.7185495495796204,ATCM12_wp008_e,1983,5,0.8155852
nan 315,Untyped,1988,7,ATCM3_wp014_e,1964,24,0.7183777093887329,ATCM12_wp024_rev1_e,1983,5,0.8072176
nan 315,Untyped,1988,8,ATCM8_wp051_e,1975,13,0.7168440818786621,ATCM8_wp051_e,1975,13,0.77294225
nan 315,Untyped,1988,9,ATCM12_wp011_e,1983,5,0.7161794900894165,ATCM12_wp027_rev1_e,1983,5,0.7660137
nan 315,Untyped,1988,10,ATCM3_wp025_rev2_e,1964,24,0.7154134511947632,ATCM12_wp011_e,1983,5,0.76178664
Measure 218,Measure,1995,1,ATCM26_wp030_e,2003,-8,0.8528751134872437,ATCM43_wp054_e,2021,-26,0.92933786
Measure 218,Measure,1995,2,ATCM27_wp018_e,2004,-9,0.804723858833313,ATCM26_wp030_e,2003,-8,0.9211025
Measure 218,Measure,1995,3,ATCM28_wp021_rev1_e,2005,-10,0.8031169176101685,ATCM39_wp036_e,2016,-21,0.9084475
Measure 218,Measure,1995,4,ATCM43_wp054_e,2021,-26,0.7815737128257751,ATCM27_wp018_e,2004,-9,0.90552294
Measure 218,Measure,1995,5,ATCM4_wp042_rev2_e,1966,29,0.7659796476364136,ATCM28_wp021_rev1_e,2005,-10,0.88246834
Measure 218,Measure,1995,6,ATCM4_wp038_e,1966,29,0.7498016357421875,ATCM4_wp042_rev2_e,1966,29,0.86088455
Measure 218,Measure,1995,7,ATCM4_wp028_e,1966,29,0.7494198083877563,ATCM4_wp028_e,1966,29,0.8477662
Measure 218,Measure,1995,8,ATCM4_wp042_rev1_e,1966,29,0.7492234110832214,ATCM4_wp042_rev1_e,1966,29,0.84522843
Measure 218,Measure,1995,9,ATCM39_wp036_e,2016,-21,0.7481179237365723,ATCM4_wp047_rev1_e,1966,29,0.83419085
Measure 218,Measure,1995,10,ATCM4_wp047_rev1_e,1966,29,0.747542142868042,ATCM4_wp038_e,1966,29,0.83256364
Measure 239,Measure,1997,1,ATCM43_wp022_e,2021,-24,0.8539415597915649,ATCM43_wp022_e,2021,-24,0.9453187
Measure 239,Measure,1997,2,ATCM33_wp031_e,2010,-13,0.8252530694007874,ATCM33_wp031_e,2010,-13,0.94511634
Measure 239,Measure,1997,3,ATCM4_wp052_rev1_e,1966,31,0.8235381245613098,ATCM21_wp005_rev2_e,1997,0,0.9446076
Measure 239,Measure,1997,4,ATCM4_wp052_e,1966,31,0.8198887705802917,ATCM4_wp052_rev1_e,1966,31,0.9199595
Measure 239,Measure,1997,5,ATCM15_wp039_e,1989,8,0.8089677095413208,ATCM28_wp042_e,2005,-8,0.91380835
Measure 239,Measure,1997,6,ATCM28_wp042_e,2005,-8,0.8016088008880615,ATCM15_wp053_e,1989,8,0.91061693
Measure 239,Measure,1997,7,ATCM15_wp053_e,1989,8,0.800768256187439,ATCM15_wp039_e,1989,8,0.9043046
Measure 239,Measure,1997,8,ATCM15_wp032_rev1_e,1989,8,0.8003463745117188,ATCM15_wp032_rev1_e,1989,8,0.87877274
Measure 239,Measure,1997,9,ATCM37_wp054_e,2014,-17,0.7954256534576416,ATCM37_wp054_e,2014,-17,0.8756169
Measure 239,Measure,1997,10,ATCM21_wp005_rev2_e,1997,0,0.7815139293670654,ATCM4_wp052_e,1966,31,0.87433493
Measure 376,Measure,2007,1,ATCM43_wp031_e,2021,-14,0.8185297846794128,ATCM30_wp008_e,2007,0,0.9453187
Measure 376,Measure,2007,2,ATCM37_wp021_e,2014,-7,0.8129806518554688,ATCM40_wp014_rev1_e,2017,-10,0.94440293
Measure 376,Measure,2007,3,ATCM30_wp008_e,2007,0,0.8016958236694336,ATCM29_wp008_e,2006,1,0.9401556
Measure 376,Measure,2007,4,ATCM40_wp014_rev1_e,2017,-10,0.7678287029266357,ATCM28_wp027_rev1_e,2005,2,0.9363083
Measure 376,Measure,2007,5,ATCM30_wp003_e,2007,0,0.7626968026161194,ATCM37_wp021_e,2014,-7,0.936075
Measure 376,Measure,2007,6,ATCM28_wp027_rev1_e,2005,2,0.7613193392753601,ATCM43_wp031_e,2021,-14,0.9309872
Measure 376,Measure,2007,7,ATCM36_wp063_e,2013,-6,0.7562367916107178,ATCM30_wp003_e,2007,0,0.9283699
Measure 376,Measure,2007,8,ATCM20_wp016_e,1996,11,0.7477867007255554,ATCM34_wp057_e,2011,-4,0.9044735
Measure 376,Measure,2007,9,ATCM29_wp008_e,2006,1,0.7447638511657715,ATCM36_wp063_e,2013,-6,0.9036689
Measure 376,Measure,2007,10,ATCM34_wp057_e,2011,-4,0.732742428779602,ATCM20_wp016_e,1996,11,0.89109284
Resolution 496,Resolution,2011,1,ATCM27_wp026_e,2004,7,0.8078207969665527,ATCM43_wp011_e,2021,-10,0.96545935
Resolution 496,Resolution,2011,2,ATCM32_wp009_e,2009,2,0.8065458536148071,ATCM18_wp019_e,1994,17,0.9510695
Resolution 496,Resolution,2011,3,ATCM18_wp019_e,1994,17,0.800621509552002,ATCM32_wp009_e,2009,2,0.9401556
Resolution 496,Resolution,2011,4,ATCM8_wp018_e,1975,36,0.7963483929634094,ATCM17_wp003_e,1992,19,0.93381816
Resolution 496,Resolution,2011,5,ATCM17_wp003_e,1992,19,0.795431911945343,ATCM27_wp026_e,2004,7,0.9214566
Resolution 496,Resolution,2011,6,ATCM6_wp025_rev1_e,1970,41,0.7939853072166443,ATCM7_wp051_rev1_e,1972,39,0.91847295
Resolution 496,Resolution,2011,7,ATCM43_wp011_e,2021,-10,0.7939028739929199,ATCM46_wp052_e,2024,-13,0.90836626
Resolution 496,Resolution,2011,8,ATCM46_wp052_e,2024,-13,0.7922516465187073,ATCM6_wp025_rev1_e,1970,41,0.9043468
Resolution 496,Resolution,2011,9,ATCM7_wp051_rev1_e,1972,39,0.7919521331787109,ATCM8_wp018_e,1975,36,0.8992453
Resolution 496,Resolution,2011,10,ATCM34_wp046_e,2011,0,0.7888986468315125,ATCM34_wp046_e,2011,0,0.8854731
Recommendation 203,Recommendation,1991,1,ATCM16_wp019_e,1991,0,0.8810534477233887,ATCM16_wp019_e,1991,0,0.98467004
Recommendation 203,Recommendation,1991,2,ATCM4_wp042_rev2_e,1966,25,0.8409995436668396,ATCM16_wp054_rev1_e,1991,0,0.9523265
Recommendation 203,Recommendation,1991,3,ATCM4_wp042_rev1_e,1966,25,0.8407491445541382,ATCM16_wp057_e,1991,0,0.9480776
Recommendation 203,Recommendation,1991,4,ATCM16_wp057_e,1991,0,0.8193720579147339,ATCM16_wp054_e,1991,0,0.94691175
Recommendation 203,Recommendation,1991,5,ATCM16_wp054_e,1991,0,0.8161547780036926,ATCM4_wp042_rev2_e,1966,25,0.933212
Recommendation 203,Recommendation,1991,6,ATCM16_wp054_rev1_e,1991,0,0.8128150701522827,ATCM28_wp042_e,2005,-14,0.92765224
Recommendation 203,Recommendation,1991,7,ATCM4_wp042_e,1966,25,0.812131941318512,ATCM4_wp049_e,1966,25,0.91839975
Recommendation 203,Recommendation,1991,8,ATCM4_wp049_e,1966,25,0.8021388649940491,ATCM4_wp042_rev1_e,1966,25,0.91523486
Recommendation 203,Recommendation,1991,9,ATCM28_wp042_e,2005,-14,0.8009442090988159,ATCM4_wp042_e,1966,25,0.91210103
Recommendation 203,Recommendation,1991,10,ATCM24_wp033_e,2001,-10,0.7964740991592407,ATCM24_wp033_e,2001,-10,0.9002144
Measure 534,Measure,2013,1,ATCM47_wp011_e,2025,-12,0.8804532289505005,ATCM47_wp011_e,2025,-12,0.981138
Measure 534,Measure,2013,2,ATCM31_wp031_e,2008,5,0.8206266164779663,ATCM36_wp036_e,2013,0,0.9586308
Measure 534,Measure,2013,3,ATCM35_wp044_e,2012,1,0.8197371959686279,ATCM31_wp031_e,2008,5,0.9503373
Measure 534,Measure,2013,4,ATCM35_wp060_e,2012,1,0.8141396045684814,ATCM46_wp026_e,2024,-11,0.9245107
Measure 534,Measure,2013,5,ATCM46_wp023_e,2024,-11,0.8134387135505676,ATCM46_wp027_e,2024,-11,0.9189469
Measure 534,Measure,2013,6,ATCM36_wp036_e,2013,0,0.8096950054168701,ATCM45_wp054_rev1_e,2023,-10,0.9179228
Measure 534,Measure,2013,7,ATCM36_wp059_e,2013,0,0.8067516088485718,ATCM36_wp059_e,2013,0,0.91511166
Measure 534,Measure,2013,8,ATCM46_wp027_e,2024,-11,0.8005626201629639,ATCM35_wp044_e,2012,1,0.91397643
Measure 534,Measure,2013,9,ATCM46_wp026_e,2024,-11,0.7996766567230225,ATCM46_wp023_e,2024,-11,0.9082849
Measure 534,Measure,2013,10,ATCM45_wp054_rev1_e,2023,-10,0.7988771796226501,ATCM35_wp060_e,2012,1,0.8925063
Measure 546,Measure,2013,1,ATCM36_wp062_e,2013,0,0.8925677537918091,ATCM36_wp062_e,2013,0,0.9671134
Measure 546,Measure,2013,2,ATCM21_wp004_rev1_e,1997,16,0.7177682518959045,ATCM26_wp017_rev1_e,2003,10,0.9344191
Measure 546,Measure,2013,3,ATCM21_wp003_e,1997,16,0.7165318727493286,ATCM21_wp003_e,1997,16,0.86088455
Measure 546,Measure,2013,4,ATCM5_wp031_rev1_e,1968,45,0.7128859162330627,ATCM15_wp069_e,1989,24,0.84927243
Measure 546,Measure,2013,5,ATCM5_wp031_e,1968,45,0.7088218927383423,ATCM15_wp041_e,1989,24,0.84317327
Measure 546,Measure,2013,6,ATCM5_wp032_e,1968,45,0.7040908336639404,ATCM5_wp031_e,1968,45,0.8352686
Measure 546,Measure,2013,7,ATCM15_wp041_e,1989,24,0.7005364894866943,ATCM5_wp031_rev1_e,1968,45,0.8264878
Measure 546,Measure,2013,8,ATCM15_wp069_e,1989,24,0.6968722343444824,ATCM21_wp004_rev1_e,1997,16,0.8059989
Measure 546,Measure,2013,9,ATCM5_wp039_e,1968,45,0.6963828206062317,ATCM5_wp032_e,1968,45,0.7928494
Measure 546,Measure,2013,10,ATCM26_wp017_rev1_e,2003,10,0.688410758972168,ATCM5_wp039_e,1968,45,0.79027146
Recommendation 5,Recommendation,1961,1,ATCM1_wp005_e,1961,0,0.8920135498046875,ATCM1_wp005_e,1961,0,0.96785074
Recommendation 5,Recommendation,1961,2,ATCM10_wp026_e,1979,-18,0.8312439918518066,ATCM10_wp026_e,1979,-18,0.9448117
Recommendation 5,Recommendation,1961,3,ATCM12_wp019_e,1983,-22,0.818456768989563,ATCM1_wp019_e,1961,0,0.93746316
Recommendation 5,Recommendation,1961,4,ATCM1_wp019_e,1961,0,0.8059747219085693,ATCM12_wp028_rev1_e,1983,-22,0.91521597
Recommendation 5,Recommendation,1961,5,ATCM15_wp006_e,1989,-28,0.8057066202163696,ATCM1_wp003_e,1961,0,0.9098589
Recommendation 5,Recommendation,1961,6,ATCM15_wp046_rev2_e,1989,-28,0.8041197657585144,ATCM15_wp046_rev2_e,1989,-28,0.90812206
Recommendation 5,Recommendation,1961,7,ATCM12_wp020_e,1983,-22,0.7982422113418579,ATCM15_wp006_e,1989,-28,0.8939036
Recommendation 5,Recommendation,1961,8,ATCM1_wp003_e,1961,0,0.7976772785186768,ATCM12_wp019_e,1983,-22,0.87476355
Recommendation 5,Recommendation,1961,9,ATCM12_wp028_rev1_e,1983,-22,0.7884382009506226,ATCM12_wp020_e,1983,-22,0.8677546
Recommendation 5,Recommendation,1961,10,ATCM1_wp033_e,1961,0,0.7680559158325195,ATCM1_wp033_e,1961,0,0.8527394
Measure 509,Measure,2012,1,ATCM44_wp046_e,2022,-10,0.8528033494949341,ATCM42_wp056_e,2019,-7,0.9773362
Measure 509,Measure,2012,2,ATCM42_wp056_e,2019,-7,0.8460846543312073,ATCM35_wp042_e,2012,0,0.9695095
Measure 509,Measure,2012,3,ATCM28_wp020_e,2005,7,0.8418574929237366,ATCM28_wp020_e,2005,7,0.93949276
Measure 509,Measure,2012,4,ATCM27_wp013_e,2004,8,0.8374572992324829,ATCM35_wp054_e,2012,0,0.93247795
Measure 509,Measure,2012,5,ATCM35_wp042_e,2012,0,0.8333220481872559,ATCM34_wp023_e,2011,1,0.93054664
Measure 509,Measure,2012,6,ATCM40_wp008_e,2017,-5,0.8306748270988464,ATCM27_wp013_e,2004,8,0.9192012
Measure 509,Measure,2012,7,ATCM34_wp023_e,2011,1,0.8304945826530457,ATCM40_wp008_e,2017,-5,0.910019
Measure 509,Measure,2012,8,ATCM35_wp054_e,2012,0,0.8141971826553345,ATCM44_wp046_e,2022,-10,0.9094778
Measure 509,Measure,2012,9,ATCM45_wp059_e,2023,-11,0.7969075441360474,ATCM45_wp059_e,2023,-11,0.86685556
Measure 509,Measure,2012,10,ATCM43_wp020_e,2021,-9,0.796133279800415,ATCM43_wp020_e,2021,-9,0.8546907
Measure 536,Measure,2013,1,ATCM46_wp064_e,2024,-11,0.8708924055099487,ATCM42_wp053_e,2019,-6,0.981282
Measure 536,Measure,2013,2,ATCM35_wp002_e,2012,1,0.8676135540008545,ATCM35_wp002_e,2012,1,0.9797918
Measure 536,Measure,2013,3,ATCM42_wp053_e,2019,-6,0.8638143539428711,ATCM46_wp064_e,2024,-11,0.97963655
Measure 536,Measure,2013,4,ATCM16_wp012_e,1991,22,0.8434349298477173,ATCM16_wp012_e,1991,22,0.9344191
Measure 536,Measure,2013,5,ATCM38_wp026_e,2015,-2,0.7917725443840027,ATCM38_wp026_e,2015,-2,0.9155185
Measure 536,Measure,2013,6,ATCM37_wp054_e,2014,-1,0.7917071580886841,ATCM37_wp052_e,2014,-1,0.9096184
Measure 536,Measure,2013,7,ATCM44_wp043_e,2022,-9,0.790596604347229,ATCM37_wp058_rev1_e,2014,-1,0.9051044
Measure 536,Measure,2013,8,ATCM37_wp052_e,2014,-1,0.7877157926559448,ATCM37_wp054_e,2014,-1,0.90493655
Measure 536,Measure,2013,9,ATCM35_wp060_e,2012,1,0.7872493267059326,ATCM44_wp043_e,2022,-9,0.8854731
Measure 536,Measure,2013,10,ATCM37_wp058_rev1_e,2014,-1,0.7859102487564087,ATCM35_wp060_e,2012,1,0.877938
Decision 336,Decision,2005,1,ATCM28_wp070_e,2005,0,0.9520041346549988,ATCM28_wp070_e,2005,0,0.9710852
Decision 336,Decision,2005,2,ATCM38_wp036_e,2015,-10,0.9032613039016724,ATCM38_wp036_e,2015,-10,0.9537254
Decision 336,Decision,2005,3,ATCM28_wp048_rev3_e,2005,0,0.8541380763053894,ATCM45_wp030_rev2_e,2023,-18,0.94710773
Decision 336,Decision,2005,4,ATCM45_wp030_rev2_e,2023,-18,0.8516668081283569,ATCM27_wp006_e,2004,1,0.9438879
Decision 336,Decision,2005,5,ATCM17_wp008_e,1992,13,0.8412516117095947,ATCM38_wp033_e,2015,-10,0.9417828
Decision 336,Decision,2005,6,ATCM17_wp011_e,1992,13,0.8389606475830078,ATCM26_wp033_e,2003,2,0.9400456
Decision 336,Decision,2005,7,ATCM38_wp033_e,2015,-10,0.8367151021957397,ATCM28_wp049_e,2005,0,0.92830485
Decision 336,Decision,2005,8,ATCM26_wp033_e,2003,2,0.8323215842247009,ATCM28_wp048_rev3_e,2005,0,0.9280445
Decision 336,Decision,2005,9,ATCM28_wp049_e,2005,0,0.8315533399581909,ATCM17_wp008_e,1992,13,0.89906824
Decision 336,Decision,2005,10,ATCM27_wp006_e,2004,1,0.830498218536377,ATCM17_wp011_e,1992,13,0.89862424
Measure 216,Measure,1995,1,ATCM44_wp040_e,2022,-27,0.8626090288162231,ATCM16_wp019_e,1991,4,0.96303636
Measure 216,Measure,1995,2,ATCM30_wp031_e,2007,-12,0.8485501408576965,ATCM30_wp031_e,2007,-12,0.9501526
Measure 216,Measure,1995,3,ATCM35_wp009_e,2012,-17,0.8478841781616211,ATCM35_wp009_e,2012,-17,0.930167
Measure 216,Measure,1995,4,ATCM28_wp042_e,2005,-10,0.8421906232833862,ATCM15_wp039_e,1989,6,0.92991287
Measure 216,Measure,1995,5,ATCM44_wp042_e,2022,-27,0.8400563597679138,ATCM44_wp042_e,2022,-27,0.91912866
Measure 216,Measure,1995,6,ATCM40_wp012_rev1_e,2017,-22,0.838028073310852,ATCM40_wp007_rev1_e,2017,-22,0.91762805
Measure 216,Measure,1995,7,ATCM40_wp007_rev1_e,2017,-22,0.8265782594680786,ATCM40_wp012_rev1_e,2017,-22,0.9163083
Measure 216,Measure,1995,8,ATCM16_wp019_e,1991,4,0.8263828158378601,ATCM44_wp040_e,2022,-27,0.9159519
Measure 216,Measure,1995,9,ATCM35_wp010_e,2012,-17,0.8261336088180542,ATCM35_wp010_e,2012,-17,0.91141844
Measure 216,Measure,1995,10,ATCM15_wp039_e,1989,6,0.8203221559524536,ATCM28_wp042_e,2005,-10,0.90143585
Measure 461,Measure,2010,1,ATCM33_wp035_e,2010,0,0.870536744594574,ATCM33_wp035_e,2010,0,0.97258186
Measure 461,Measure,2010,2,ATCM43_wp026_rev1_e,2021,-11,0.8625314235687256,ATCM43_wp026_rev1_e,2021,-11,0.9719499
Measure 461,Measure,2010,3,ATCM38_wp026_e,2015,-5,0.8529976010322571,ATCM38_wp026_e,2015,-5,0.9550851
Measure 461,Measure,2010,4,ATCM43_wp023_rev1_e,2021,-11,0.8171819448471069,ATCM47_wp009_e,2025,-15,0.9217741
Measure 461,Measure,2010,5,ATCM46_wp023_e,2024,-14,0.8076047301292419,ATCM37_wp052_e,2014,-4,0.90759104
Measure 461,Measure,2010,6,ATCM47_wp009_e,2025,-15,0.8063278794288635,ATCM33_wp033_e,2010,0,0.9053139
Measure 461,Measure,2010,7,ATCM43_wp024_rev1_e,2021,-11,0.8038707971572876,ATCM35_wp044_e,2012,-2,0.90260106
Measure 461,Measure,2010,8,ATCM33_wp033_e,2010,0,0.8000476360321045,ATCM43_wp023_rev1_e,2021,-11,0.8961969
Measure 461,Measure,2010,9,ATCM37_wp052_e,2014,-4,0.7977567911148071,ATCM43_wp024_rev1_e,2021,-11,0.89222497
Measure 461,Measure,2010,10,ATCM35_wp044_e,2012,-2,0.7962933778762817,ATCM46_wp023_e,2024,-14,0.8850764
Resolution 524,Resolution,2012,1,ATCM34_wp037_e,2011,1,0.8622225522994995,ATCM34_wp037_e,2011,1,0.967361
Resolution 524,Resolution,2012,2,ATCM35_wp017_rev1_e,2012,0,0.8597419857978821,ATCM35_wp017_rev1_e,2012,0,0.95784926
Resolution 524,Resolution,2012,3,ATCM40_wp023_e,2017,-5,0.7831377983093262,ATCM33_wp001_e,2010,2,0.9171098
Resolution 524,Resolution,2012,4,ATCM38_wp018_e,2015,-3,0.7757900953292847,ATCM38_wp018_e,2015,-3,0.90272975
Resolution 524,Resolution,2012,5,ATCM34_wp020_e,2011,1,0.7749142050743103,ATCM40_wp023_e,2017,-5,0.88124746
Resolution 524,Resolution,2012,6,ATCM33_wp068_rev1_e,2010,2,0.7745015621185303,ATCM33_wp068_rev1_e,2010,2,0.88104296
Resolution 524,Resolution,2012,7,ATCM33_wp001_e,2010,2,0.7723784446716309,ATCM31_wp036_e,2008,4,0.8706413
Resolution 524,Resolution,2012,8,ATCM31_wp036_e,2008,4,0.7613166570663452,ATCM30_wp023_e,2007,5,0.86088455
Resolution 524,Resolution,2012,9,ATCM30_wp023_e,2007,5,0.759975790977478,ATCM30_wp006_e,2007,5,0.85517514
Resolution 524,Resolution,2012,10,ATCM30_wp006_e,2007,5,0.754637598991394,ATCM34_wp020_e,2011,1,0.8517556
Measure 250,Measure,1998,1,ATCM22_wp021_e,1998,0,0.8722676038742065,ATCM26_wp017_e,2003,-5,0.9365409
Measure 250,Measure,1998,2,ATCM26_wp017_rev1_e,2003,-5,0.7323690056800842,ATCM26_wp017_rev1_e,2003,-5,0.936075
Measure 250,Measure,1998,3,ATCM26_wp017_e,2003,-5,0.7292672991752625,ATCM22_wp021_e,1998,0,0.9312377
Measure 250,Measure,1998,4,ATCM43_wp001_e,2021,-23,0.7206521034240723,ATCM30_wp038_e,2007,-9,0.9062307
Measure 250,Measure,1998,5,ATCM39_wp033_e,2016,-18,0.7203314304351807,ATCM14_wp028_e,1987,11,0.8781472
Measure 250,Measure,1998,6,ATCM21_wp027_e,1997,1,0.7138006091117859,ATCM15_wp069_e,1989,9,0.8697588
Measure 250,Measure,1998,7,ATCM30_wp038_e,2007,-9,0.7111713886260986,ATCM5_wp031_rev1_e,1968,30,0.8410961
Measure 250,Measure,1998,8,ATCM15_wp069_e,1989,9,0.7051254510879517,ATCM43_wp001_e,2021,-23,0.8053874
Measure 250,Measure,1998,9,ATCM14_wp028_e,1987,11,0.7043308019638062,ATCM21_wp027_e,1997,1,0.7889737
Measure 250,Measure,1998,10,ATCM5_wp031_rev1_e,1968,30,0.6989173293113708,ATCM39_wp033_e,2016,-18,0.77294225
Resolution 477,Resolution,2010,1,ATCM33_wp037_e,2010,0,0.9025001525878906,ATCM33_wp037_e,2010,0,0.9825308
Resolution 477,Resolution,2010,2,ATCM21_wp016_e,1997,13,0.8357415199279785,ATCM33_wp001_e,2010,0,0.95575064
Resolution 477,Resolution,2010,3,ATCM30_wp014_rev1_e,2007,3,0.8216817378997803,ATCM31_wp036_e,2008,2,0.92888767
Resolution 477,Resolution,2010,4,ATCM20_wp009_e,1996,14,0.7906228303909302,ATCM31_wp022_e,2008,2,0.92765224
Resolution 477,Resolution,2010,5,ATCM38_wp051_e,2015,-5,0.7870272397994995,ATCM30_wp014_rev1_e,2007,3,0.92078257
Resolution 477,Resolution,2010,6,ATCM31_wp036_e,2008,2,0.7783244848251343,ATCM21_wp016_e,1997,13,0.9155185
Resolution 477,Resolution,2010,7,ATCM31_wp022_e,2008,2,0.7775485515594482,ATCM38_wp051_e,2015,-5,0.91035825
Resolution 477,Resolution,2010,8,ATCM23_wp040_e,1999,11,0.777285099029541,ATCM20_wp009_e,1996,14,0.87877274
Resolution 477,Resolution,2010,9,ATCM33_wp001_e,2010,0,0.7752432823181152,ATCM23_wp040_e,1999,11,0.8442036
Resolution 477,Resolution,2010,10,ATCM22_wp017_e,1998,12,0.7737134695053101,ATCM22_wp017_e,1998,12,0.8173413
Measure 377,Measure,2007,1,ATCM34_wp059_e,2011,-4,0.8654834628105164,ATCM30_wp041_e,2007,0,0.9821239
Measure 377,Measure,2007,2,ATCM30_wp041_e,2007,0,0.8412555456161499,ATCM34_wp059_e,2011,-4,0.96597666
Measure 377,Measure,2007,3,ATCM15_wp041_e,1989,18,0.7484995126724243,ATCM7_wp034_rev2_e,1972,35,0.9441975
Measure 377,Measure,2007,4,ATCM15_wp069_e,1989,18,0.747685432434082,ATCM7_wp034_rev1_e,1972,35,0.93825984
Measure 377,Measure,2007,5,ATCM6_wp005_rev1_e,1970,37,0.7419952750205994,ATCM15_wp069_e,1989,18,0.9110433
Measure 377,Measure,2007,6,ATCM5_wp039_e,1968,39,0.7389897108078003,ATCM15_wp041_e,1989,18,0.9041354
Measure 377,Measure,2007,7,ATCM17_wp027_rev2_e,1992,15,0.7386366128921509,ATCM6_wp005_rev1_e,1970,37,0.89574176
Measure 377,Measure,2007,8,ATCM7_wp034_rev1_e,1972,35,0.7355106472969055,ATCM17_wp027_rev2_e,1992,15,0.87939554
Measure 377,Measure,2007,9,ATCM7_wp034_rev2_e,1972,35,0.7311202883720398,ATCM7_wp018_e,1972,35,0.8745494
Measure 377,Measure,2007,10,ATCM7_wp018_e,1972,35,0.7307608127593994,ATCM5_wp039_e,1968,39,0.86181754
Resolution 495,Resolution,2011,1,ATCM28_wp042_e,2005,6,0.8245843648910522,ATCM22_wp005_e,1998,13,0.96015245
Resolution 495,Resolution,2011,2,ATCM37_wp054_e,2014,-3,0.8232293128967285,ATCM28_wp042_e,2005,6,0.9357234
Resolution 495,Resolution,2011,3,ATCM15_wp032_rev1_e,1989,22,0.8153283596038818,ATCM36_wp059_e,2013,-2,0.935015
Resolution 495,Resolution,2011,4,ATCM36_wp059_e,2013,-2,0.8088834881782532,ATCM35_wp044_e,2012,-1,0.9284348
Resolution 495,Resolution,2011,5,ATCM22_wp003_e,1998,13,0.8075471520423889,ATCM41_wp031_e,2018,-7,0.92639697
Resolution 495,Resolution,2011,6,ATCM22_wp005_e,1998,13,0.8066869974136353,ATCM37_wp054_e,2014,-3,0.9251894
Resolution 495,Resolution,2011,7,ATCM35_wp044_e,2012,-1,0.8066500425338745,ATCM22_wp003_e,1998,13,0.917017
Resolution 495,Resolution,2011,8,ATCM15_wp039_e,1989,22,0.800312876701355,ATCM26_wp028_e,2003,8,0.90117526
Resolution 495,Resolution,2011,9,ATCM26_wp028_e,2003,8,0.7988278269767761,ATCM15_wp039_e,1989,22,0.8907132
Resolution 495,Resolution,2011,10,ATCM41_wp031_e,2018,-7,0.795428991317749,ATCM15_wp032_rev1_e,1989,22,0.85517514
Measure 538,Measure,2013,1,ATCM36_wp030_e,2013,0,0.9144310355186462,ATCM36_wp030_e,2013,0,0.96996796
Measure 538,Measure,2013,2,ATCM45_wp028_rev1_e,2023,-10,0.8889192342758179,ATCM45_wp028_rev1_e,2023,-10,0.9692777
Measure 538,Measure,2013,3,ATCM41_wp015_e,2018,-5,0.8524962067604065,ATCM41_wp015_e,2018,-5,0.9555851
Measure 538,Measure,2013,4,ATCM31_wp025_rev1_e,2008,5,0.833737850189209,ATCM31_wp025_rev1_e,2008,5,0.9538974
Measure 538,Measure,2013,5,ATCM38_wp026_e,2015,-2,0.8184077739715576,ATCM38_wp026_e,2015,-2,0.92606336
Measure 538,Measure,2013,6,ATCM46_wp023_e,2024,-11,0.8105475902557373,ATCM46_wp012_rev1_e,2024,-11,0.9167006
Measure 538,Measure,2013,7,ATCM33_wp033_e,2010,3,0.8028849363327026,ATCM33_wp033_e,2010,3,0.9012622
Measure 538,Measure,2013,8,ATCM39_wp026_e,2016,-3,0.8007342219352722,ATCM39_wp026_e,2016,-3,0.894458
Measure 538,Measure,2013,9,ATCM35_wp060_e,2012,1,0.7990587949752808,ATCM46_wp023_e,2024,-11,0.8901415
Measure 538,Measure,2013,10,ATCM46_wp012_rev1_e,2024,-11,0.7983337640762329,ATCM35_wp060_e,2012,1,0.8699799
Decision 379,Decision,2007,1,ATCM27_wp047_rev1_e,2004,3,0.8227308988571167,ATCM27_wp047_rev1_e,2004,3,0.94940734
Decision 379,Decision,2007,2,ATCM31_wp063_rev1_e,2008,-1,0.7839366793632507,ATCM31_wp063_rev1_e,2008,-1,0.9417828
Decision 379,Decision,2007,3,ATCM31_wp063_e,2008,-1,0.782028317451477,ATCM31_wp063_e,2008,-1,0.94102865
Decision 379,Decision,2007,4,ATCM39_wp042_e,2016,-9,0.7701196670532227,ATCM46_wp017_e,2024,-17,0.9212798
Decision 379,Decision,2007,5,ATCM46_wp017_e,2024,-17,0.7504497766494751,ATCM39_wp042_e,2016,-9,0.9203541
Decision 379,Decision,2007,6,ATCM26_wp041_e,2003,4,0.690108060836792,ATCM25_wp042_e,2002,5,0.89109284
Decision 379,Decision,2007,7,ATCM25_wp042_e,2002,5,0.6859811544418335,ATCM24_wp037_e,2001,6,0.87604177
Decision 379,Decision,2007,8,ATCM18_wp008_e,1994,13,0.6650644540786743,ATCM26_wp041_e,2003,4,0.86595124
Decision 379,Decision,2007,9,ATCM25_wp044_e,2002,5,0.6624278426170349,ATCM25_wp044_e,2002,5,0.84826964
Decision 379,Decision,2007,10,ATCM24_wp037_e,2001,6,0.6527079343795776,ATCM18_wp008_e,1994,13,0.82927084
Measure 544,Measure,2013,1,ATCM36_wp023_e,2013,0,0.8836044073104858,ATCM36_wp023_e,2013,0,0.98099285
Measure 544,Measure,2013,2,ATCM35_wp036_e,2012,1,0.6898332834243774,ATCM35_wp036_e,2012,1,0.936075
Measure 544,Measure,2013,3,ATCM15_wp041_e,1989,24,0.6676456928253174,ATCM7_wp034_rev2_e,1972,41,0.9253245
Measure 544,Measure,2013,4,ATCM6_wp009_e,1970,43,0.6570045351982117,ATCM7_wp034_rev1_e,1972,41,0.9247828
Measure 544,Measure,2013,5,ATCM7_wp034_rev2_e,1972,41,0.6561084985733032,ATCM7_wp034_rev3_e,1972,41,0.9150832
Measure 544,Measure,2013,6,ATCM7_wp034_rev1_e,1972,41,0.6544002294540405,ATCM6_wp009_e,1970,43,0.895924
Measure 544,Measure,2013,7,ATCM34_wp051_e,2011,2,0.6483581066131592,ATCM15_wp069_e,1989,24,0.8657243
Measure 544,Measure,2013,8,ATCM7_wp034_rev3_e,1972,41,0.6443527936935425,ATCM15_wp041_e,1989,24,0.8622821
Measure 544,Measure,2013,9,ATCM36_wp018_rev1_e,2013,0,0.642484188079834,ATCM36_wp018_rev1_e,2013,0,0.85709965
Measure 544,Measure,2013,10,ATCM15_wp069_e,1989,24,0.6383647322654724,ATCM34_wp051_e,2011,2,0.8029266
Recommendation 136,Recommendation,1983,1,ATCM10_wp025_e,1979,4,0.9261819124221802,ATCM10_wp025_e,1979,4,0.9530308
Recommendation 136,Recommendation,1983,2,ATCM10_wp025_rev1_e,1979,4,0.9180192947387695,ATCM10_wp025_rev1_e,1979,4,0.9523265
Recommendation 136,Recommendation,1983,3,ATCM12_wp022_e,1983,0,0.9154374599456787,ATCM12_wp022_e,1983,0,0.951612
Recommendation 136,Recommendation,1983,4,ATCM10_wp025_rev2_e,1979,4,0.9035177826881409,ATCM10_wp025_rev4_e,1979,4,0.9484609
Recommendation 136,Recommendation,1983,5,ATCM10_wp025_rev3_e,1979,4,0.9022606611251831,ATCM10_wp025_rev3_e,1979,4,0.94788504
Recommendation 136,Recommendation,1983,6,ATCM10_wp025_rev4_e,1979,4,0.9008169174194336,ATCM10_wp025_rev2_e,1979,4,0.9474978
Recommendation 136,Recommendation,1983,7,ATCM12_wp015_e,1983,0,0.894027829170227,ATCM10_wp006_rev1_e,1979,4,0.93393874
Recommendation 136,Recommendation,1983,8,ATCM12_wp005_e,1983,0,0.8694630861282349,ATCM12_wp003_e,1983,0,0.930167
Recommendation 136,Recommendation,1983,9,ATCM12_wp003_e,1983,0,0.8669595122337341,ATCM12_wp015_e,1983,0,0.92972165
Recommendation 136,Recommendation,1983,10,ATCM10_wp006_rev1_e,1979,4,0.8627712726593018,ATCM12_wp005_e,1983,0,0.9269279
Measure 570,Measure,2014,1,ATCM47_wp010_e,2025,-11,0.8563657402992249,ATCM47_wp010_e,2025,-11,0.98198617
Measure 570,Measure,2014,2,ATCM31_wp019_e,2008,6,0.8255928158760071,ATCM37_wp018_e,2014,0,0.9743959
Measure 570,Measure,2014,3,ATCM30_wp009_e,2007,7,0.8244278430938721,ATCM31_wp019_e,2008,6,0.9617643
Measure 570,Measure,2014,4,ATCM37_wp018_e,2014,0,0.8162416219711304,ATCM30_wp009_e,2007,7,0.9463195
Measure 570,Measure,2014,5,ATCM42_wp030_e,2019,-5,0.7946794629096985,ATCM42_wp030_e,2019,-5,0.9441975
Measure 570,Measure,2014,6,ATCM38_wp026_e,2015,-1,0.7843098640441895,ATCM47_wp009_e,2025,-11,0.9148743
Measure 570,Measure,2014,7,ATCM47_wp009_e,2025,-11,0.779492199420929,ATCM38_wp026_e,2015,-1,0.91158587
Measure 570,Measure,2014,8,ATCM46_wp027_e,2024,-10,0.7760658264160156,ATCM46_wp027_e,2024,-10,0.89746183
Measure 570,Measure,2014,9,ATCM46_wp023_e,2024,-10,0.7744362354278564,ATCM35_wp044_e,2012,2,0.888217
Measure 570,Measure,2014,10,ATCM35_wp044_e,2012,2,0.7730327844619751,ATCM46_wp023_e,2024,-10,0.88447905
Resolution 558,Resolution,2013,1,ATCM36_wp057_e,2013,0,0.8731533288955688,ATCM36_wp057_e,2013,0,0.9874527
Resolution 558,Resolution,2013,2,ATCM20_wp023_e,1996,17,0.8030794858932495,ATCM20_wp023_e,1996,17,0.9530308
Resolution 558,Resolution,2013,3,ATCM15_wp046_rev2_e,1989,24,0.683518648147583,ATCM35_wp064_e,2012,1,0.9046842
Resolution 558,Resolution,2013,4,ATCM11_wp033_rev2_e,1981,32,0.6788846254348755,ATCM11_wp033_rev2_e,1981,32,0.89737195
Resolution 558,Resolution,2013,5,ATCM10_wp051_rev1_e,1979,34,0.6707745790481567,ATCM15_wp046_rev2_e,1989,24,0.89033234
Resolution 558,Resolution,2013,6,ATCM15_wp006_e,1989,24,0.6703802943229675,ATCM10_wp051_rev1_e,1979,34,0.8818593
Resolution 558,Resolution,2013,7,ATCM35_wp064_e,2012,1,0.6699897646903992,ATCM10_wp051_e,1979,34,0.87939554
Resolution 558,Resolution,2013,8,ATCM10_wp051_e,1979,34,0.6698673963546753,ATCM4_wp015_e,1966,47,0.8745494
Resolution 558,Resolution,2013,9,ATCM11_wp004_e,1981,32,0.6684378385543823,ATCM15_wp006_e,1989,24,0.8745494
Resolution 558,Resolution,2013,10,ATCM4_wp015_e,1966,47,0.6672213077545166,ATCM11_wp004_e,1981,32,0.8715186
Measure 542,Measure,2013,1,ATCM42_wp007_e,2019,-6,0.8654851913452148,ATCM42_wp007_e,2019,-6,0.9766336
Measure 542,Measure,2013,2,ATCM35_wp040_e,2012,1,0.8437380790710449,ATCM46_wp053_e,2024,-11,0.9685721
Measure 542,Measure,2013,3,ATCM36_wp056_e,2013,0,0.8180318474769592,ATCM35_wp040_e,2012,1,0.96532893
Measure 542,Measure,2013,4,ATCM46_wp053_e,2024,-11,0.806192934513092,ATCM36_wp056_e,2013,0,0.94113696
Measure 542,Measure,2013,5,ATCM46_wp032_e,2024,-11,0.7817932367324829,ATCM26_wp019_rev2_e,2003,10,0.93079865
Measure 542,Measure,2013,6,ATCM38_wp026_e,2015,-2,0.7805954217910767,ATCM36_wp060_e,2013,0,0.8886042
Measure 542,Measure,2013,7,ATCM42_wp049_e,2019,-6,0.7794510722160339,ATCM42_wp049_e,2019,-6,0.8880229
Measure 542,Measure,2013,8,ATCM26_wp019_rev2_e,2003,10,0.779050350189209,ATCM46_wp032_e,2024,-11,0.88347745
Measure 542,Measure,2013,9,ATCM35_wp060_e,2012,1,0.7776252031326294,ATCM38_wp026_e,2015,-2,0.878356
Measure 542,Measure,2013,10,ATCM36_wp060_e,2013,0,0.7775586843490601,ATCM35_wp060_e,2012,1,0.87433493
Resolution 473,Resolution,2010,1,ATCM31_wp054_e,2008,2,0.8924245834350586,ATCM31_wp054_e,2008,2,0.9623348
Resolution 473,Resolution,2010,2,ATCM33_wp026_e,2010,0,0.875775933265686,ATCM33_wp026_e,2010,0,0.95607984
Resolution 473,Resolution,2010,3,ATCM30_wp033_e,2007,3,0.8573687076568604,ATCM32_wp037_e,2009,1,0.9351336
Resolution 473,Resolution,2010,4,ATCM29_wp033_e,2006,4,0.8539562225341797,ATCM31_wp026_e,2008,2,0.90660346
Resolution 473,Resolution,2010,5,ATCM31_wp026_e,2008,2,0.8538573980331421,ATCM18_wp036_e,1994,16,0.90627223
Resolution 473,Resolution,2010,6,ATCM32_wp037_e,2009,1,0.8507590293884277,ATCM30_wp033_e,2007,3,0.8941811
Resolution 473,Resolution,2010,7,ATCM18_wp034_e,1994,16,0.8270098567008972,ATCM29_wp033_e,2006,4,0.8932535
Resolution 473,Resolution,2010,8,ATCM18_wp012_e,1994,16,0.8217104077339172,ATCM18_wp034_e,1994,16,0.88918287
Resolution 473,Resolution,2010,9,ATCM16_wp003_e,1991,19,0.8129938244819641,ATCM18_wp012_e,1994,16,0.8836784
Resolution 473,Resolution,2010,10,ATCM18_wp036_e,1994,16,0.8096208572387695,ATCM16_wp003_e,1991,19,0.84927243
Measure 503,Measure,2012,1,ATCM35_wp058_e,2012,0,0.8975576162338257,ATCM35_wp058_e,2012,0,0.96973956
Measure 503,Measure,2012,2,ATCM35_wp044_e,2012,0,0.8162415027618408,ATCM39_wp004_e,2016,-4,0.9121059
Measure 503,Measure,2012,3,ATCM44_wp044_e,2022,-10,0.8133077025413513,ATCM38_wp026_e,2015,-3,0.9118855
Measure 503,Measure,2012,4,ATCM39_wp026_e,2016,-4,0.8019633293151855,ATCM37_wp054_e,2014,-2,0.906438
Measure 503,Measure,2012,5,ATCM35_wp060_e,2012,0,0.7985503077507019,ATCM45_wp054_rev1_e,2023,-11,0.90285826
Measure 503,Measure,2012,6,ATCM39_wp004_e,2016,-4,0.7974836826324463,ATCM44_wp044_e,2022,-10,0.9027726
Measure 503,Measure,2012,7,ATCM36_wp059_e,2013,-1,0.7955949306488037,ATCM36_wp059_e,2013,-1,0.9009141
Measure 503,Measure,2012,8,ATCM37_wp054_e,2014,-2,0.795325756072998,ATCM35_wp044_e,2012,0,0.8999509
Measure 503,Measure,2012,9,ATCM38_wp026_e,2015,-3,0.7952234745025635,ATCM39_wp026_e,2016,-4,0.8905229
Measure 503,Measure,2012,10,ATCM45_wp054_rev1_e,2023,-11,0.7933650612831116,ATCM35_wp060_e,2012,0,0.87856454
Measure 397,Measure,2008,1,ATCM37_wp026_e,2014,-6,0.8824131488800049,ATCM31_wp014_e,2008,0,0.98513466
Measure 397,Measure,2008,2,ATCM44_wp004_e,2022,-14,0.8673167824745178,ATCM44_wp004_e,2022,-14,0.981282
Measure 397,Measure,2008,3,ATCM43_wp004_e,2021,-13,0.8666176199913025,ATCM43_wp004_e,2021,-13,0.9805509
Measure 397,Measure,2008,4,ATCM31_wp014_e,2008,0,0.8421621322631836,ATCM37_wp026_e,2014,-6,0.97835165
Measure 397,Measure,2008,5,ATCM43_wp003_e,2021,-13,0.8220511078834534,ATCM24_wp033_e,2001,7,0.91282195
Measure 397,Measure,2008,6,ATCM24_wp033_e,2001,7,0.8167527914047241,ATCM43_wp003_e,2021,-13,0.912343
Measure 397,Measure,2008,7,ATCM46_wp023_e,2024,-16,0.8151636123657227,ATCM37_wp007_e,2014,-6,0.9097989
Measure 397,Measure,2008,8,ATCM38_wp026_e,2015,-7,0.8114827275276184,ATCM38_wp026_e,2015,-7,0.9095381
Measure 397,Measure,2008,9,ATCM36_wp059_e,2013,-5,0.8109222650527954,ATCM36_wp059_e,2013,-5,0.8981786
Measure 397,Measure,2008,10,ATCM37_wp007_e,2014,-6,0.8100878596305847,ATCM46_wp023_e,2024,-16,0.877938
Decision 513,Decision,2012,1,ATCM35_wp030_e,2012,0,0.9324102997779846,ATCM35_wp030_e,2012,0,0.98406917
Decision 513,Decision,2012,2,ATCM36_wp067_e,2013,-1,0.8655253052711487,ATCM36_wp067_e,2013,-1,0.96996796
Decision 513,Decision,2012,3,ATCM36_wp031_e,2013,-1,0.8499037027359009,ATCM36_wp031_e,2013,-1,0.96303636
Decision 513,Decision,2012,4,ATCM45_wp015_rev2_e,2023,-11,0.8304515480995178,ATCM35_wp047_e,2012,0,0.9559155
Decision 513,Decision,2012,5,ATCM35_wp047_e,2012,0,0.7872216701507568,ATCM45_wp015_rev2_e,2023,-11,0.95088744
Decision 513,Decision,2012,6,ATCM40_wp030_e,2017,-5,0.7856488823890686,ATCM40_wp030_e,2017,-5,0.92264974
Decision 513,Decision,2012,7,ATCM34_wp008_e,2011,1,0.7585078477859497,ATCM38_wp024_e,2015,-3,0.9045578
Decision 513,Decision,2012,8,ATCM20_wp035_e,1996,16,0.739675760269165,ATCM34_wp008_e,2011,1,0.89213103
Decision 513,Decision,2012,9,ATCM38_wp024_e,2015,-3,0.7385538816452026,ATCM36_wp007_e,2013,-1,0.8686486
Decision 513,Decision,2012,10,ATCM36_wp007_e,2013,-1,0.735924243927002,ATCM20_wp035_e,1996,16,0.78766996
Decision 280,Decision,2001,1,ATCM21_wp028_e,1997,4,0.8924973011016846,ATCM25_wp014_e,2002,-1,0.9519705
Decision 280,Decision,2001,2,ATCM28_wp070_e,2005,-4,0.8842074871063232,ATCM28_wp070_e,2005,-4,0.9505213
Decision 280,Decision,2001,3,ATCM28_wp049_e,2005,-4,0.8734279870986938,ATCM26_wp033_e,2003,-2,0.9433685
Decision 280,Decision,2001,4,ATCM26_wp033_e,2003,-2,0.8712606430053711,ATCM27_wp006_e,2004,-3,0.94210327
Decision 280,Decision,2001,5,ATCM28_wp048_rev3_e,2005,-4,0.8703063130378723,ATCM28_wp048_rev3_e,2005,-4,0.94135296
Decision 280,Decision,2001,6,ATCM38_wp036_e,2015,-14,0.8699559569358826,ATCM26_wp042_e,2003,-2,0.9379197
Decision 280,Decision,2001,7,ATCM20_wp031_e,1996,5,0.8689781427383423,ATCM20_wp031_e,1996,5,0.9290166
Decision 280,Decision,2001,8,ATCM27_wp006_e,2004,-3,0.8685218095779419,ATCM38_wp036_e,2015,-14,0.92706007
Decision 280,Decision,2001,9,ATCM25_wp014_e,2002,-1,0.8575704097747803,ATCM28_wp049_e,2005,-4,0.91988754
Decision 280,Decision,2001,10,ATCM26_wp042_e,2003,-2,0.857372522354126,ATCM21_wp028_e,1997,4,0.91985154
Recommendation 68,Recommendation,1968,1,ATCM5_wp043_rev1_e,1968,0,0.970535159111023,ATCM5_wp043_e,1968,0,0.92920953
Recommendation 68,Recommendation,1968,2,ATCM5_wp043_e,1968,0,0.9376310110092163,ATCM5_wp043_rev1_e,1968,0,0.92679554
Recommendation 68,Recommendation,1968,3,ATCM9_wp012_e,1977,-9,0.9072464108467102,ATCM9_wp012_e,1977,-9,0.88975894
Recommendation 68,Recommendation,1968,4,ATCM9_wp079_rev1_e,1977,-9,0.8980531096458435,ATCM9_wp079_rev1_e,1977,-9,0.8886042
Recommendation 68,Recommendation,1968,5,ATCM9_wp076_rev1_e,1977,-9,0.8952956199645996,ATCM9_wp076_rev1_e,1977,-9,0.88841075
Recommendation 68,Recommendation,1968,6,ATCM9_wp076_e,1977,-9,0.891499936580658,ATCM6_wp010_rev1_e,1970,-2,0.886263
Recommendation 68,Recommendation,1968,7,ATCM9_wp079_e,1977,-9,0.8910505771636963,ATCM9_wp079_e,1977,-9,0.88407934
Recommendation 68,Recommendation,1968,8,ATCM6_wp010_rev1_e,1970,-2,0.8826398253440857,ATCM9_wp076_e,1977,-9,0.8828729
Recommendation 68,Recommendation,1968,9,ATCM10_wp011_e,1979,-11,0.8820945024490356,ATCM10_wp011_e,1979,-11,0.8775188
Recommendation 68,Recommendation,1968,10,ATCM10_wp011_rev1_e,1979,-11,0.8768175840377808,ATCM10_wp011_rev1_e,1979,-11,0.875404
Measure 219,Measure,1995,1,ATCM5_wp031_rev1_e,1968,27,0.7978256940841675,ATCM7_wp034_rev3_e,1972,23,0.9371187
Measure 219,Measure,1995,2,ATCM5_wp031_e,1968,27,0.7804540991783142,ATCM7_wp034_rev2_e,1972,23,0.9292737
Measure 219,Measure,1995,3,ATCM26_wp017_rev1_e,2003,-8,0.7773630619049072,ATCM7_wp034_rev1_e,1972,23,0.9264636
Measure 219,Measure,1995,4,ATCM26_wp017_e,2003,-8,0.7715322375297546,ATCM15_wp041_e,1989,6,0.90987897
Measure 219,Measure,1995,5,ATCM32_wp035_rev1_e,2009,-14,0.765943169593811,ATCM6_wp009_e,1970,25,0.90939736
Measure 219,Measure,1995,6,ATCM7_wp034_rev3_e,1972,23,0.7616496682167053,ATCM5_wp031_rev1_e,1968,27,0.9041354
Measure 219,Measure,1995,7,ATCM7_wp034_rev2_e,1972,23,0.7612180113792419,ATCM5_wp031_e,1968,27,0.9039236
Measure 219,Measure,1995,8,ATCM15_wp041_e,1989,6,0.7601965665817261,ATCM26_wp017_e,2003,-8,0.8932535
Measure 219,Measure,1995,9,ATCM7_wp034_rev1_e,1972,23,0.7565197944641113,ATCM26_wp017_rev1_e,2003,-8,0.89231884
Measure 219,Measure,1995,10,ATCM6_wp009_e,1970,25,0.7520875930786133,ATCM32_wp035_rev1_e,2009,-14,0.8852749
Measure 332,Measure,2005,1,ATCM33_wp038_e,2010,-5,0.8483208417892456,ATCM33_wp038_e,2010,-5,0.9822605
Measure 332,Measure,2005,2,ATCM28_wp042_e,2005,0,0.8401853442192078,ATCM28_wp042_e,2005,0,0.981282
Measure 332,Measure,2005,3,ATCM38_wp026_e,2015,-10,0.8351407051086426,ATCM44_wp019_e,2022,-17,0.98069936
Measure 332,Measure,2005,4,ATCM24_wp033_e,2001,4,0.8182648420333862,ATCM38_wp026_e,2015,-10,0.968809
Measure 332,Measure,2005,5,ATCM39_wp026_e,2016,-11,0.8134814500808716,ATCM24_wp033_e,2001,4,0.9357234
Measure 332,Measure,2005,6,ATCM8_wp002_e,1975,30,0.8125405311584473,ATCM39_wp026_e,2016,-11,0.93357635
Measure 332,Measure,2005,7,ATCM16_wp057_e,1991,14,0.8116987943649292,ATCM8_wp001_e,1975,30,0.92223054
Measure 332,Measure,2005,8,ATCM44_wp019_e,2022,-17,0.8109514713287354,ATCM8_wp002_e,1975,30,0.9105175
Measure 332,Measure,2005,9,ATCM8_wp001_e,1975,30,0.8085999488830566,ATCM16_wp057_e,1991,14,0.89791036
Measure 332,Measure,2005,10,ATCM16_wp054_e,1991,14,0.8067070841789246,ATCM16_wp054_e,1991,14,0.8657243
Resolution 302,Resolution,2003,1,ATCM26_wp037_e,2003,0,0.8995832204818726,ATCM26_wp037_e,2003,0,0.98513466
Resolution 302,Resolution,2003,2,ATCM26_wp037_rev1_e,2003,0,0.8981682062149048,ATCM26_wp037_rev1_e,2003,0,0.9850199
Resolution 302,Resolution,2003,3,ATCM15_wp064_e,1989,14,0.802922785282135,ATCM17_wp006_e,1992,11,0.8699799
Resolution 302,Resolution,2003,4,ATCM15_wp012_e,1989,14,0.7901588678359985,ATCM15_wp012_e,1989,14,0.86640406
Resolution 302,Resolution,2003,5,ATCM21_wp009_e,1997,6,0.7711507081985474,ATCM21_wp037_e,1997,6,0.86088455
Resolution 302,Resolution,2003,6,ATCM17_wp006_e,1992,11,0.7616990804672241,ATCM15_wp064_e,1989,14,0.85709965
Resolution 302,Resolution,2003,7,ATCM18_wp017_e,1994,9,0.7566655874252319,ATCM30_wp014_rev1_e,2007,-4,0.8225315
Resolution 302,Resolution,2003,8,ATCM21_wp037_e,1997,6,0.7541326284408569,ATCM21_wp009_e,1997,6,0.81908435
Resolution 302,Resolution,2003,9,ATCM33_wp001_e,2010,-7,0.7491673231124878,ATCM18_wp017_e,1994,9,0.8173413
Resolution 302,Resolution,2003,10,ATCM30_wp014_rev1_e,2007,-4,0.7470389008522034,ATCM33_wp001_e,2010,-7,0.8059989
Resolution 554,Resolution,2013,1,ATCM14_wp015_e,1987,26,0.8451690673828125,ATCM42_wp023_e,2019,-6,0.9453187
Resolution 554,Resolution,2013,2,ATCM3_wp020_rev1_e,1964,49,0.8381841778755188,ATCM42_wp024_e,2019,-6,0.9265301
Resolution 554,Resolution,2013,3,ATCM42_wp023_e,2019,-6,0.8061615228652954,ATCM42_wp060_e,2019,-6,0.92498636
Resolution 554,Resolution,2013,4,ATCM14_wp001_e,1987,26,0.8026931881904602,ATCM14_wp015_e,1987,26,0.92355096
Resolution 554,Resolution,2013,5,ATCM3_wp020_e,1964,49,0.8015177249908447,ATCM45_wp044_e,2023,-10,0.92106706
Resolution 554,Resolution,2013,6,ATCM14_wp004_e,1987,26,0.7934203147888184,ATCM14_wp001_e,1987,26,0.92003137
Resolution 554,Resolution,2013,7,ATCM42_wp060_e,2019,-6,0.7924885749816895,ATCM15_wp052_rev3_e,1989,24,0.9146745
Resolution 554,Resolution,2013,8,ATCM15_wp052_rev3_e,1989,24,0.7883368134498596,ATCM14_wp004_e,1987,26,0.90502053
Resolution 554,Resolution,2013,9,ATCM42_wp024_e,2019,-6,0.7703835964202881,ATCM3_wp020_rev1_e,1964,49,0.89510167
Resolution 554,Resolution,2013,10,ATCM45_wp044_e,2023,-10,0.7687926292419434,ATCM3_wp020_e,1964,49,0.8677546
Recommendation 170,Recommendation,1989,1,ATCM15_wp002_e,1989,0,0.9001832008361816,ATCM15_wp002_e,1989,0,0.9721621
Recommendation 170,Recommendation,1989,2,ATCM15_wp007_e,1989,0,0.8924691677093506,ATCM15_wp014_e,1989,0,0.9710852
Recommendation 170,Recommendation,1989,3,ATCM15_wp014_e,1989,0,0.8881881237030029,ATCM15_wp004_e,1989,0,0.96760666
Recommendation 170,Recommendation,1989,4,ATCM12_wp006_e,1983,6,0.8869378566741943,ATCM15_wp008_e,1989,0,0.96686405
Recommendation 170,Recommendation,1989,5,ATCM15_wp003_e,1989,0,0.8755378723144531,ATCM15_wp003_e,1989,0,0.96545935
Recommendation 170,Recommendation,1989,6,ATCM15_wp008_e,1989,0,0.8734288811683655,ATCM15_wp007_e,1989,0,0.9648021
Recommendation 170,Recommendation,1989,7,ATCM15_wp023_e,1989,0,0.8672481775283813,ATCM15_wp023_e,1989,0,0.96015245
Recommendation 170,Recommendation,1989,8,ATCM15_wp004_e,1989,0,0.8671001195907593,ATCM22_wp022_e,1998,-9,0.9505213
Recommendation 170,Recommendation,1989,9,ATCM9_wp049_rev1_e,1977,12,0.8500229716300964,ATCM12_wp006_e,1983,6,0.94252783
Recommendation 170,Recommendation,1989,10,ATCM22_wp022_e,1998,-9,0.8355865478515625,ATCM9_wp049_rev1_e,1977,12,0.9199595
Resolution 284,Resolution,2001,1,ATCM24_wp016_e,2001,0,0.8958291411399841,ATCM24_wp016_e,2001,0,0.9727894
Resolution 284,Resolution,2001,2,ATCM25_wp004_e,2002,-1,0.8864895105361938,ATCM25_wp004_e,2002,-1,0.96833336
Resolution 284,Resolution,2001,3,ATCM32_wp003_e,2009,-8,0.8836734294891357,ATCM30_wp038_e,2007,-6,0.9540689
Resolution 284,Resolution,2001,4,ATCM31_wp061_e,2008,-7,0.8822494149208069,ATCM31_wp061_e,2008,-7,0.9519705
Resolution 284,Resolution,2001,5,ATCM30_wp038_e,2007,-6,0.8645490407943726,ATCM32_wp003_e,2009,-8,0.9448117
Resolution 284,Resolution,2001,6,ATCM20_wp013_e,1996,5,0.8091384172439575,ATCM20_wp013_e,1996,5,0.9389352
Resolution 284,Resolution,2001,7,ATCM14_wp030_rev1_e,1987,14,0.7977526783943176,ATCM14_wp013_e,1987,14,0.92732376
Resolution 284,Resolution,2001,8,ATCM14_wp031_rev1_e,1987,14,0.7961124181747437,ATCM14_wp031_rev1_e,1987,14,0.9265965
Resolution 284,Resolution,2001,9,ATCM14_wp013_e,1987,14,0.7940249443054199,ATCM14_wp030_rev1_e,1987,14,0.92219555
Resolution 284,Resolution,2001,10,ATCM5_wp046_e,1968,33,0.790058434009552,ATCM5_wp046_e,1968,33,0.92117345
Measure 562,Measure,2014,1,ATCM43_wp003_e,2021,-7,0.8747174143791199,ATCM37_wp007_e,2014,0,0.9821239
Measure 562,Measure,2014,2,ATCM37_wp007_e,2014,0,0.863190770149231,ATCM43_wp003_e,2021,-7,0.9815669
Measure 562,Measure,2014,3,ATCM38_wp026_e,2015,-1,0.8418064117431641,ATCM38_wp026_e,2015,-1,0.9357234
Measure 562,Measure,2014,4,ATCM33_wp033_e,2010,4,0.8370999097824097,ATCM37_wp026_e,2014,0,0.9233438
Measure 562,Measure,2014,5,ATCM43_wp024_rev1_e,2021,-7,0.8329594731330872,ATCM33_wp033_e,2010,4,0.9155752
Measure 562,Measure,2014,6,ATCM43_wp023_rev1_e,2021,-7,0.8305926322937012,ATCM43_wp024_rev1_e,2021,-7,0.9115465
Measure 562,Measure,2014,7,ATCM39_wp026_e,2016,-2,0.8285030126571655,ATCM43_wp023_rev1_e,2021,-7,0.9059399
Measure 562,Measure,2014,8,ATCM46_wp023_e,2024,-10,0.823589563369751,ATCM39_wp026_e,2016,-2,0.9027726
Measure 562,Measure,2014,9,ATCM35_wp058_e,2012,2,0.8210510015487671,ATCM46_wp023_e,2024,-10,0.8984462
Measure 562,Measure,2014,10,ATCM37_wp026_e,2014,0,0.8195337057113647,ATCM35_wp058_e,2012,2,0.87646526
Measure 566,Measure,2014,1,ATCM37_wp003_e,2014,0,0.8830552697181702,ATCM33_wp027_e,2010,4,0.98406917
Measure 566,Measure,2014,2,ATCM33_wp027_e,2010,4,0.8521461486816406,ATCM37_wp003_e,2014,0,0.98305905
Measure 566,Measure,2014,3,ATCM46_wp019_e,2024,-10,0.8356350660324097,ATCM46_wp019_e,2024,-10,0.9793225
Measure 566,Measure,2014,4,ATCM36_wp059_e,2013,1,0.8230871558189392,ATCM44_wp005_e,2022,-8,0.9550851
Measure 566,Measure,2014,5,ATCM44_wp005_e,2022,-8,0.8170828223228455,ATCM43_wp002_rev1_e,2021,-7,0.9461207
Measure 566,Measure,2014,6,ATCM29_wp029_e,2006,8,0.8149185180664062,ATCM44_wp053_e,2022,-8,0.9118414
Measure 566,Measure,2014,7,ATCM35_wp044_e,2012,2,0.8145147562026978,ATCM36_wp059_e,2013,1,0.9103384
Measure 566,Measure,2014,8,ATCM43_wp002_rev1_e,2021,-7,0.8135241270065308,ATCM41_wp031_e,2018,-4,0.9102188
Measure 566,Measure,2014,9,ATCM41_wp031_e,2018,-4,0.8088846206665039,ATCM35_wp044_e,2012,2,0.90885276
Measure 566,Measure,2014,10,ATCM44_wp053_e,2022,-8,0.8069857358932495,ATCM29_wp029_e,2006,8,0.90143585
Recommendation 151,Recommendation,1985,1,ATCM8_wp035_e,1975,10,0.8519445657730103,ATCM8_wp035_e,1975,10,0.9555851
Recommendation 151,Recommendation,1985,2,ATCM8_wp002_e,1975,10,0.8421317934989929,ATCM16_wp020_e,1991,-6,0.9540689
Recommendation 151,Recommendation,1985,3,ATCM16_wp020_e,1991,-6,0.836904764175415,ATCM10_wp031_rev1_e,1979,6,0.9538974
Recommendation 151,Recommendation,1985,4,ATCM10_wp031_rev1_e,1979,6,0.8338233828544617,ATCM20_wp003_e,1996,-11,0.94903076
Recommendation 151,Recommendation,1985,5,ATCM10_wp031_e,1979,6,0.8295816779136658,ATCM10_wp031_e,1979,6,0.94865155
Recommendation 151,Recommendation,1985,6,ATCM14_wp035_e,1987,-2,0.8185372352600098,ATCM8_wp002_e,1975,10,0.9356059
Recommendation 151,Recommendation,1985,7,ATCM12_wp014_rev1_e,1983,2,0.8095452785491943,ATCM12_wp014_rev1_e,1983,2,0.9308616
Recommendation 151,Recommendation,1985,8,ATCM24_wp033_e,2001,-16,0.8054797649383545,ATCM14_wp035_e,1987,-2,0.9232747
Recommendation 151,Recommendation,1985,9,ATCM16_wp057_e,1991,-6,0.8021786212921143,ATCM16_wp057_e,1991,-6,0.9185094
Recommendation 151,Recommendation,1985,10,ATCM20_wp003_e,1996,-11,0.7960697412490845,ATCM24_wp033_e,2001,-16,0.9106268
Measure 568,Measure,2014,1,ATCM32_wp042_e,2009,5,0.876388669013977,ATCM46_wp039_e,2024,-10,0.97478276
Measure 568,Measure,2014,2,ATCM42_wp040_e,2019,-5,0.8365746140480042,ATCM42_wp040_e,2019,-5,0.9723727
Measure 568,Measure,2014,3,ATCM37_wp011_e,2014,0,0.8251907825469971,ATCM37_wp011_e,2014,0,0.96545935
Measure 568,Measure,2014,4,ATCM46_wp039_e,2024,-10,0.8149235844612122,ATCM32_wp042_e,2009,5,0.96466917
Measure 568,Measure,2014,5,ATCM36_wp059_e,2013,1,0.8126621246337891,ATCM36_wp059_e,2013,1,0.9074271
Measure 568,Measure,2014,6,ATCM35_wp060_e,2012,2,0.803133487701416,ATCM35_wp044_e,2012,2,0.9070985
Measure 568,Measure,2014,7,ATCM35_wp044_e,2012,2,0.8024542331695557,ATCM46_wp023_e,2024,-10,0.8995105
Measure 568,Measure,2014,8,ATCM46_wp023_e,2024,-10,0.7944913506507874,ATCM35_wp061_e,2012,2,0.8930671
Measure 568,Measure,2014,9,ATCM35_wp061_e,2012,2,0.7926599979400635,ATCM35_wp060_e,2012,2,0.8832763
Measure 568,Measure,2014,10,ATCM35_wp058_e,2012,2,0.7914971113204956,ATCM35_wp058_e,2012,2,0.87239087
Recommendation 182,Recommendation,1989,1,ATCM15_wp069_e,1989,0,0.7602403163909912,ATCM15_wp069_e,1989,0,0.95705354
Recommendation 182,Recommendation,1989,2,ATCM21_wp027_e,1997,-8,0.723544716835022,ATCM14_wp028_e,1987,2,0.94113696
Recommendation 182,Recommendation,1989,3,ATCM14_wp028_e,1987,2,0.7233573198318481,ATCM26_wp017_e,2003,-14,0.9409202
Recommendation 182,Recommendation,1989,4,ATCM7_wp034_rev2_e,1972,17,0.7172455787658691,ATCM26_wp017_rev1_e,2003,-14,0.938373
Recommendation 182,Recommendation,1989,5,ATCM26_wp017_rev1_e,2003,-14,0.7171612977981567,ATCM7_wp034_rev2_e,1972,17,0.91872853
Recommendation 182,Recommendation,1989,6,ATCM7_wp034_rev3_e,1972,17,0.7167763113975525,ATCM7_wp034_rev3_e,1972,17,0.90959835
Recommendation 182,Recommendation,1989,7,ATCM26_wp017_e,2003,-14,0.7155333161354065,ATCM7_wp034_rev1_e,1972,17,0.9086301
Recommendation 182,Recommendation,1989,8,ATCM7_wp034_rev1_e,1972,17,0.7128555774688721,ATCM21_wp027_e,1997,-8,0.8566205
Recommendation 182,Recommendation,1989,9,ATCM5_wp031_rev1_e,1968,21,0.7110206484794617,ATCM5_wp031_rev1_e,1968,21,0.8477662
Recommendation 182,Recommendation,1989,10,ATCM35_wp056_rev1_e,2012,-23,0.7042385339736938,ATCM35_wp056_rev1_e,2012,-23,0.8202392
Recommendation 154,Recommendation,1985,1,ATCM35_wp011_e,2012,-27,0.8054555654525757,ATCM35_wp011_e,2012,-27,0.93054664
Recommendation 154,Recommendation,1985,2,ATCM44_wp043_e,2022,-37,0.7164411544799805,ATCM44_wp043_e,2022,-37,0.9161584
Recommendation 154,Recommendation,1985,3,ATCM4_wp042_e,1966,19,0.6968599557876587,ATCM4_wp042_e,1966,19,0.9070985
Recommendation 154,Recommendation,1985,4,ATCM4_wp042_rev2_e,1966,19,0.6968374848365784,ATCM4_wp042_rev2_e,1966,19,0.9039236
Recommendation 154,Recommendation,1985,5,ATCM8_wp011_e,1975,10,0.6946961879730225,ATCM4_wp028_e,1966,19,0.90260106
Recommendation 154,Recommendation,1985,6,ATCM35_wp012_e,2012,-27,0.6938236951828003,ATCM4_wp038_e,1966,19,0.88704807
Recommendation 154,Recommendation,1985,7,ATCM4_wp028_e,1966,19,0.6873310804367065,ATCM4_wp048_e,1966,19,0.8741202
Recommendation 154,Recommendation,1985,8,ATCM4_wp047_rev1_e,1966,19,0.6867728233337402,ATCM4_wp047_rev1_e,1966,19,0.87347406
Recommendation 154,Recommendation,1985,9,ATCM4_wp038_e,1966,19,0.6867009401321411,ATCM8_wp011_e,1975,10,0.84927243
Recommendation 154,Recommendation,1985,10,ATCM4_wp048_e,1966,19,0.6838661432266235,ATCM35_wp012_e,2012,-27,0.8179237
Decision 548,Decision,2013,1,ATCM27_wp047_rev1_e,2004,9,0.7899831533432007,ATCM39_wp042_e,2016,-3,0.93949276
Decision 548,Decision,2013,2,ATCM39_wp042_e,2016,-3,0.7855179309844971,ATCM46_wp017_e,2024,-11,0.92933786
Decision 548,Decision,2013,3,ATCM31_wp063_rev1_e,2008,5,0.7632452249526978,ATCM31_wp063_rev1_e,2008,5,0.926994
Decision 548,Decision,2013,4,ATCM31_wp063_e,2008,5,0.7605853080749512,ATCM31_wp063_e,2008,5,0.926197
Decision 548,Decision,2013,5,ATCM46_wp017_e,2024,-11,0.749194860458374,ATCM27_wp047_rev1_e,2004,9,0.9242376
Decision 548,Decision,2013,6,ATCM25_wp042_e,2002,11,0.6882920265197754,ATCM25_wp042_e,2002,11,0.9067687
Decision 548,Decision,2013,7,ATCM26_wp041_e,2003,10,0.684673547744751,ATCM24_wp037_e,2001,12,0.88124746
Decision 548,Decision,2013,8,ATCM18_wp008_e,1994,19,0.6590312719345093,ATCM26_wp041_e,2003,10,0.8650418
Decision 548,Decision,2013,9,ATCM25_wp044_e,2002,11,0.6538002490997314,ATCM25_wp044_e,2002,11,0.84826964
Decision 548,Decision,2013,10,ATCM24_wp037_e,2001,12,0.6441390514373779,ATCM18_wp008_e,1994,19,0.8477662
Recommendation 109,Recommendation,1975,1,ATCM8_wp018_e,1975,0,0.9500354528427124,ATCM9_wp013_e,1977,-2,0.95705354
Recommendation 109,Recommendation,1975,2,ATCM7_wp051_rev1_e,1972,3,0.8975592851638794,ATCM10_wp024_rev2_e,1979,-4,0.94788504
Recommendation 109,Recommendation,1975,3,ATCM6_wp025_e,1970,5,0.8967154026031494,ATCM9_wp013_rev1_e,1977,-2,0.9427391
Recommendation 109,Recommendation,1975,4,ATCM6_wp025_rev1_e,1970,5,0.892696738243103,ATCM8_wp018_e,1975,0,0.9422097
Recommendation 109,Recommendation,1975,5,ATCM10_wp008_e,1979,-4,0.8692879676818848,ATCM7_wp051_rev1_e,1972,3,0.9392704
Recommendation 109,Recommendation,1975,6,ATCM9_wp013_rev1_e,1977,-2,0.8664557933807373,ATCM10_wp008_e,1979,-4,0.923895
Recommendation 109,Recommendation,1975,7,ATCM7_wp051_e,1972,3,0.8661068677902222,ATCM7_wp051_e,1972,3,0.91887426
Recommendation 109,Recommendation,1975,8,ATCM9_wp013_e,1977,-2,0.8645188808441162,ATCM4_wp056_rev2_e,1966,9,0.91720253
Recommendation 109,Recommendation,1975,9,ATCM10_wp024_rev2_e,1979,-4,0.8618873357772827,ATCM6_wp025_e,1970,5,0.9150832
Recommendation 109,Recommendation,1975,10,ATCM4_wp056_rev2_e,1966,9,0.8616513013839722,ATCM6_wp025_rev1_e,1970,5,0.9134181
Resolution 327,Resolution,2004,1,ATCM25_wp026_e,2002,2,0.8845468163490295,ATCM25_wp026_e,2002,2,0.9715208
Resolution 327,Resolution,2004,2,ATCM29_wp003_e,2006,-2,0.8617841005325317,ATCM29_wp003_e,2006,-2,0.933212
Resolution 327,Resolution,2004,3,ATCM3_wp030_e,1964,40,0.772336483001709,ATCM3_wp030_e,1964,40,0.92997646
Resolution 327,Resolution,2004,4,ATCM41_wp029_e,2018,-14,0.7614806294441223,ATCM39_wp001_e,2016,-12,0.92348194
Resolution 327,Resolution,2004,5,ATCM1_wp013_e,1961,43,0.7283724546432495,ATCM17_wp003_e,1992,12,0.91137904
Resolution 327,Resolution,2004,6,ATCM45_wp006_e,2023,-19,0.7268438339233398,ATCM18_wp019_e,1994,10,0.9089134
Resolution 327,Resolution,2004,7,ATCM18_wp019_e,1994,10,0.7261953353881836,ATCM41_wp029_e,2018,-14,0.8982678
Resolution 327,Resolution,2004,8,ATCM17_wp003_e,1992,12,0.724723219871521,ATCM1_wp013_e,1961,43,0.8965597
Resolution 327,Resolution,2004,9,ATCM39_wp001_e,2016,-12,0.7177135944366455,ATCM37_wp005_e,2014,-10,0.878356
Resolution 327,Resolution,2004,10,ATCM37_wp005_e,2014,-10,0.7172387838363647,ATCM45_wp006_e,2023,-19,0.8670808
Decision 511,Decision,2012,1,ATCM27_wp031_rev1_e,2004,8,0.8358893990516663,ATCM34_wp024_e,2011,1,0.94430023
Decision 511,Decision,2012,2,ATCM26_wp014_e,2003,9,0.8346378803253174,ATCM26_wp014_e,2003,9,0.941245
Decision 511,Decision,2012,3,ATCM25_wp030_e,2002,10,0.7755028009414673,ATCM27_wp031_rev1_e,2004,8,0.93993545
Decision 511,Decision,2012,4,ATCM20_wp004_rev1_e,1996,16,0.7653352618217468,ATCM25_wp030_e,2002,10,0.92908084
Decision 511,Decision,2012,5,ATCM25_wp020_e,2002,10,0.7362810373306274,ATCM33_wp020_e,2010,2,0.9179228
Decision 511,Decision,2012,6,ATCM30_wp002_e,2007,5,0.734838604927063,ATCM20_wp004_rev1_e,1996,16,0.9171283
Decision 511,Decision,2012,7,ATCM33_wp020_e,2010,2,0.7244794964790344,ATCM30_wp002_e,2007,5,0.8971018
Decision 511,Decision,2012,8,ATCM26_wp022_e,2003,9,0.7234908938407898,ATCM25_wp020_e,2002,10,0.89259994
Decision 511,Decision,2012,9,ATCM34_wp024_e,2011,1,0.7221477627754211,ATCM26_wp022_e,2003,9,0.88267076
Decision 511,Decision,2012,10,ATCM17_wp025_e,1992,20,0.7207569479942322,ATCM17_wp025_e,1992,20,0.8374073
Recommendation 90,Recommendation,1970,1,ATCM6_wp027_e,1970,0,0.8674468994140625,ATCM6_wp027_e,1970,0,0.9495946
Recommendation 90,Recommendation,1970,2,ATCM7_wp061_e,1972,-2,0.7974079847335815,ATCM7_wp061_e,1972,-2,0.933212
Recommendation 90,Recommendation,1970,3,ATCM5_wp047_e,1968,2,0.7427632808685303,ATCM7_wp004_e,1972,-2,0.91709125
Recommendation 90,Recommendation,1970,4,ATCM4_wp061_rev1_e,1966,4,0.742172360420227,ATCM7_wp039_e,1972,-2,0.91366404
Recommendation 90,Recommendation,1970,5,ATCM7_wp039_e,1972,-2,0.7298364639282227,ATCM1_wp024_e,1961,9,0.75750744
Recommendation 90,Recommendation,1970,6,ATCM1_wp024_e,1961,9,0.728897750377655,ATCM4_wp061_rev1_e,1966,4,0.7546258
Recommendation 90,Recommendation,1970,7,ATCM3_wp037_e,1964,6,0.7239096164703369,ATCM5_wp047_e,1968,2,0.7229966
Recommendation 90,Recommendation,1970,8,ATCM7_wp004_e,1972,-2,0.7235839366912842,ATCM4_wp061_e,1966,4,0.71827835
Recommendation 90,Recommendation,1970,9,ATCM17_wp026_e,1992,-22,0.7224217653274536,ATCM3_wp037_e,1964,6,0.66506255
Recommendation 90,Recommendation,1970,10,ATCM4_wp061_e,1966,4,0.7222248315811157,ATCM17_wp026_e,1992,-22,0.64207345
Decision 578,Decision,2014,1,ATCM27_wp030_rev1_e,2004,10,0.808908224105835,ATCM26_wp005_e,2003,11,0.92237055
Decision 578,Decision,2014,2,ATCM26_wp011_e,2003,11,0.8042159080505371,ATCM27_wp029_e,2004,10,0.907345
Decision 578,Decision,2014,3,ATCM24_wp037_e,2001,13,0.7713958621025085,ATCM27_wp030_rev1_e,2004,10,0.90502053
Decision 578,Decision,2014,4,ATCM25_wp049_e,2002,12,0.7694339752197266,ATCM24_wp037_e,2001,13,0.90324295
Decision 578,Decision,2014,5,ATCM26_wp005_e,2003,11,0.767245888710022,ATCM26_wp011_e,2003,11,0.8965597
Decision 578,Decision,2014,6,ATCM18_wp008_e,1994,20,0.7668735980987549,ATCM25_wp049_e,2002,12,0.8872437
Decision 578,Decision,2014,7,ATCM30_wp044_e,2007,7,0.7489612698554993,ATCM30_wp044_e,2007,7,0.8770983
Decision 578,Decision,2014,8,ATCM17_wp019_e,1992,22,0.7422168850898743,ATCM18_wp008_e,1994,20,0.8537177
Decision 578,Decision,2014,9,ATCM17_wp007_e,1992,22,0.7397287487983704,ATCM17_wp019_e,1992,22,0.84826964
Decision 578,Decision,2014,10,ATCM27_wp029_e,2004,10,0.7370675802230835,ATCM17_wp007_e,1992,22,0.83419085
Resolution 582,Resolution,2014,1,ATCM37_wp042_e,2014,0,0.8100612759590149,ATCM37_wp042_e,2014,0,0.9715208
Resolution 582,Resolution,2014,2,ATCM22_wp017_e,1998,16,0.7810046076774597,ATCM45_wp046_e,2023,-9,0.8915658
Resolution 582,Resolution,2014,3,ATCM23_wp040_e,1999,15,0.7604527473449707,ATCM40_wp033_e,2017,-3,0.8814517
Resolution 582,Resolution,2014,4,ATCM45_wp046_e,2023,-9,0.7287046909332275,ATCM33_wp037_e,2010,4,0.88124746
Resolution 582,Resolution,2014,5,ATCM22_wp018_e,1998,16,0.7195169925689697,ATCM23_wp040_e,1999,15,0.8777285
Resolution 582,Resolution,2014,6,ATCM24_wp026_e,2001,13,0.7069652676582336,ATCM22_wp017_e,1998,16,0.86041605
Resolution 582,Resolution,2014,7,ATCM26_wp004_e,2003,11,0.6832165122032166,ATCM26_wp004_e,2003,11,0.85805386
Resolution 582,Resolution,2014,8,ATCM33_wp037_e,2010,4,0.6783404350280762,ATCM24_wp026_e,2001,13,0.8502698
Resolution 582,Resolution,2014,9,ATCM22_wp016_e,1998,16,0.673641562461853,ATCM22_wp018_e,1998,16,0.8477662
Resolution 582,Resolution,2014,10,ATCM40_wp033_e,2017,-3,0.6686500310897827,ATCM22_wp016_e,1998,16,0.8004425
Measure 451,Measure,2010,1,ATCM43_wp050_e,2021,-11,0.8841598033905029,ATCM43_wp050_e,2021,-11,0.9762744
Measure 451,Measure,2010,2,ATCM28_wp042_e,2005,5,0.8698259592056274,ATCM38_wp010_e,2015,-5,0.97400314
Measure 451,Measure,2010,3,ATCM33_wp038_e,2010,0,0.8581455945968628,ATCM28_wp042_e,2005,5,0.9637254
Measure 451,Measure,2010,4,ATCM38_wp010_e,2015,-5,0.857527494430542,ATCM33_wp038_e,2010,0,0.9617643
Measure 451,Measure,2010,5,ATCM43_wp029_e,2021,-11,0.8445034623146057,ATCM43_wp029_e,2021,-11,0.9229976
Measure 451,Measure,2010,6,ATCM38_wp012_e,2015,-5,0.8406670093536377,ATCM38_wp012_e,2015,-5,0.9201749
Measure 451,Measure,2010,7,ATCM45_wp054_rev1_e,2023,-13,0.8111890554428101,ATCM39_wp026_e,2016,-6,0.9084272
Measure 451,Measure,2010,8,ATCM43_wp003_e,2021,-11,0.8073635101318359,ATCM43_wp003_e,2021,-11,0.9039236
Measure 451,Measure,2010,9,ATCM41_wp031_e,2018,-8,0.8071909546852112,ATCM41_wp031_e,2018,-8,0.8991568
Measure 451,Measure,2010,10,ATCM39_wp026_e,2016,-6,0.8043851852416992,ATCM45_wp054_rev1_e,2023,-13,0.89835703
Measure 489,Measure,2011,1,ATCM34_wp059_e,2011,0,0.9376359581947327,ATCM30_wp041_e,2007,4,0.97360456
Measure 489,Measure,2011,2,ATCM30_wp041_e,2007,4,0.8659676313400269,ATCM34_wp059_e,2011,0,0.96686405
Measure 489,Measure,2011,3,ATCM17_wp027_rev2_e,1992,19,0.7865105867385864,ATCM7_wp034_rev2_e,1972,39,0.91253066
Measure 489,Measure,2011,4,ATCM7_wp018_e,1972,39,0.7774693369865417,ATCM7_wp034_rev1_e,1972,39,0.9087718
Measure 489,Measure,2011,5,ATCM6_wp005_rev1_e,1970,41,0.7666552066802979,ATCM15_wp069_e,1989,22,0.88387895
Measure 489,Measure,2011,6,ATCM15_wp041_e,1989,22,0.7577402591705322,ATCM7_wp018_e,1972,39,0.87476355
Measure 489,Measure,2011,7,ATCM15_wp069_e,1989,22,0.7540781497955322,ATCM15_wp041_e,1989,22,0.8736898
Measure 489,Measure,2011,8,ATCM7_wp034_rev1_e,1972,39,0.75163733959198,ATCM6_wp005_rev1_e,1970,41,0.86842555
Measure 489,Measure,2011,9,ATCM6_wp005_e,1970,41,0.7494608759880066,ATCM17_wp027_rev2_e,1992,19,0.85517514
Measure 489,Measure,2011,10,ATCM7_wp034_rev2_e,1972,39,0.7493990063667297,ATCM6_wp005_e,1970,41,0.8462476
Resolution 521,Resolution,2012,1,ATCM35_wp049_e,2012,0,0.8874379992485046,ATCM35_wp049_e,2012,0,0.9671134
Resolution 521,Resolution,2012,2,ATCM33_wp001_e,2010,2,0.7968121767044067,ATCM33_wp046_e,2010,2,0.9051044
Resolution 521,Resolution,2012,3,ATCM21_wp009_e,1997,15,0.795498251914978,ATCM30_wp023_e,2007,5,0.90383875
Resolution 521,Resolution,2012,4,ATCM22_wp017_e,1998,14,0.7916601896286011,ATCM23_wp040_e,1999,13,0.8945502
Resolution 521,Resolution,2012,5,ATCM23_wp040_e,1999,13,0.7901636362075806,ATCM31_wp036_e,2008,4,0.8943658
Resolution 521,Resolution,2012,6,ATCM22_wp016_e,1998,14,0.787029504776001,ATCM33_wp001_e,2010,2,0.8814517
Resolution 521,Resolution,2012,7,ATCM30_wp014_rev1_e,2007,5,0.784758448600769,ATCM30_wp014_rev1_e,2007,5,0.86662996
Resolution 521,Resolution,2012,8,ATCM33_wp046_e,2010,2,0.7816635370254517,ATCM22_wp017_e,1998,14,0.85614
Resolution 521,Resolution,2012,9,ATCM30_wp023_e,2007,5,0.7746785879135132,ATCM22_wp016_e,1998,14,0.84726137
Resolution 521,Resolution,2012,10,ATCM31_wp036_e,2008,4,0.7733543515205383,ATCM21_wp009_e,1997,15,0.8270472
Measure 396,Measure,2008,1,ATCM42_wp003_e,2019,-11,0.8762795925140381,ATCM31_wp037_rev1_e,2008,0,0.98305905
Measure 396,Measure,2008,2,ATCM45_wp023_e,2023,-15,0.873897910118103,ATCM36_wp003_e,2013,-5,0.97963655
Measure 396,Measure,2008,3,ATCM31_wp037_rev1_e,2008,0,0.8687174320220947,ATCM42_wp003_e,2019,-11,0.97868
Measure 396,Measure,2008,4,ATCM36_wp003_e,2013,-5,0.8609442710876465,ATCM45_wp023_e,2023,-15,0.9780182
Measure 396,Measure,2008,5,ATCM46_wp023_e,2024,-16,0.7978571057319641,ATCM46_wp026_e,2024,-16,0.9061062
Measure 396,Measure,2008,6,ATCM35_wp044_e,2012,-4,0.7966917157173157,ATCM35_wp044_e,2012,-4,0.90012664
Measure 396,Measure,2008,7,ATCM39_wp027_e,2016,-8,0.7932932376861572,ATCM45_wp054_rev1_e,2023,-15,0.89791036
Measure 396,Measure,2008,8,ATCM46_wp026_e,2024,-16,0.7914597988128662,ATCM39_wp027_e,2016,-8,0.88995034
Measure 396,Measure,2008,9,ATCM43_wp045_e,2021,-13,0.7890752553939819,ATCM43_wp045_e,2021,-13,0.88347745
Measure 396,Measure,2008,10,ATCM45_wp054_rev1_e,2023,-15,0.787346363067627,ATCM46_wp023_e,2024,-16,0.8820626
Decision 491,Decision,2011,1,ATCM27_wp031_rev1_e,2004,7,0.8594664335250854,ATCM34_wp024_e,2011,0,0.9540689
Decision 491,Decision,2011,2,ATCM26_wp014_e,2003,8,0.8487393856048584,ATCM27_wp031_rev1_e,2004,7,0.9453187
Decision 491,Decision,2011,3,ATCM25_wp030_e,2002,9,0.7777090072631836,ATCM26_wp014_e,2003,8,0.9417828
Decision 491,Decision,2011,4,ATCM20_wp004_rev1_e,1996,15,0.7775838971138,ATCM33_wp051_e,2010,1,0.9351336
Decision 491,Decision,2011,5,ATCM30_wp002_e,2007,4,0.7759387493133545,ATCM25_wp030_e,2002,9,0.92525697
Decision 491,Decision,2011,6,ATCM34_wp024_e,2011,0,0.7626779079437256,ATCM20_wp004_rev1_e,1996,15,0.9194909
Decision 491,Decision,2011,7,ATCM33_wp051_e,2010,1,0.7449181079864502,ATCM30_wp002_e,2007,4,0.9119492
Decision 491,Decision,2011,8,ATCM25_wp020_e,2002,9,0.7418315410614014,ATCM16_wp049_e,1991,20,0.91023874
Decision 491,Decision,2011,9,ATCM16_wp049_e,1991,20,0.7287993431091309,ATCM25_wp020_e,2002,9,0.8969214
Decision 491,Decision,2011,10,ATCM26_wp022_e,2003,8,0.7243577837944031,ATCM26_wp022_e,2003,8,0.8802217
Recommendation 135,Recommendation,1981,1,ATCM11_wp029_e,1981,0,0.8464914560317993,ATCM11_wp029_e,1981,0,0.9544101
Recommendation 135,Recommendation,1981,2,ATCM21_wp003_e,1997,-16,0.751598596572876,ATCM21_wp015_rev2_e,1997,-16,0.94450533
Recommendation 135,Recommendation,1981,3,ATCM21_wp015_rev2_e,1997,-16,0.6809644103050232,ATCM21_wp003_e,1997,-16,0.94135296
Recommendation 135,Recommendation,1981,4,ATCM41_wp015_e,2018,-37,0.6778396964073181,ATCM41_wp015_e,2018,-37,0.9356059
Recommendation 135,Recommendation,1981,5,ATCM45_wp028_rev1_e,2023,-42,0.6448361277580261,ATCM45_wp028_rev1_e,2023,-42,0.9277177
Recommendation 135,Recommendation,1981,6,ATCM7_wp034_rev2_e,1972,9,0.6287285685539246,ATCM7_wp034_rev2_e,1972,9,0.88447905
Recommendation 135,Recommendation,1981,7,ATCM7_wp034_rev1_e,1972,9,0.6284677982330322,ATCM7_wp034_rev3_e,1972,9,0.87898064
Recommendation 135,Recommendation,1981,8,ATCM27_wp036_rev1_e,2004,-23,0.6276910305023193,ATCM7_wp034_rev1_e,1972,9,0.87582946
Recommendation 135,Recommendation,1981,9,ATCM7_wp034_rev3_e,1972,9,0.6274799704551697,ATCM6_wp009_e,1970,11,0.85947514
Recommendation 135,Recommendation,1981,10,ATCM6_wp009_e,1970,11,0.6237949728965759,ATCM27_wp036_rev1_e,2004,-23,0.7863604
Recommendation 94,Recommendation,1972,1,ATCM7_wp046_rev1_e,1972,0,0.8646896481513977,ATCM7_wp046_rev1_e,1972,0,0.90846777
Recommendation 94,Recommendation,1972,2,ATCM7_wp046_e,1972,0,0.8607351779937744,ATCM8_wp036_e,1975,-3,0.9042623
Recommendation 94,Recommendation,1972,3,ATCM8_wp036_e,1975,-3,0.8380112648010254,ATCM7_wp046_e,1972,0,0.8994221
Recommendation 94,Recommendation,1972,4,ATCM8_wp002_e,1975,-3,0.815241813659668,ATCM8_wp002_e,1975,-3,0.8854731
Recommendation 94,Recommendation,1972,5,ATCM16_wp020_e,1991,-19,0.8002492189407349,ATCM10_wp031_rev1_e,1979,-7,0.88063294
Recommendation 94,Recommendation,1972,6,ATCM8_wp003_e,1975,-3,0.7838731408119202,ATCM12_wp014_rev1_e,1983,-11,0.87646526
Recommendation 94,Recommendation,1972,7,ATCM10_wp031_rev1_e,1979,-7,0.7808434367179871,ATCM16_wp020_e,1991,-19,0.8648136
Recommendation 94,Recommendation,1972,8,ATCM12_wp014_rev1_e,1983,-11,0.7768847942352295,ATCM16_wp021_e,1991,-19,0.8636677
Recommendation 94,Recommendation,1972,9,ATCM16_wp021_e,1991,-19,0.7761110067367554,ATCM8_wp003_e,1975,-3,0.85805386
Recommendation 94,Recommendation,1972,10,ATCM7_wp009_e,1972,0,0.7706153988838196,ATCM7_wp009_e,1972,0,0.81850475
nan 370,Untyped,1988,1,ATCM5_wp044_e,1968,20,0.7892200946807861,ATCM5_wp026_e,1968,20,0.89033234
nan 370,Untyped,1988,2,ATCM5_wp026_e,1968,20,0.7787860631942749,ATCM21_wp008_e,1997,-9,0.88165563
nan 370,Untyped,1988,3,ATCM5_wp022_e,1968,20,0.770816445350647,ATCM5_wp044_e,1968,20,0.88063294
nan 370,Untyped,1988,4,ATCM5_wp050_e,1968,20,0.7679139375686646,ATCM7_wp023_e,1972,16,0.8770983
nan 370,Untyped,1988,5,ATCM5_wp050_rev1_e,1968,20,0.7617042064666748,ATCM5_wp042_rev3_e,1968,20,0.8585289
nan 370,Untyped,1988,6,ATCM5_wp040_e,1968,20,0.7617007493972778,ATCM5_wp022_e,1968,20,0.8542049
nan 370,Untyped,1988,7,ATCM7_wp023_e,1972,16,0.7559802532196045,ATCM5_wp050_e,1968,20,0.8242356
nan 370,Untyped,1988,8,ATCM21_wp008_e,1997,-9,0.7548545598983765,ATCM5_wp050_rev1_e,1968,20,0.81850475
nan 370,Untyped,1988,9,ATCM5_wp042_rev3_e,1968,20,0.7527350187301636,ATCM5_wp042_rev1_e,1968,20,0.80782473
nan 370,Untyped,1988,10,ATCM5_wp042_rev1_e,1968,20,0.751702070236206,ATCM5_wp040_e,1968,20,0.7413745
Measure 296,Measure,2003,1,ATCM31_wp061_e,2008,-5,0.878644585609436,ATCM30_wp038_e,2007,-4,0.965198
Measure 296,Measure,2003,2,ATCM32_wp003_e,2009,-6,0.8769752979278564,ATCM24_wp016_e,2001,2,0.96247613
Measure 296,Measure,2003,3,ATCM30_wp038_e,2007,-4,0.8551790714263916,ATCM31_wp061_e,2008,-5,0.9584756
Measure 296,Measure,2003,4,ATCM24_wp016_e,2001,2,0.8501943349838257,ATCM32_wp003_e,2009,-6,0.9525035
Measure 296,Measure,2003,5,ATCM20_wp013_e,1996,7,0.8232635855674744,ATCM20_wp013_e,1996,7,0.92368877
Measure 296,Measure,2003,6,ATCM5_wp046_e,1968,35,0.812262237071991,ATCM14_wp031_rev1_e,1987,16,0.8954678
Measure 296,Measure,2003,7,ATCM14_wp013_e,1987,16,0.8069078326225281,ATCM14_wp013_e,1987,16,0.8832763
Measure 296,Measure,2003,8,ATCM6_wp005_e,1970,33,0.8038291335105896,ATCM6_wp005_rev1_e,1970,33,0.88124746
Measure 296,Measure,2003,9,ATCM6_wp005_rev1_e,1970,33,0.8037954568862915,ATCM5_wp046_e,1968,35,0.87129974
Measure 296,Measure,2003,10,ATCM14_wp031_rev1_e,1987,16,0.8027271032333374,ATCM6_wp005_e,1970,33,0.86595124
Measure 335,Measure,2005,1,ATCM28_wp003_e,2005,0,0.8178996443748474,ATCM28_wp039_e,2005,0,0.9620506
Measure 335,Measure,2005,2,ATCM28_wp039_e,2005,0,0.7746074199676514,ATCM28_wp003_e,2005,0,0.9619076
Measure 335,Measure,2005,3,ATCM5_wp031_rev1_e,1968,37,0.7109500169754028,ATCM7_wp034_rev2_e,1972,33,0.9497813
Measure 335,Measure,2005,4,ATCM5_wp031_e,1968,37,0.6985405683517456,ATCM7_wp034_rev3_e,1972,33,0.9452176
Measure 335,Measure,2005,5,ATCM6_wp009_e,1970,35,0.694477379322052,ATCM7_wp034_rev1_e,1972,33,0.9439912
Measure 335,Measure,2005,6,ATCM7_wp003_e,1972,33,0.6862955093383789,ATCM7_wp003_e,1972,33,0.9329682
Measure 335,Measure,2005,7,ATCM7_wp034_rev2_e,1972,33,0.683948814868927,ATCM6_wp009_e,1970,35,0.92639697
Measure 335,Measure,2005,8,ATCM7_wp034_rev1_e,1972,33,0.6837506294250488,ATCM20_wp014_e,1996,9,0.9167006
Measure 335,Measure,2005,9,ATCM7_wp034_rev3_e,1972,33,0.683132529258728,ATCM5_wp031_e,1968,37,0.91463643
Measure 335,Measure,2005,10,ATCM20_wp014_e,1996,9,0.6808234453201294,ATCM5_wp031_rev1_e,1968,37,0.9140244
Recommendation 97,Recommendation,1972,1,ATCM8_wp049_e,1975,-3,0.940864086151123,ATCM8_wp043_e,1975,-3,0.9521488
Recommendation 97,Recommendation,1972,2,ATCM9_wp057_e,1977,-5,0.9179400205612183,ATCM8_wp049_e,1975,-3,0.94996727
Recommendation 97,Recommendation,1972,3,ATCM7_wp050_e,1972,0,0.9178470373153687,ATCM8_wp024_e,1975,-3,0.94188976
Recommendation 97,Recommendation,1972,4,ATCM9_wp080_e,1977,-5,0.9118607044219971,ATCM9_wp057_e,1977,-5,0.9388232
Recommendation 97,Recommendation,1972,5,ATCM8_wp024_e,1975,-3,0.9106031656265259,ATCM7_wp048_e,1972,0,0.9380332
Recommendation 97,Recommendation,1972,6,ATCM7_wp017_rev1_e,1972,0,0.9060649275779724,ATCM9_wp080_e,1977,-5,0.93688816
Recommendation 97,Recommendation,1972,7,ATCM8_wp023_e,1975,-3,0.9026363492012024,ATCM7_wp017_rev1_e,1972,0,0.9356059
Recommendation 97,Recommendation,1972,8,ATCM8_wp043_e,1975,-3,0.8993455767631531,ATCM8_wp023_e,1975,-3,0.92908084
Recommendation 97,Recommendation,1972,9,ATCM7_wp048_e,1972,0,0.8865561485290527,ATCM7_wp050_e,1972,0,0.92525697
Recommendation 97,Recommendation,1972,10,ATCM10_wp048_e,1979,-7,0.8858203291893005,ATCM10_wp048_e,1979,-7,0.9177202
nan 317,Untyped,1989,1,ATCM14_wp003_e,1987,2,0.7774237394332886,ATCM15_wp045_e,1989,0,0.8993338
nan 317,Untyped,1989,2,ATCM3_wp022_rev1_e,1964,25,0.751575231552124,ATCM14_wp003_e,1987,2,0.89297384
nan 317,Untyped,1989,3,ATCM14_wp026_e,1987,2,0.7515069842338562,ATCM14_wp026_e,1987,2,0.8832763
nan 317,Untyped,1989,4,ATCM3_wp025_rev2_e,1964,25,0.7490209341049194,ATCM3_wp014_e,1964,25,0.88124746
nan 317,Untyped,1989,5,ATCM3_wp014_e,1964,25,0.7426251173019409,ATCM3_wp022_e,1964,25,0.8627453
nan 317,Untyped,1989,6,ATCM3_wp022_e,1964,25,0.7424324750900269,ATCM3_wp025_rev2_e,1964,25,0.8575773
nan 317,Untyped,1989,7,ATCM8_wp032_e,1975,14,0.7375848889350891,ATCM8_wp032_e,1975,14,0.8502698
nan 317,Untyped,1989,8,ATCM3_wp025_rev3_e,1964,25,0.7346083521842957,ATCM3_wp022_rev1_e,1964,25,0.8457387
nan 317,Untyped,1989,9,ATCM4_wp063_e,1966,23,0.7341679930686951,ATCM3_wp025_rev3_e,1964,25,0.84265614
nan 317,Untyped,1989,10,ATCM15_wp045_e,1989,0,0.7332611083984375,ATCM4_wp063_e,1966,23,0.8173413
Decision 339,Decision,2005,1,ATCM28_wp057_e,2005,0,0.891809344291687,ATCM40_wp003_e,2017,-12,0.9426336
Decision 339,Decision,2005,2,ATCM14_wp003_e,1987,18,0.8865339756011963,ATCM28_wp057_e,2005,0,0.93814665
Decision 339,Decision,2005,3,ATCM14_wp026_e,1987,18,0.8447519540786743,ATCM14_wp026_e,1987,18,0.92173886
Decision 339,Decision,2005,4,ATCM40_wp003_e,2017,-12,0.8334393501281738,ATCM14_wp003_e,1987,18,0.91828996
Decision 339,Decision,2005,5,ATCM15_wp045_e,1989,16,0.8323448896408081,ATCM15_wp045_e,1989,16,0.90797937
Decision 339,Decision,2005,6,ATCM28_wp054_e,2005,0,0.8067660331726074,ATCM28_wp054_e,2005,0,0.8690936
Decision 339,Decision,2005,7,ATCM3_wp014_e,1964,41,0.7962234020233154,ATCM3_wp022_e,1964,41,0.8670808
Decision 339,Decision,2005,8,ATCM3_wp022_rev1_e,1964,41,0.7927410006523132,ATCM3_wp014_e,1964,41,0.8636677
Decision 339,Decision,2005,9,ATCM3_wp022_e,1964,41,0.7857092022895813,ATCM3_wp022_rev1_e,1964,41,0.85614
Decision 339,Decision,2005,10,ATCM28_wp055_e,2005,0,0.782142162322998,ATCM28_wp055_e,2005,0,0.84877175
Measure 318,Measure,2004,1,ATCM38_wp008_e,2015,-11,0.7965556383132935,ATCM38_wp008_e,2015,-11,0.93938166
Measure 318,Measure,2004,2,ATCM34_wp057_e,2011,-7,0.7714329957962036,ATCM34_wp057_e,2011,-7,0.92233557
Measure 318,Measure,2004,3,ATCM27_wp001_e,2004,0,0.7707021832466125,ATCM27_wp001_e,2004,0,0.92120886
Measure 318,Measure,2004,4,ATCM8_wp001_e,1975,29,0.7675558924674988,ATCM20_wp016_e,1996,8,0.9128451
Measure 318,Measure,2004,5,ATCM36_wp063_e,2013,-9,0.7646068334579468,ATCM26_wp027_e,2003,1,0.90785694
Measure 318,Measure,2004,6,ATCM44_wp015_e,2022,-18,0.7645092010498047,ATCM8_wp001_e,1975,29,0.8931604
Measure 318,Measure,2004,7,ATCM8_wp002_e,1975,29,0.7642197012901306,ATCM7_wp009_e,1972,32,0.8886042
Measure 318,Measure,2004,8,ATCM26_wp027_e,2003,1,0.7641376256942749,ATCM8_wp002_e,1975,29,0.88063294
Measure 318,Measure,2004,9,ATCM7_wp009_e,1972,32,0.7634246349334717,ATCM36_wp063_e,2013,-9,0.87898064
Measure 318,Measure,2004,10,ATCM20_wp016_e,1996,8,0.7626862525939941,ATCM44_wp015_e,2022,-18,0.87476355
Recommendation 139,Recommendation,1983,1,ATCM12_wp025_e,1983,0,0.9392358660697937,ATCM15_wp016_e,1989,-6,0.95705354
Recommendation 139,Recommendation,1983,2,ATCM12_wp007_e,1983,0,0.8594522476196289,ATCM15_wp063_e,1989,-6,0.9568927
Recommendation 139,Recommendation,1983,3,ATCM15_wp016_e,1989,-6,0.8344064950942993,ATCM8_wp009_rev1_e,1975,8,0.9528557
Recommendation 139,Recommendation,1983,4,ATCM8_wp009_rev1_e,1975,8,0.8314225673675537,ATCM12_wp007_e,1983,0,0.94769174
Recommendation 139,Recommendation,1983,5,ATCM15_wp063_e,1989,-6,0.7994553446769714,ATCM15_wp010_e,1989,-6,0.9365409
Recommendation 139,Recommendation,1983,6,ATCM15_wp010_e,1989,-6,0.7963159680366516,ATCM12_wp025_e,1983,0,0.9148934
Recommendation 139,Recommendation,1983,7,ATCM7_wp015_e,1972,11,0.7703118324279785,ATCM7_wp015_e,1972,11,0.9056482
Recommendation 139,Recommendation,1983,8,ATCM8_wp029_rev3_e,1975,8,0.7626503705978394,ATCM8_wp029_rev3_e,1975,8,0.8697588
Recommendation 139,Recommendation,1983,9,ATCM15_wp059_e,1989,-6,0.7612082362174988,ATCM35_wp021_e,2012,-29,0.8632072
Recommendation 139,Recommendation,1983,10,ATCM35_wp021_e,2012,-29,0.7504094839096069,ATCM15_wp059_e,1989,-6,0.8405733
Decision 251,Decision,1998,1,ATCM14_wp003_e,1987,11,0.7568892240524292,ATCM28_wp057_e,2005,-7,0.92403215
Decision 251,Decision,1998,2,ATCM28_wp057_e,2005,-7,0.7555428743362427,ATCM3_wp014_e,1964,34,0.8971919
Decision 251,Decision,1998,3,ATCM15_wp045_e,1989,9,0.7491530776023865,ATCM15_wp045_e,1989,9,0.89637846
Decision 251,Decision,1998,4,ATCM14_wp026_e,1987,11,0.7352520823478699,ATCM38_wp033_e,2015,-17,0.8939036
Decision 251,Decision,1998,5,ATCM38_wp033_e,2015,-17,0.7292349338531494,ATCM3_wp022_rev1_e,1964,34,0.8791883
Decision 251,Decision,1998,6,ATCM11_wp036_e,1981,17,0.7186487317085266,ATCM14_wp003_e,1987,11,0.87646526
Decision 251,Decision,1998,7,ATCM9_wp069_e,1977,21,0.7176890969276428,ATCM14_wp026_e,1987,11,0.85947514
Decision 251,Decision,1998,8,ATCM12_wp027_rev1_e,1983,15,0.7166608572006226,ATCM11_wp036_e,1981,17,0.82196057
Decision 251,Decision,1998,9,ATCM3_wp014_e,1964,34,0.7127816081047058,ATCM9_wp069_e,1977,21,0.81083864
Decision 251,Decision,1998,10,ATCM3_wp022_rev1_e,1964,34,0.7107329368591309,ATCM12_wp027_rev1_e,1983,15,0.7383673
Measure 572,Measure,2014,1,ATCM43_wp031_e,2021,-7,0.8746113777160645,ATCM36_wp063_e,2013,1,0.9717361
Measure 572,Measure,2014,2,ATCM36_wp063_e,2013,1,0.8711053133010864,ATCM43_wp031_e,2021,-7,0.9552524
Measure 572,Measure,2014,3,ATCM37_wp021_e,2014,0,0.8555054068565369,ATCM37_wp021_e,2014,0,0.9547488
Measure 572,Measure,2014,4,ATCM30_wp008_e,2007,7,0.784578800201416,ATCM29_wp008_e,2006,8,0.9514318
Measure 572,Measure,2014,5,ATCM28_wp027_rev1_e,2005,9,0.771298885345459,ATCM37_wp031_e,2014,0,0.9488415
Measure 572,Measure,2014,6,ATCM29_wp008_e,2006,8,0.7700425386428833,ATCM28_wp027_rev1_e,2005,9,0.9415683
Measure 572,Measure,2014,7,ATCM46_wp023_e,2024,-10,0.7665845155715942,ATCM30_wp008_e,2007,7,0.93035704
Measure 572,Measure,2014,8,ATCM44_wp015_e,2022,-8,0.765387773513794,ATCM42_wp035_e,2019,-5,0.90635514
Measure 572,Measure,2014,9,ATCM37_wp031_e,2014,0,0.7586182355880737,ATCM44_wp015_e,2022,-8,0.90108824
Measure 572,Measure,2014,10,ATCM42_wp035_e,2019,-5,0.7586043477058411,ATCM46_wp023_e,2024,-10,0.8858686
Resolution 227,Resolution,1995,1,ATCM31_wp026_e,2008,-13,0.8424662947654724,ATCM31_wp054_e,2008,-13,0.96760666
Resolution 227,Resolution,1995,2,ATCM30_wp033_e,2007,-12,0.8420166373252869,ATCM20_wp006_e,1996,-1,0.9619076
Resolution 227,Resolution,1995,3,ATCM29_wp033_e,2006,-11,0.841597318649292,ATCM31_wp026_e,2008,-13,0.9586308
Resolution 227,Resolution,1995,4,ATCM31_wp054_e,2008,-13,0.8392415046691895,ATCM29_wp033_e,2006,-11,0.9545797
Resolution 227,Resolution,1995,5,ATCM20_wp006_e,1996,-1,0.8271346092224121,ATCM30_wp033_e,2007,-12,0.95125103
Resolution 227,Resolution,1995,6,ATCM21_wp026_e,1997,-2,0.8145196437835693,ATCM18_wp034_e,1994,1,0.94491345
Resolution 227,Resolution,1995,7,ATCM18_wp036_e,1994,1,0.8129822611808777,ATCM21_wp026_e,1997,-2,0.9433685
Resolution 227,Resolution,1995,8,ATCM38_wp019_rev1_e,2015,-20,0.8101757168769836,ATCM18_wp036_e,1994,1,0.94252783
Resolution 227,Resolution,1995,9,ATCM18_wp034_e,1994,1,0.8083945512771606,ATCM33_wp026_e,2010,-15,0.92888767
Resolution 227,Resolution,1995,10,ATCM33_wp026_e,2010,-15,0.8082460165023804,ATCM38_wp019_rev1_e,2015,-20,0.9065208
Measure 485,Measure,2011,1,ATCM34_wp006_e,2011,0,0.881151556968689,ATCM44_wp002_e,2022,-11,0.98478764
Measure 485,Measure,2011,2,ATCM39_wp002_e,2016,-5,0.8700255155563354,ATCM34_wp006_e,2011,0,0.9845517
Measure 485,Measure,2011,3,ATCM44_wp002_e,2022,-11,0.8667097687721252,ATCM39_wp002_e,2016,-5,0.98406917
Measure 485,Measure,2011,4,ATCM45_wp045_e,2023,-12,0.8270350098609924,ATCM45_wp045_e,2023,-12,0.9829285
Measure 485,Measure,2011,5,ATCM38_wp026_e,2015,-4,0.8117959499359131,ATCM38_wp026_e,2015,-4,0.9271921
Measure 485,Measure,2011,6,ATCM35_wp060_e,2012,-1,0.8101736307144165,ATCM35_wp044_e,2012,-1,0.9200673
Measure 485,Measure,2011,7,ATCM36_wp059_e,2013,-2,0.8092159032821655,ATCM36_wp059_e,2013,-2,0.9154808
Measure 485,Measure,2011,8,ATCM35_wp061_e,2012,-1,0.8091630935668945,ATCM44_wp046_e,2022,-11,0.9083459
Measure 485,Measure,2011,9,ATCM44_wp046_e,2022,-11,0.8089420795440674,ATCM35_wp061_e,2012,-1,0.89574176
Measure 485,Measure,2011,10,ATCM35_wp044_e,2012,-1,0.8031863570213318,ATCM35_wp060_e,2012,-1,0.8854731
Measure 527,Measure,2013,1,ATCM41_wp004_e,2018,-5,0.8916598558425903,ATCM36_wp012_e,2013,0,0.97835165
Measure 527,Measure,2013,2,ATCM36_wp012_e,2013,0,0.8883041143417358,ATCM45_wp006_e,2023,-10,0.9738046
Measure 527,Measure,2013,3,ATCM45_wp006_e,2023,-10,0.8826898336410522,ATCM41_wp004_e,2018,-5,0.9713038
Measure 527,Measure,2013,4,ATCM16_wp015_e,1991,22,0.8512364625930786,ATCM16_wp015_e,1991,22,0.9346581
Measure 527,Measure,2013,5,ATCM44_wp043_e,2022,-9,0.8390307426452637,ATCM36_wp059_e,2013,0,0.9141874
Measure 527,Measure,2013,6,ATCM36_wp059_e,2013,0,0.8314105272293091,ATCM41_wp031_e,2018,-5,0.9120814
Measure 527,Measure,2013,7,ATCM41_wp031_e,2018,-5,0.830456554889679,ATCM44_wp042_e,2022,-9,0.89897954
Measure 527,Measure,2013,8,ATCM39_wp026_e,2016,-3,0.8291656970977783,ATCM39_wp026_e,2016,-3,0.895924
Measure 527,Measure,2013,9,ATCM44_wp042_e,2022,-9,0.8276385068893433,ATCM44_wp043_e,2022,-9,0.8919429
Measure 527,Measure,2013,10,ATCM46_wp023_e,2024,-11,0.8265767097473145,ATCM46_wp023_e,2024,-11,0.8915658
Measure 590,Measure,2015,1,ATCM43_wp020_e,2021,-6,0.9218772649765015,ATCM38_wp025_e,2015,0,0.97516406
Measure 590,Measure,2015,2,ATCM38_wp025_e,2015,0,0.909224271774292,ATCM43_wp020_e,2021,-6,0.96996796
Measure 590,Measure,2015,3,ATCM36_wp059_e,2013,2,0.8025347590446472,ATCM32_wp027_e,2009,6,0.95491725
Measure 590,Measure,2015,4,ATCM35_wp060_e,2012,3,0.7941924333572388,ATCM4_wp055_rev1_e,1966,49,0.91858256
Measure 590,Measure,2015,5,ATCM44_wp046_e,2022,-7,0.7923362851142883,ATCM4_wp055_e,1966,49,0.91070634
Measure 590,Measure,2015,6,ATCM46_wp023_e,2024,-9,0.7921302318572998,ATCM36_wp059_e,2013,2,0.90134907
Measure 590,Measure,2015,7,ATCM35_wp061_e,2012,3,0.7920541763305664,ATCM44_wp046_e,2022,-7,0.8950099
Measure 590,Measure,2015,8,ATCM32_wp027_e,2009,6,0.7920469641685486,ATCM46_wp023_e,2024,-9,0.8872437
Measure 590,Measure,2015,9,ATCM4_wp055_rev1_e,1966,49,0.7842408418655396,ATCM35_wp061_e,2012,3,0.87604177
Measure 590,Measure,2015,10,ATCM4_wp055_e,1966,49,0.7837517261505127,ATCM35_wp060_e,2012,3,0.8745494
Resolution 281,Resolution,2001,1,ATCM25_wp030_e,2002,-1,0.8831154704093933,ATCM25_wp030_e,2002,-1,0.97590977
Resolution 281,Resolution,2001,2,ATCM27_wp031_rev1_e,2004,-3,0.8564552068710327,ATCM26_wp014_e,2003,-2,0.9459213
Resolution 281,Resolution,2001,3,ATCM26_wp014_e,2003,-2,0.8408796787261963,ATCM27_wp031_rev1_e,2004,-3,0.94102865
Resolution 281,Resolution,2001,4,ATCM20_wp004_rev1_e,1996,5,0.8171760439872742,ATCM20_wp004_rev1_e,1996,5,0.9363083
Resolution 281,Resolution,2001,5,ATCM16_wp024_e,1991,10,0.8167123198509216,ATCM16_wp024_e,1991,10,0.9197795
Resolution 281,Resolution,2001,6,ATCM17_wp025_e,1992,9,0.8010988235473633,ATCM25_wp020_e,2002,-1,0.91397643
Resolution 281,Resolution,2001,7,ATCM25_wp020_e,2002,-1,0.8003787994384766,ATCM16_wp036_e,1991,10,0.9012622
Resolution 281,Resolution,2001,8,ATCM16_wp036_e,1991,10,0.7774895429611206,ATCM17_wp025_e,1992,9,0.88685226
Resolution 281,Resolution,2001,9,ATCM16_wp023_e,1991,10,0.7760476469993591,ATCM16_wp023_e,1991,10,0.88124746
Resolution 281,Resolution,2001,10,ATCM16_wp028_e,1991,10,0.7758920192718506,ATCM16_wp028_e,1991,10,0.8613517
Resolution 515,Resolution,2012,1,ATCM35_wp031_e,2012,0,0.8877898454666138,ATCM35_wp031_e,2012,0,0.9841912
Resolution 515,Resolution,2012,2,ATCM34_wp040_e,2011,1,0.8588109016418457,ATCM34_wp040_e,2011,1,0.9648021
Resolution 515,Resolution,2012,3,ATCM37_wp047_rev1_e,2014,-2,0.7539148926734924,ATCM37_wp047_rev1_e,2014,-2,0.9077138
Resolution 515,Resolution,2012,4,ATCM18_wp004_e,1994,18,0.7525806427001953,ATCM47_wp026_e,2025,-13,0.8802217
Resolution 515,Resolution,2012,5,ATCM22_wp022_e,1998,14,0.7447630763053894,ATCM22_wp022_e,1998,14,0.8721733
Resolution 515,Resolution,2012,6,ATCM23_wp027_e,1999,13,0.7421779036521912,ATCM18_wp004_e,1994,18,0.823101
Resolution 515,Resolution,2012,7,ATCM17_wp031_e,1992,20,0.742032527923584,ATCM15_wp023_e,1989,23,0.8167574
Resolution 515,Resolution,2012,8,ATCM16_wp028_e,1991,21,0.7328529953956604,ATCM17_wp031_e,1992,20,0.8167574
Resolution 515,Resolution,2012,9,ATCM15_wp023_e,1989,23,0.7321747541427612,ATCM16_wp028_e,1991,21,0.7985641
Resolution 515,Resolution,2012,10,ATCM47_wp026_e,2025,-13,0.7313822507858276,ATCM23_wp027_e,1999,13,0.7941296
Measure 588,Measure,2015,1,ATCM38_wp012_e,2015,0,0.8869978189468384,ATCM43_wp029_e,2021,-6,0.97750866
Measure 588,Measure,2015,2,ATCM43_wp029_e,2021,-6,0.8865503072738647,ATCM38_wp012_e,2015,0,0.97590977
Measure 588,Measure,2015,3,ATCM28_wp042_e,2005,10,0.8611648082733154,ATCM33_wp038_e,2010,5,0.95816356
Measure 588,Measure,2015,4,ATCM33_wp038_e,2010,5,0.8322725296020508,ATCM28_wp042_e,2005,10,0.9545797
Measure 588,Measure,2015,5,ATCM43_wp050_e,2021,-6,0.8209836483001709,ATCM43_wp050_e,2021,-6,0.909337
Measure 588,Measure,2015,6,ATCM44_wp032_e,2022,-7,0.8052694797515869,ATCM44_wp045_e,2022,-7,0.9029439
Measure 588,Measure,2015,7,ATCM43_wp020_e,2021,-6,0.8041223287582397,ATCM44_wp032_e,2022,-7,0.90212786
Measure 588,Measure,2015,8,ATCM44_wp045_e,2022,-7,0.8032687902450562,ATCM43_wp020_e,2021,-6,0.896015
Measure 588,Measure,2015,9,ATCM46_wp023_e,2024,-9,0.8020364046096802,ATCM46_wp023_e,2024,-9,0.892037
Measure 588,Measure,2015,10,ATCM44_wp040_e,2022,-7,0.8014256954193115,ATCM44_wp040_e,2022,-7,0.888217
Recommendation 60,Recommendation,1966,1,ATCM4_wp060_rev1_e,1966,0,0.9036582708358765,ATCM4_wp060_rev1_e,1966,0,0.9717361
Recommendation 60,Recommendation,1966,2,ATCM4_wp060_e,1966,0,0.8882266283035278,ATCM4_wp060_e,1966,0,0.96760666
Recommendation 60,Recommendation,1966,3,ATCM4_wp043_e,1966,0,0.7559276223182678,ATCM5_wp022_e,1968,-2,0.94996727
Recommendation 60,Recommendation,1966,4,ATCM5_wp040_e,1968,-2,0.7535061836242676,ATCM5_wp013_e,1968,-2,0.92251027
Recommendation 60,Recommendation,1966,5,ATCM5_wp013_e,1968,-2,0.7424411773681641,ATCM5_wp040_e,1968,-2,0.90672743
Recommendation 60,Recommendation,1966,6,ATCM5_wp042_rev3_e,1968,-2,0.7418957948684692,ATCM4_wp043_e,1966,0,0.8965597
Recommendation 60,Recommendation,1966,7,ATCM5_wp041_e,1968,-2,0.7386832237243652,ATCM5_wp042_rev3_e,1968,-2,0.8895672
Recommendation 60,Recommendation,1966,8,ATCM7_wp013_e,1972,-6,0.7369797229766846,ATCM7_wp013_e,1972,-6,0.87980926
Recommendation 60,Recommendation,1966,9,ATCM5_wp041_rev1_e,1968,-2,0.7350641489028931,ATCM5_wp041_e,1968,-2,0.8636677
Recommendation 60,Recommendation,1966,10,ATCM5_wp022_e,1968,-2,0.7318705320358276,ATCM5_wp041_rev1_e,1968,-2,0.8613517
Recommendation 7,Recommendation,1961,1,ATCM1_wp007_e,1961,0,0.9462563395500183,ATCM1_wp007_e,1961,0,0.95705354
Recommendation 7,Recommendation,1961,2,ATCM7_wp031_e,1972,-11,0.9074702262878418,ATCM8_wp008_e,1975,-14,0.93848586
Recommendation 7,Recommendation,1961,3,ATCM8_wp008_e,1975,-14,0.8931245803833008,ATCM2_wp006_e,1962,-1,0.9365409
Recommendation 7,Recommendation,1961,4,ATCM6_wp006_rev1_e,1970,-9,0.8344414234161377,ATCM2_wp020_e,1962,-1,0.9330902
Recommendation 7,Recommendation,1961,5,ATCM2_wp006_e,1962,-1,0.8298527598381042,ATCM7_wp031_e,1972,-11,0.92403215
Recommendation 7,Recommendation,1961,6,ATCM2_wp020_e,1962,-1,0.811255693435669,ATCM2_wp021_e,1962,-1,0.923895
Recommendation 7,Recommendation,1961,7,ATCM16_wp042_e,1991,-30,0.8089444637298584,ATCM4_wp024_e,1966,-5,0.9194547
Recommendation 7,Recommendation,1961,8,ATCM4_wp024_e,1966,-5,0.8053231239318848,ATCM23_wp033_e,1999,-38,0.9176649
Recommendation 7,Recommendation,1961,9,ATCM23_wp033_e,1999,-38,0.8002476692199707,ATCM16_wp042_e,1991,-30,0.9046842
Recommendation 7,Recommendation,1961,10,ATCM2_wp021_e,1962,-1,0.7996671199798584,ATCM6_wp006_rev1_e,1970,-9,0.9040931
Measure 576,Measure,2014,1,ATCM37_wp025_e,2014,0,0.8302621841430664,ATCM37_wp025_e,2014,0,0.9598525
Measure 576,Measure,2014,2,ATCM26_wp010_e,2003,11,0.803891658782959,ATCM26_wp010_e,2003,11,0.9474978
Measure 576,Measure,2014,3,ATCM44_wp042_e,2022,-8,0.786609411239624,ATCM25_wp003_e,2002,12,0.93677264
Measure 576,Measure,2014,4,ATCM36_wp059_e,2013,1,0.7864632606506348,ATCM44_wp041_e,2022,-8,0.8732581
Measure 576,Measure,2014,5,ATCM25_wp003_e,2002,12,0.7856950759887695,ATCM44_wp042_e,2022,-8,0.8710806
Measure 576,Measure,2014,6,ATCM44_wp046_e,2022,-8,0.7829933762550354,ATCM35_wp061_e,2012,2,0.8636677
Measure 576,Measure,2014,7,ATCM35_wp058_e,2012,2,0.7818344235420227,ATCM35_wp058_e,2012,2,0.85805386
Measure 576,Measure,2014,8,ATCM43_wp020_e,2021,-7,0.7803399562835693,ATCM43_wp020_e,2021,-7,0.8566205
Measure 576,Measure,2014,9,ATCM44_wp041_e,2022,-8,0.7797994613647461,ATCM44_wp046_e,2022,-8,0.85614
Measure 576,Measure,2014,10,ATCM35_wp061_e,2012,2,0.7785763740539551,ATCM36_wp059_e,2013,1,0.8537177
Measure 241,Measure,1997,1,ATCM8_wp002_e,1975,22,0.8363693952560425,ATCM21_wp029_rev1_e,1997,0,0.93949276
Measure 241,Measure,1997,2,ATCM24_wp033_e,2001,-4,0.8261129856109619,ATCM46_wp023_e,2024,-27,0.93665683
Measure 241,Measure,1997,3,ATCM21_wp030_e,1997,0,0.8247808814048767,ATCM21_wp030_e,1997,0,0.935252
Measure 241,Measure,1997,4,ATCM16_wp057_e,1991,6,0.8239150643348694,ATCM8_wp035_e,1975,22,0.9341793
Measure 241,Measure,1997,5,ATCM8_wp035_e,1975,22,0.8199725151062012,ATCM16_wp057_e,1991,6,0.9287585
Measure 241,Measure,1997,6,ATCM16_wp054_e,1991,6,0.8186307549476624,ATCM8_wp002_e,1975,22,0.9201749
Measure 241,Measure,1997,7,ATCM16_wp054_rev1_e,1991,6,0.8172006607055664,ATCM24_wp033_e,2001,-4,0.9190923
Measure 241,Measure,1997,8,ATCM46_wp023_e,2024,-27,0.813106119632721,ATCM16_wp054_rev1_e,1991,6,0.91233563
Measure 241,Measure,1997,9,ATCM21_wp029_rev1_e,1997,0,0.8121044635772705,ATCM16_wp054_e,1991,6,0.9070985
Measure 241,Measure,1997,10,ATCM12_wp014_rev1_e,1983,14,0.8115062713623047,ATCM12_wp014_rev1_e,1983,14,0.89665025
Measure 574,Measure,2014,1,ATCM45_wp059_e,2023,-9,0.8874191045761108,ATCM45_wp059_e,2023,-9,0.97716254
Measure 574,Measure,2014,2,ATCM35_wp003_e,2012,2,0.8386238813400269,ATCM42_wp004_e,2019,-5,0.96833336
Measure 574,Measure,2014,3,ATCM36_wp054_rev1_e,2013,1,0.8370068073272705,ATCM36_wp054_rev1_e,2013,1,0.95816356
Measure 574,Measure,2014,4,ATCM42_wp004_e,2019,-5,0.823745846748352,ATCM35_wp003_e,2012,2,0.9575327
Measure 574,Measure,2014,5,ATCM35_wp060_e,2012,2,0.8206871151924133,ATCM37_wp031_e,2014,0,0.94651765
Measure 574,Measure,2014,6,ATCM37_wp031_e,2014,0,0.8191772699356079,ATCM38_wp026_e,2015,-1,0.92138594
Measure 574,Measure,2014,7,ATCM38_wp026_e,2015,-1,0.8176594972610474,ATCM37_wp052_e,2014,0,0.91806984
Measure 574,Measure,2014,8,ATCM37_wp054_e,2014,0,0.8118485808372498,ATCM35_wp044_e,2012,2,0.9178492
Measure 574,Measure,2014,9,ATCM35_wp044_e,2012,2,0.8100138902664185,ATCM37_wp054_e,2014,0,0.91401964
Measure 574,Measure,2014,10,ATCM37_wp052_e,2014,0,0.8072327375411987,ATCM35_wp060_e,2012,2,0.8822656
Resolution 236,Resolution,1996,1,ATCM24_wp033_e,2001,-5,0.9215550422668457,ATCM20_wp026_e,1996,0,0.94996727
Resolution 236,Resolution,1996,2,ATCM10_wp031_rev1_e,1979,17,0.9118180274963379,ATCM16_wp020_e,1991,5,0.9326008
Resolution 236,Resolution,1996,3,ATCM20_wp026_e,1996,0,0.9117646217346191,ATCM24_wp033_e,2001,-5,0.92525697
Resolution 236,Resolution,1996,4,ATCM12_wp017_rev1_e,1983,13,0.9100490212440491,ATCM10_wp031_rev1_e,1979,17,0.9204256
Resolution 236,Resolution,1996,5,ATCM16_wp020_e,1991,5,0.9057786464691162,ATCM8_wp002_e,1975,21,0.91836315
Resolution 236,Resolution,1996,6,ATCM10_wp031_e,1979,17,0.9004425406455994,ATCM10_wp031_e,1979,17,0.9125429
Resolution 236,Resolution,1996,7,ATCM8_wp002_e,1975,21,0.8663360476493835,ATCM10_wp039_e,1979,17,0.8994221
Resolution 236,Resolution,1996,8,ATCM10_wp039_e,1979,17,0.8616805076599121,ATCM10_wp039_rev1_e,1979,17,0.89791036
Resolution 236,Resolution,1996,9,ATCM10_wp039_rev1_e,1979,17,0.8603553771972656,ATCM12_wp017_rev1_e,1983,13,0.8927871
Resolution 236,Resolution,1996,10,ATCM10_wp004_e,1979,17,0.8562630414962769,ATCM10_wp004_e,1979,17,0.8852749
Recommendation 148,Recommendation,1985,1,ATCM14_wp017_e,1987,-2,0.8412973880767822,ATCM14_wp017_e,1987,-2,0.973403
Recommendation 148,Recommendation,1985,2,ATCM7_wp045_e,1972,13,0.8336775898933411,ATCM14_wp011_e,1987,-2,0.9719499
Recommendation 148,Recommendation,1985,3,ATCM14_wp011_e,1987,-2,0.8243192434310913,ATCM8_wp001_e,1975,10,0.965198
Recommendation 148,Recommendation,1985,4,ATCM7_wp009_e,1972,13,0.8242058753967285,ATCM7_wp045_e,1972,13,0.959093
Recommendation 148,Recommendation,1985,5,ATCM7_wp045_rev1_e,1972,13,0.8221832513809204,ATCM7_wp009_e,1972,13,0.9589395
Recommendation 148,Recommendation,1985,6,ATCM8_wp001_e,1975,10,0.8201091885566711,ATCM15_wp021_e,1989,-4,0.9584756
Recommendation 148,Recommendation,1985,7,ATCM8_wp003_e,1975,10,0.8193975687026978,ATCM8_wp003_e,1975,10,0.95784926
Recommendation 148,Recommendation,1985,8,ATCM15_wp021_e,1989,-4,0.8047475218772888,ATCM15_wp039_e,1989,-4,0.95769125
Recommendation 148,Recommendation,1985,9,ATCM15_wp039_e,1989,-4,0.8036245107650757,ATCM7_wp045_rev1_e,1972,13,0.95607984
Recommendation 148,Recommendation,1985,10,ATCM7_wp046_rev1_e,1972,13,0.8024678230285645,ATCM7_wp046_rev1_e,1972,13,0.9540689
Recommendation 179,Recommendation,1989,1,ATCM15_wp065_rev1_e,1989,0,0.9081991314888,ATCM15_wp065_rev1_e,1989,0,0.9283699
Recommendation 179,Recommendation,1989,2,ATCM7_wp009_e,1972,17,0.8966077566146851,ATCM7_wp045_e,1972,17,0.8969214
Recommendation 179,Recommendation,1989,3,ATCM7_wp045_rev1_e,1972,17,0.8776959776878357,ATCM7_wp045_rev1_e,1972,17,0.89213103
Recommendation 179,Recommendation,1989,4,ATCM7_wp045_e,1972,17,0.8747239112854004,ATCM15_wp053_e,1989,0,0.8907132
Recommendation 179,Recommendation,1989,5,ATCM15_wp039_e,1989,0,0.8702911734580994,ATCM8_wp010_e,1975,14,0.88937515
Recommendation 179,Recommendation,1989,6,ATCM15_wp053_e,1989,0,0.8684674501419067,ATCM14_wp037_e,1987,2,0.88685226
Recommendation 179,Recommendation,1989,7,ATCM8_wp001_e,1975,14,0.8683995604515076,ATCM15_wp039_e,1989,0,0.8864597
Recommendation 179,Recommendation,1989,8,ATCM14_wp037_e,1987,2,0.8570173978805542,ATCM8_wp001_e,1975,14,0.88165563
Recommendation 179,Recommendation,1989,9,ATCM15_wp032_rev1_e,1989,0,0.8395512104034424,ATCM7_wp009_e,1972,17,0.8796026
Recommendation 179,Recommendation,1989,10,ATCM8_wp010_e,1975,14,0.8384528160095215,ATCM15_wp032_rev1_e,1989,0,0.8791883
Recommendation 24,Recommendation,1962,1,ATCM2_wp008_e,1962,0,0.9230049252510071,ATCM2_wp008_e,1962,0,0.9342993
Recommendation 24,Recommendation,1962,2,ATCM2_wp023_e,1962,0,0.8787765502929688,ATCM2_wp023_e,1962,0,0.9200673
Recommendation 24,Recommendation,1962,3,ATCM18_wp013_e,1994,-32,0.7600370645523071,ATCM7_wp055_rev2_e,1972,-10,0.8537177
Recommendation 24,Recommendation,1962,4,ATCM7_wp055_e,1972,-10,0.7065410614013672,ATCM7_wp055_rev1_e,1972,-10,0.8517556
Recommendation 24,Recommendation,1962,5,ATCM7_wp026_e,1972,-10,0.7030420303344727,ATCM7_wp055_e,1972,-10,0.85126173
Recommendation 24,Recommendation,1962,6,ATCM7_wp055_rev1_e,1972,-10,0.7013897895812988,ATCM7_wp026_e,1972,-10,0.84522843
Recommendation 24,Recommendation,1962,7,ATCM7_wp055_rev2_e,1972,-10,0.6987191438674927,ATCM3_wp027_rev1_e,1964,-2,0.84265614
Recommendation 24,Recommendation,1962,8,ATCM3_wp027_rev1_e,1964,-2,0.6979114413261414,ATCM8_wp014_e,1975,-13,0.8379385
Recommendation 24,Recommendation,1962,9,ATCM8_wp014_e,1975,-13,0.6914716958999634,ATCM18_wp013_e,1994,-32,0.8303741
Recommendation 24,Recommendation,1962,10,ATCM1_wp033_e,1961,1,0.6868246793746948,ATCM1_wp033_e,1961,1,0.8138162
Recommendation 117,Recommendation,1977,1,ATCM9_wp080_e,1977,0,0.9577046036720276,ATCM10_wp048_rev1_e,1979,-2,0.9623348
Recommendation 117,Recommendation,1977,2,ATCM9_wp057_e,1977,0,0.9478111267089844,ATCM10_wp048_rev2_e,1979,-2,0.9619076
Recommendation 117,Recommendation,1977,3,ATCM10_wp048_e,1979,-2,0.9288519620895386,ATCM10_wp048_e,1979,-2,0.9619076
Recommendation 117,Recommendation,1977,4,ATCM11_wp037_e,1981,-4,0.9272629022598267,ATCM11_wp037_e,1981,-4,0.95705354
Recommendation 117,Recommendation,1977,5,ATCM10_wp048_rev2_e,1979,-2,0.9257652163505554,ATCM9_wp057_e,1977,0,0.95070475
Recommendation 117,Recommendation,1977,6,ATCM10_wp048_rev1_e,1979,-2,0.9250650405883789,ATCM10_wp030_rev1_e,1979,-2,0.9484609
Recommendation 117,Recommendation,1977,7,ATCM8_wp049_e,1975,2,0.9226474761962891,ATCM9_wp080_e,1977,0,0.94572115
Recommendation 117,Recommendation,1977,8,ATCM10_wp030_e,1979,-2,0.9091111421585083,ATCM10_wp030_e,1979,-2,0.945015
Recommendation 117,Recommendation,1977,9,ATCM7_wp050_e,1972,5,0.9070624113082886,ATCM8_wp049_e,1975,2,0.94305456
Recommendation 117,Recommendation,1977,10,ATCM10_wp030_rev1_e,1979,-2,0.9046202898025513,ATCM7_wp050_e,1972,5,0.9176464
Measure 533,Measure,2013,1,ATCM36_wp005_e,2013,0,0.8805794715881348,ATCM31_wp008_e,2008,5,0.98725766
Measure 533,Measure,2013,2,ATCM45_wp026_e,2023,-10,0.8457541465759277,ATCM36_wp005_e,2013,0,0.98490417
Measure 533,Measure,2013,3,ATCM31_wp008_e,2008,5,0.8295156359672546,ATCM45_wp026_e,2023,-10,0.98443246
Measure 533,Measure,2013,4,ATCM43_wp045_e,2021,-8,0.7970664501190186,ATCM20_wp024_e,1996,17,0.95624363
Measure 533,Measure,2013,5,ATCM39_wp027_e,2016,-3,0.7959634065628052,ATCM41_wp002_e,2018,-5,0.9437843
Measure 533,Measure,2013,6,ATCM46_wp023_e,2024,-11,0.7930527925491333,ATCM46_wp027_e,2024,-11,0.9230669
Measure 533,Measure,2013,7,ATCM35_wp044_e,2012,1,0.7922975420951843,ATCM35_wp044_e,2012,1,0.9186556
Measure 533,Measure,2013,8,ATCM41_wp002_e,2018,-5,0.7883791923522949,ATCM46_wp023_e,2024,-11,0.91613966
Measure 533,Measure,2013,9,ATCM20_wp024_e,1996,17,0.7788679003715515,ATCM43_wp045_e,2021,-8,0.9150642
Measure 533,Measure,2013,10,ATCM46_wp027_e,2024,-11,0.7786734700202942,ATCM39_wp027_e,2016,-3,0.914684
Decision 608,Decision,2015,1,ATCM27_wp030_rev1_e,2004,11,0.8108360767364502,ATCM26_wp005_e,2003,12,0.9266629
Decision 608,Decision,2015,2,ATCM26_wp011_e,2003,12,0.8023492693901062,ATCM27_wp029_e,2004,11,0.9125575
Decision 608,Decision,2015,3,ATCM24_wp037_e,2001,14,0.7662967443466187,ATCM24_wp037_e,2001,14,0.90656215
Decision 608,Decision,2015,4,ATCM18_wp008_e,1994,21,0.7645083665847778,ATCM27_wp030_rev1_e,2004,11,0.90459996
Decision 608,Decision,2015,5,ATCM26_wp005_e,2003,12,0.7637887001037598,ATCM26_wp011_e,2003,12,0.8988908
Decision 608,Decision,2015,6,ATCM25_wp049_e,2002,13,0.7634314298629761,ATCM25_wp049_e,2002,13,0.892037
Decision 608,Decision,2015,7,ATCM30_wp044_e,2007,8,0.7418460845947266,ATCM30_wp044_e,2007,8,0.8828729
Decision 608,Decision,2015,8,ATCM27_wp029_e,2004,11,0.73575758934021,ATCM25_wp044_e,2002,13,0.8699799
Decision 608,Decision,2015,9,ATCM25_wp044_e,2002,13,0.735540509223938,ATCM18_wp008_e,1994,21,0.85709965
Decision 608,Decision,2015,10,ATCM17_wp019_e,1992,23,0.7355089783668518,ATCM17_wp019_e,1992,23,0.85322917
Measure 596,Measure,2015,1,ATCM38_wp004_e,2015,0,0.8812793493270874,ATCM38_wp004_e,2015,0,0.97716254
Measure 596,Measure,2015,2,ATCM35_wp060_e,2012,3,0.8263822793960571,ATCM32_wp021_e,2009,6,0.96760666
Measure 596,Measure,2015,3,ATCM44_wp006_e,2022,-7,0.8233178853988647,ATCM44_wp006_e,2022,-7,0.9433685
Measure 596,Measure,2015,4,ATCM46_wp023_e,2024,-9,0.815330982208252,ATCM38_wp003_e,2015,0,0.906438
Measure 596,Measure,2015,5,ATCM35_wp061_e,2012,3,0.8117878437042236,ATCM46_wp023_e,2024,-9,0.9003021
Measure 596,Measure,2015,6,ATCM38_wp003_e,2015,0,0.811321496963501,ATCM36_wp059_e,2013,2,0.8993338
Measure 596,Measure,2015,7,ATCM32_wp021_e,2009,6,0.8097093105316162,ATCM35_wp044_e,2012,3,0.89808923
Measure 596,Measure,2015,8,ATCM36_wp059_e,2013,2,0.8074778318405151,ATCM35_wp061_e,2012,3,0.8791883
Measure 596,Measure,2015,9,ATCM35_wp044_e,2012,3,0.8028181195259094,ATCM35_wp060_e,2012,3,0.872825
Measure 596,Measure,2015,10,ATCM35_wp058_e,2012,3,0.7996820211410522,ATCM35_wp058_e,2012,3,0.8677546
Resolution 584,Resolution,2014,1,ATCM31_wp038_e,2008,6,0.9222885966300964,ATCM37_wp045_e,2014,0,0.9757254
Resolution 584,Resolution,2014,2,ATCM15_wp055_e,1989,25,0.9083186388015747,ATCM42_wp061_e,2019,-5,0.96045023
Resolution 584,Resolution,2014,3,ATCM37_wp045_e,2014,0,0.9070436954498291,ATCM31_wp038_e,2008,6,0.959093
Resolution 584,Resolution,2014,4,ATCM15_wp026_e,1989,25,0.9023129940032959,ATCM33_wp011_e,2010,4,0.94135296
Resolution 584,Resolution,2014,5,ATCM15_wp040_e,1989,25,0.8559343814849854,ATCM15_wp055_e,1989,25,0.9371187
Resolution 584,Resolution,2014,6,ATCM42_wp061_e,2019,-5,0.8505563735961914,ATCM15_wp026_e,1989,25,0.93272346
Resolution 584,Resolution,2014,7,ATCM15_wp005_e,1989,25,0.8428703546524048,ATCM15_wp040_e,1989,25,0.9127242
Resolution 584,Resolution,2014,8,ATCM33_wp011_e,2010,4,0.8159862756729126,ATCM15_wp005_e,1989,25,0.8940887
Resolution 584,Resolution,2014,9,ATCM16_wp053_rev1_e,1991,23,0.7734931707382202,ATCM16_wp053_rev1_e,1991,23,0.872825
Resolution 584,Resolution,2014,10,ATCM16_wp053_e,1991,23,0.7730900049209595,ATCM16_wp053_e,1991,23,0.872825
nan 116,Untyped,1977,1,ATCM9_wp069_e,1977,0,0.8978837132453918,ATCM9_wp069_e,1977,0,0.9416756
nan 116,Untyped,1977,2,ATCM11_wp015_e,1981,-4,0.7903525829315186,ATCM9_wp070_e,1977,0,0.9379197
nan 116,Untyped,1977,3,ATCM9_wp063_e,1977,0,0.7473152875900269,ATCM9_wp063_e,1977,0,0.9189834
nan 116,Untyped,1977,4,ATCM3_wp014_e,1964,13,0.7364169359207153,ATCM11_wp015_e,1981,-4,0.88387895
nan 116,Untyped,1977,5,ATCM14_wp003_e,1987,-10,0.7359834313392639,ATCM3_wp014_e,1964,13,0.8613517
nan 116,Untyped,1977,6,ATCM9_wp070_e,1977,0,0.735478401184082,ATCM15_wp045_e,1989,-12,0.85614
nan 116,Untyped,1977,7,ATCM3_wp022_rev1_e,1964,13,0.7318494319915771,ATCM3_wp025_rev2_e,1964,13,0.8447167
nan 116,Untyped,1977,8,ATCM12_wp027_rev1_e,1983,-6,0.7309399843215942,ATCM3_wp022_rev1_e,1964,13,0.8395235
nan 116,Untyped,1977,9,ATCM3_wp025_rev2_e,1964,13,0.7255955934524536,ATCM14_wp003_e,1987,-10,0.8264878
nan 116,Untyped,1977,10,ATCM15_wp045_e,1989,-12,0.7226659059524536,ATCM12_wp027_rev1_e,1983,-6,0.7941296
Measure 564,Measure,2014,1,ATCM35_wp003_e,2012,2,0.8705032467842102,ATCM42_wp004_e,2019,-5,0.9859147
Measure 564,Measure,2014,2,ATCM42_wp004_e,2019,-5,0.8569836020469666,ATCM35_wp003_e,2012,2,0.98431224
Measure 564,Measure,2014,3,ATCM45_wp059_e,2023,-9,0.8479055166244507,ATCM46_wp002_rev1_e,2024,-10,0.97948
Measure 564,Measure,2014,4,ATCM46_wp002_rev1_e,2024,-10,0.8419783115386963,ATCM45_wp059_e,2023,-9,0.9717361
Measure 564,Measure,2014,5,ATCM35_wp060_e,2012,2,0.8290151953697205,ATCM37_wp031_e,2014,0,0.9589395
Measure 564,Measure,2014,6,ATCM35_wp044_e,2012,2,0.817146360874176,ATCM38_wp026_e,2015,-1,0.93186045
Measure 564,Measure,2014,7,ATCM37_wp054_e,2014,0,0.813603401184082,ATCM35_wp044_e,2012,2,0.92525697
Measure 564,Measure,2014,8,ATCM38_wp026_e,2015,-1,0.8115155696868896,ATCM37_wp054_e,2014,0,0.9223006
Measure 564,Measure,2014,9,ATCM35_wp061_e,2012,2,0.8108675479888916,ATCM35_wp061_e,2012,2,0.90701616
Measure 564,Measure,2014,10,ATCM37_wp031_e,2014,0,0.8102710247039795,ATCM35_wp060_e,2012,2,0.8988908
Measure 600,Measure,2015,1,ATCM33_wp035_e,2010,5,0.8756462335586548,ATCM33_wp035_e,2010,5,0.9708651
Measure 600,Measure,2015,2,ATCM43_wp026_rev1_e,2021,-6,0.8661435842514038,ATCM43_wp026_rev1_e,2021,-6,0.9701947
Measure 600,Measure,2015,3,ATCM38_wp026_e,2015,0,0.8585110306739807,ATCM38_wp026_e,2015,0,0.95541906
Measure 600,Measure,2015,4,ATCM43_wp023_rev1_e,2021,-6,0.822456419467926,ATCM47_wp009_e,2025,-10,0.92639697
Measure 600,Measure,2015,5,ATCM46_wp023_e,2024,-9,0.8179473876953125,ATCM37_wp007_e,2014,1,0.9152633
Measure 600,Measure,2015,6,ATCM47_wp009_e,2025,-10,0.8115532398223877,ATCM34_wp006_e,2011,4,0.91191
Measure 600,Measure,2015,7,ATCM43_wp024_rev1_e,2021,-6,0.8080719709396362,ATCM33_wp033_e,2010,5,0.9015226
Measure 600,Measure,2015,8,ATCM33_wp033_e,2010,5,0.804034411907196,ATCM43_wp023_rev1_e,2021,-6,0.8969214
Measure 600,Measure,2015,9,ATCM37_wp007_e,2014,1,0.8037647008895874,ATCM43_wp024_rev1_e,2021,-6,0.89213103
Measure 600,Measure,2015,10,ATCM34_wp006_e,2011,4,0.8020602464675903,ATCM46_wp023_e,2024,-9,0.88995034
Measure 401,Measure,2008,1,ATCM46_wp023_e,2024,-16,0.9358294010162354,ATCM36_wp029_e,2013,-5,0.9685721
Measure 401,Measure,2008,2,ATCM36_wp029_e,2013,-5,0.9143423438072205,ATCM42_wp010_e,2019,-11,0.9661048
Measure 401,Measure,2008,3,ATCM42_wp010_e,2019,-11,0.911712646484375,ATCM46_wp023_e,2024,-16,0.9645359
Measure 401,Measure,2008,4,ATCM37_wp054_e,2014,-6,0.8274953365325928,ATCM31_wp025_rev1_e,2008,0,0.9497813
Measure 401,Measure,2008,5,ATCM35_wp061_e,2012,-4,0.8249527215957642,ATCM35_wp054_e,2012,-4,0.8934396
Measure 401,Measure,2008,6,ATCM31_wp025_rev1_e,2008,0,0.8226415514945984,ATCM38_wp026_e,2015,-7,0.8917545
Measure 401,Measure,2008,7,ATCM38_wp026_e,2015,-7,0.8225353956222534,ATCM37_wp054_e,2014,-6,0.87877274
Measure 401,Measure,2008,8,ATCM36_wp059_e,2013,-5,0.8208810091018677,ATCM36_wp059_e,2013,-5,0.87877274
Measure 401,Measure,2008,9,ATCM35_wp054_e,2012,-4,0.8197190165519714,ATCM35_wp061_e,2012,-4,0.84877175
Measure 401,Measure,2008,10,ATCM35_wp060_e,2012,-4,0.8191735744476318,ATCM35_wp060_e,2012,-4,0.8410961
Recommendation 88,Recommendation,1970,1,ATCM6_wp006_rev2_e,1970,0,0.920259952545166,ATCM6_wp006_rev2_e,1970,0,0.97360456
Recommendation 88,Recommendation,1970,2,ATCM6_wp006_e,1970,0,0.8508100509643555,ATCM6_wp006_e,1970,0,0.9580066
Recommendation 88,Recommendation,1970,3,ATCM6_wp006_rev1_e,1970,0,0.8096909523010254,ATCM6_wp006_rev1_e,1970,0,0.9538974
Recommendation 88,Recommendation,1970,4,ATCM5_wp014_e,1968,2,0.7191510200500488,ATCM8_wp008_e,1975,-5,0.9519705
Recommendation 88,Recommendation,1970,5,ATCM16_wp042_e,1991,-21,0.7133579254150391,ATCM16_wp042_e,1991,-21,0.92010313
Recommendation 88,Recommendation,1970,6,ATCM8_wp008_e,1975,-5,0.7122048139572144,ATCM12_wp013_e,1983,-13,0.91883785
Recommendation 88,Recommendation,1970,7,ATCM14_wp014_e,1987,-17,0.7097715139389038,ATCM1_wp003_e,1961,9,0.9158579
Recommendation 88,Recommendation,1970,8,ATCM5_wp038_e,1968,2,0.7075713872909546,ATCM5_wp038_e,1968,2,0.8938109
Recommendation 88,Recommendation,1970,9,ATCM12_wp013_e,1983,-13,0.7062750458717346,ATCM5_wp014_e,1968,2,0.88918287
Recommendation 88,Recommendation,1970,10,ATCM1_wp003_e,1961,9,0.7044134140014648,ATCM14_wp014_e,1987,-17,0.8736898
Measure 604,Measure,2015,1,ATCM38_wp008_e,2015,0,0.858342170715332,ATCM34_wp039_e,2011,4,0.98069936
Measure 604,Measure,2015,2,ATCM34_wp039_e,2011,4,0.8346229791641235,ATCM38_wp008_e,2015,0,0.9717361
Measure 604,Measure,2015,3,ATCM46_wp023_e,2024,-9,0.8162275552749634,ATCM45_wp023_e,2023,-8,0.93393874
Measure 604,Measure,2015,4,ATCM43_wp045_e,2021,-6,0.8130865097045898,ATCM36_wp003_e,2013,2,0.90722185
Measure 604,Measure,2015,5,ATCM39_wp027_e,2016,-1,0.8115665912628174,ATCM46_wp023_e,2024,-9,0.8939036
Measure 604,Measure,2015,6,ATCM35_wp058_e,2012,3,0.8104415535926819,ATCM43_wp045_e,2021,-6,0.89033234
Measure 604,Measure,2015,7,ATCM45_wp023_e,2023,-8,0.8071293830871582,ATCM39_wp027_e,2016,-1,0.88995034
Measure 604,Measure,2015,8,ATCM35_wp060_e,2012,3,0.8063899278640747,ATCM36_wp029_e,2013,2,0.88665617
Measure 604,Measure,2015,9,ATCM36_wp029_e,2013,2,0.8059859275817871,ATCM35_wp060_e,2012,3,0.8537177
Measure 604,Measure,2015,10,ATCM36_wp003_e,2013,2,0.8024706840515137,ATCM35_wp058_e,2012,3,0.8497718
Decision 343,Decision,2005,1,ATCM28_wp041_rev1_e,2005,0,0.8669018745422363,ATCM28_wp041_rev1_e,2005,0,0.9488415
Decision 343,Decision,2005,2,ATCM9_wp046_e,1977,28,0.7363114356994629,ATCM15_wp012_e,1989,16,0.8708611
Decision 343,Decision,2005,3,ATCM10_wp040_rev3_e,1979,26,0.726600170135498,ATCM26_wp037_rev1_e,2003,2,0.86088455
Decision 343,Decision,2005,4,ATCM10_wp040_rev2_e,1979,26,0.7209914326667786,ATCM26_wp037_e,2003,2,0.86041605
Decision 343,Decision,2005,5,ATCM9_wp046_rev1_e,1977,28,0.716948390007019,ATCM9_wp046_e,1977,28,0.85565823
Decision 343,Decision,2005,6,ATCM10_wp040_rev1_e,1979,26,0.7156212329864502,ATCM9_wp046_rev1_e,1977,28,0.84522843
Decision 343,Decision,2005,7,ATCM26_wp037_rev1_e,2003,2,0.7135416269302368,ATCM10_wp040_rev2_e,1979,26,0.83473045
Decision 343,Decision,2005,8,ATCM26_wp037_e,2003,2,0.7131696939468384,ATCM10_wp040_rev1_e,1979,26,0.8303741
Decision 343,Decision,2005,9,ATCM10_wp040_e,1979,26,0.7107058763504028,ATCM10_wp040_rev3_e,1979,26,0.8303741
Decision 343,Decision,2005,10,ATCM15_wp012_e,1989,16,0.6946352124214172,ATCM10_wp040_e,1979,26,0.8298232
Resolution 304,Resolution,2003,1,ATCM15_wp026_e,1989,14,0.8880871534347534,ATCM37_wp045_e,2014,-11,0.9610396
Resolution 304,Resolution,2003,2,ATCM15_wp055_e,1989,14,0.8811888694763184,ATCM31_wp038_e,2008,-5,0.9533793
Resolution 304,Resolution,2003,3,ATCM37_wp045_e,2014,-11,0.8742482662200928,ATCM42_wp061_e,2019,-16,0.9526798
Resolution 304,Resolution,2003,4,ATCM31_wp038_e,2008,-5,0.8729318380355835,ATCM15_wp026_e,1989,14,0.95125103
Resolution 304,Resolution,2003,5,ATCM15_wp040_e,1989,14,0.8509595394134521,ATCM15_wp055_e,1989,14,0.9474978
Resolution 304,Resolution,2003,6,ATCM15_wp005_e,1989,14,0.8188143968582153,ATCM33_wp011_e,2010,-7,0.94511634
Resolution 304,Resolution,2003,7,ATCM42_wp061_e,2019,-16,0.7844434976577759,ATCM15_wp040_e,1989,14,0.933212
Resolution 304,Resolution,2003,8,ATCM16_wp053_rev1_e,1991,12,0.7633762359619141,ATCM15_wp005_e,1989,14,0.9247828
Resolution 304,Resolution,2003,9,ATCM16_wp053_e,1991,12,0.7629706263542175,ATCM16_wp053_e,1991,12,0.92355096
Resolution 304,Resolution,2003,10,ATCM33_wp011_e,2010,-7,0.7625919580459595,ATCM16_wp053_rev1_e,1991,12,0.9233438
Resolution 586,Resolution,2014,1,ATCM37_wp048_e,2014,0,0.9242227077484131,ATCM37_wp048_e,2014,0,0.98069936
Resolution 586,Resolution,2014,2,ATCM31_wp043_e,2008,6,0.7638329267501831,ATCM27_wp046_e,2004,10,0.9573736
Resolution 586,Resolution,2014,3,ATCM18_wp011_e,1994,20,0.7490987777709961,ATCM40_wp033_e,2017,-3,0.95541906
Resolution 586,Resolution,2014,4,ATCM27_wp046_e,2004,10,0.7476942539215088,ATCM27_wp004_e,2004,10,0.9497813
Resolution 586,Resolution,2014,5,ATCM40_wp033_e,2017,-3,0.7370740175247192,ATCM27_wp023_e,2004,10,0.94188976
Resolution 586,Resolution,2014,6,ATCM18_wp009_e,1994,20,0.7362348437309265,ATCM31_wp043_e,2008,6,0.93489623
Resolution 586,Resolution,2014,7,ATCM27_wp004_e,2004,10,0.7353957295417786,ATCM18_wp018_e,1994,20,0.9095381
Resolution 586,Resolution,2014,8,ATCM27_wp023_e,2004,10,0.7339101433753967,ATCM16_wp029_e,1991,23,0.8926935
Resolution 586,Resolution,2014,9,ATCM18_wp018_e,1994,20,0.7322425246238708,ATCM18_wp009_e,1994,20,0.8820626
Resolution 586,Resolution,2014,10,ATCM16_wp029_e,1991,23,0.7317643761634827,ATCM18_wp011_e,1994,20,0.8706413
Measure 360,Measure,2006,1,ATCM23_wp024_e,1999,7,0.8664557933807373,ATCM23_wp024_e,1999,7,0.9584756
Measure 360,Measure,2006,2,ATCM4_wp050_e,1966,40,0.8175586462020874,ATCM4_wp050_rev1_e,1966,40,0.93136275
Measure 360,Measure,2006,3,ATCM4_wp050_rev1_e,1966,40,0.8157679438591003,ATCM44_wp024_e,2022,-16,0.9274553
Measure 360,Measure,2006,4,ATCM4_wp051_e,1966,40,0.772347629070282,ATCM4_wp050_e,1966,40,0.9232747
Measure 360,Measure,2006,5,ATCM4_wp033_e,1966,40,0.7679673433303833,ATCM4_wp033_e,1966,40,0.9031576
Measure 360,Measure,2006,6,ATCM4_wp051_rev1_e,1966,40,0.7649660110473633,ATCM4_wp038_e,1966,40,0.902214
Measure 360,Measure,2006,7,ATCM42_wp062_e,2019,-13,0.749929666519165,ATCM4_wp051_rev1_e,1966,40,0.9020415
Measure 360,Measure,2006,8,ATCM4_wp038_e,1966,40,0.7439311742782593,ATCM4_wp051_e,1966,40,0.8641271
Measure 360,Measure,2006,9,ATCM44_wp024_e,2022,-16,0.7409806847572327,ATCM5_wp042_rev3_e,1968,38,0.8527394
Measure 360,Measure,2006,10,ATCM5_wp042_rev3_e,1968,38,0.716860294342041,ATCM42_wp062_e,2019,-13,0.83899665
Resolution 305,Resolution,2003,1,ATCM31_wp030_rev3_e,2008,-5,0.7291187047958374,ATCM30_wp045_rev1_e,2007,-4,0.8352686
Resolution 305,Resolution,2003,2,ATCM30_wp045_rev1_e,2007,-4,0.661290168762207,ATCM2_wp003_e,1962,41,0.8309237
Resolution 305,Resolution,2003,3,ATCM3_wp004_rev1_e,1964,39,0.6582962274551392,ATCM31_wp030_rev3_e,2008,-5,0.82927084
Resolution 305,Resolution,2003,4,ATCM4_wp047_e,1966,37,0.6572890877723694,ATCM1_wp018_e,1961,42,0.8167574
Resolution 305,Resolution,2003,5,ATCM23_wp024_e,1999,4,0.6511962413787842,ATCM4_wp047_rev1_e,1966,37,0.8004425
Resolution 305,Resolution,2003,6,ATCM2_wp003_e,1962,41,0.6503504514694214,ATCM4_wp050_rev1_e,1966,37,0.79027146
Resolution 305,Resolution,2003,7,ATCM4_wp033_e,1966,37,0.6498711109161377,ATCM23_wp024_e,1999,4,0.7797246
Resolution 305,Resolution,2003,8,ATCM4_wp050_rev1_e,1966,37,0.6468700170516968,ATCM4_wp047_e,1966,37,0.7783799
Resolution 305,Resolution,2003,9,ATCM4_wp047_rev1_e,1966,37,0.6455031633377075,ATCM3_wp004_rev1_e,1964,39,0.7660137
Resolution 305,Resolution,2003,10,ATCM1_wp018_e,1961,42,0.6449564695358276,ATCM4_wp033_e,1966,37,0.7307513
Decision 552,Decision,2013,1,ATCM36_wp033_e,2013,0,0.8831098079681396,ATCM36_wp033_e,2013,0,0.9545797
Decision 552,Decision,2013,2,ATCM42_wp066_e,2019,-6,0.8818191289901733,ATCM42_wp066_e,2019,-6,0.951612
Decision 552,Decision,2013,3,ATCM33_wp041_e,2010,3,0.8686197996139526,ATCM35_wp029_e,2012,1,0.9455202
Decision 552,Decision,2013,4,ATCM27_wp040_e,2004,9,0.852364182472229,ATCM43_wp038_e,2021,-8,0.93688816
Decision 552,Decision,2013,5,ATCM35_wp029_e,2012,1,0.8448699116706848,ATCM27_wp012_e,2004,9,0.9283699
Decision 552,Decision,2013,6,ATCM18_wp020_e,1994,19,0.8429880142211914,ATCM18_wp020_e,1994,19,0.9279792
Decision 552,Decision,2013,7,ATCM21_wp025_e,1997,16,0.839030385017395,ATCM27_wp040_e,2004,9,0.92765224
Decision 552,Decision,2013,8,ATCM43_wp038_e,2021,-8,0.8361836075782776,ATCM33_wp041_e,2010,3,0.92679554
Decision 552,Decision,2013,9,ATCM31_wp034_e,2008,5,0.832256019115448,ATCM31_wp034_e,2008,5,0.91934615
Decision 552,Decision,2013,10,ATCM27_wp012_e,2004,9,0.8279222249984741,ATCM21_wp025_e,1997,16,0.90117526
Resolution 349,Resolution,2005,1,ATCM28_wp030_e,2005,0,0.8520878553390503,ATCM39_wp015_e,2016,-11,0.9778496
Resolution 349,Resolution,2005,2,ATCM37_wp024_e,2014,-9,0.8324254155158997,ATCM23_wp007_rev2_e,1999,6,0.96247613
Resolution 349,Resolution,2005,3,ATCM37_wp029_e,2014,-9,0.829005241394043,ATCM28_wp030_e,2005,0,0.9603016
Resolution 349,Resolution,2005,4,ATCM39_wp015_e,2016,-11,0.827063798904419,ATCM37_wp029_e,2014,-9,0.95705354
Resolution 349,Resolution,2005,5,ATCM38_wp013_e,2015,-10,0.8165202736854553,ATCM23_wp007_e,1999,6,0.9514318
Resolution 349,Resolution,2005,6,ATCM23_wp007_rev2_e,1999,6,0.7977452278137207,ATCM38_wp013_e,2015,-10,0.95088744
Resolution 349,Resolution,2005,7,ATCM23_wp007_e,1999,6,0.7967079281806946,ATCM37_wp024_e,2014,-9,0.94188976
Resolution 349,Resolution,2005,8,ATCM45_wp040_e,2023,-18,0.7910212278366089,ATCM40_wp041_e,2017,-12,0.9401556
Resolution 349,Resolution,2005,9,ATCM27_wp028_e,2004,1,0.7842750549316406,ATCM45_wp040_e,2023,-18,0.92117345
Resolution 349,Resolution,2005,10,ATCM40_wp041_e,2017,-12,0.7748795747756958,ATCM27_wp028_e,2004,1,0.9128866
Measure 592,Measure,2015,1,ATCM38_wp001_e,2015,0,0.8956179618835449,ATCM31_wp013_e,2008,7,0.98613006
Measure 592,Measure,2015,2,ATCM43_wp006_e,2021,-6,0.8671642541885376,ATCM43_wp006_e,2021,-6,0.98406917
Measure 592,Measure,2015,3,ATCM31_wp013_e,2008,7,0.8398804664611816,ATCM38_wp001_e,2015,0,0.97948
Measure 592,Measure,2015,4,ATCM33_wp058_e,2010,5,0.8188456296920776,ATCM33_wp058_e,2010,5,0.96760666
Measure 592,Measure,2015,5,ATCM39_wp026_e,2016,-1,0.8003575801849365,ATCM31_wp045_e,2008,7,0.9537254
Measure 592,Measure,2015,6,ATCM31_wp045_e,2008,7,0.7991596460342407,ATCM38_wp026_e,2015,0,0.92592955
Measure 592,Measure,2015,7,ATCM46_wp023_e,2024,-9,0.795815110206604,ATCM4_wp054_rev1_e,1966,49,0.9016092
Measure 592,Measure,2015,8,ATCM4_wp054_rev1_e,1966,49,0.792392909526825,ATCM39_wp026_e,2016,-1,0.8969214
Measure 592,Measure,2015,9,ATCM4_wp054_e,1966,49,0.7903912663459778,ATCM46_wp023_e,2024,-9,0.8907132
Measure 592,Measure,2015,10,ATCM38_wp026_e,2015,0,0.7901903390884399,ATCM4_wp054_e,1966,49,0.88685226
Recommendation 70,Recommendation,1968,1,ATCM5_wp046_e,1968,0,0.7365149259567261,ATCM5_wp046_e,1968,0,0.96289706
Recommendation 70,Recommendation,1968,2,ATCM7_wp011_e,1972,-4,0.6621294021606445,ATCM7_wp011_e,1972,-4,0.9552524
Recommendation 70,Recommendation,1968,3,ATCM14_wp031_rev1_e,1987,-19,0.6607867479324341,ATCM6_wp005_rev1_e,1970,-2,0.93848586
Recommendation 70,Recommendation,1968,4,ATCM6_wp005_e,1970,-2,0.6600563526153564,ATCM6_wp005_e,1970,-2,0.9373486
Recommendation 70,Recommendation,1968,5,ATCM6_wp005_rev1_e,1970,-2,0.6497750282287598,ATCM14_wp031_rev1_e,1987,-19,0.93148744
Recommendation 70,Recommendation,1968,6,ATCM14_wp013_e,1987,-19,0.6244707107543945,ATCM24_wp016_e,2001,-33,0.9262637
Recommendation 70,Recommendation,1968,7,ATCM24_wp016_e,2001,-33,0.6125718951225281,ATCM14_wp013_e,1987,-19,0.92606336
Recommendation 70,Recommendation,1968,8,ATCM1_wp006_e,1961,7,0.612428605556488,ATCM30_wp038_e,2007,-39,0.925594
Recommendation 70,Recommendation,1968,9,ATCM30_wp038_e,2007,-39,0.5997846126556396,ATCM1_wp006_e,1961,7,0.9009141
Recommendation 70,Recommendation,1968,10,ATCM25_wp004_e,2002,-34,0.5964806079864502,ATCM25_wp004_e,2002,-34,0.8961969
nan 369,Untyped,2006,1,ATCM29_wp035_e,2006,0,0.7130478620529175,ATCM29_wp035_e,2006,0,0.9081628
nan 369,Untyped,2006,2,ATCM45_wp038_rev1_e,2023,-17,0.5944334864616394,ATCM32_wp006_e,2009,-3,0.88975894
nan 369,Untyped,2006,3,ATCM30_wp041_e,2007,-1,0.5903885364532471,ATCM30_wp041_e,2007,-1,0.88267076
nan 369,Untyped,2006,4,ATCM32_wp052_e,2009,-3,0.5840204954147339,ATCM32_wp052_e,2009,-3,0.8331075
nan 369,Untyped,2006,5,ATCM8_wp051_e,1975,31,0.5716550350189209,ATCM39_wp020_e,2016,-10,0.7166947
nan 369,Untyped,2006,6,ATCM41_wp024_e,2018,-12,0.5650277137756348,ATCM45_wp038_rev1_e,2023,-17,0.68223506
nan 369,Untyped,2006,7,ATCM40_wp024_e,2017,-11,0.5629109144210815,ATCM40_wp024_e,2017,-11,0.67370707
nan 369,Untyped,2006,8,ATCM32_wp006_e,2009,-3,0.5578979849815369,ATCM47_wp025_e,2025,-19,0.6492228
nan 369,Untyped,2006,9,ATCM39_wp020_e,2016,-10,0.5540145635604858,ATCM41_wp024_e,2018,-12,0.6165665
nan 369,Untyped,2006,10,ATCM47_wp025_e,2025,-19,0.552604079246521,ATCM8_wp051_e,1975,31,0.5885108
Resolution 556,Resolution,2013,1,ATCM28_wp031_e,2005,8,0.8767704963684082,ATCM46_wp052_e,2024,-11,0.9605984
Resolution 556,Resolution,2013,2,ATCM46_wp052_e,2024,-11,0.8677207231521606,ATCM42_wp054_e,2019,-6,0.9586308
Resolution 556,Resolution,2013,3,ATCM42_wp054_e,2019,-6,0.8457531929016113,ATCM41_wp032_e,2018,-5,0.9526798
Resolution 556,Resolution,2013,4,ATCM47_wp021_rev1_e,2025,-12,0.8392064571380615,ATCM28_wp031_e,2005,8,0.95125103
Resolution 556,Resolution,2013,5,ATCM41_wp032_e,2018,-5,0.8387284874916077,ATCM36_wp020_e,2013,0,0.9503373
Resolution 556,Resolution,2013,6,ATCM36_wp020_e,2013,0,0.8351195454597473,ATCM47_wp021_rev1_e,2025,-12,0.94996727
Resolution 556,Resolution,2013,7,ATCM30_wp022_e,2007,6,0.8338395357131958,ATCM36_wp015_e,2013,0,0.9473031
Resolution 556,Resolution,2013,8,ATCM36_wp015_e,2013,0,0.8320858478546143,ATCM30_wp022_e,2007,6,0.94357675
Resolution 556,Resolution,2013,9,ATCM27_wp026_e,2004,9,0.8315800428390503,ATCM29_wp001_e,2006,7,0.9400456
Resolution 556,Resolution,2013,10,ATCM29_wp001_e,2006,7,0.8291563987731934,ATCM27_wp026_e,2004,9,0.9392704
Measure 624,Measure,2016,1,ATCM44_wp044_e,2022,-6,0.8974644541740417,ATCM39_wp004_e,2016,0,0.9817077
Measure 624,Measure,2016,2,ATCM39_wp004_e,2016,0,0.8710325956344604,ATCM44_wp044_e,2022,-6,0.9805509
Measure 624,Measure,2016,3,ATCM33_wp043_e,2010,6,0.8419643044471741,ATCM33_wp043_e,2010,6,0.97818553
Measure 624,Measure,2016,4,ATCM34_wp047_e,2011,5,0.8292811512947083,ATCM34_wp047_e,2011,5,0.96045023
Measure 624,Measure,2016,5,ATCM35_wp058_e,2012,4,0.8105992078781128,ATCM38_wp026_e,2015,1,0.92056865
Measure 624,Measure,2016,6,ATCM35_wp044_e,2012,4,0.8096821308135986,ATCM16_wp017_e,1991,25,0.9203541
Measure 624,Measure,2016,7,ATCM35_wp060_e,2012,4,0.8034446239471436,ATCM37_wp054_e,2014,2,0.9154053
Measure 624,Measure,2016,8,ATCM16_wp017_e,1991,25,0.7963287830352783,ATCM35_wp044_e,2012,4,0.9139956
Measure 624,Measure,2016,9,ATCM37_wp054_e,2014,2,0.7925983667373657,ATCM35_wp060_e,2012,4,0.88685226
Measure 624,Measure,2016,10,ATCM38_wp026_e,2015,1,0.7916065454483032,ATCM35_wp058_e,2012,4,0.8820626
nan 560,Untyped,2007,1,ATCM26_wp003_e,2003,4,0.8726234436035156,ATCM26_wp003_e,2003,4,0.9533793
nan 560,Untyped,2007,2,ATCM27_wp008_e,2004,3,0.7622286081314087,ATCM27_wp008_e,2004,3,0.9295939
nan 560,Untyped,2007,3,ATCM25_wp020_e,2002,5,0.7243170142173767,ATCM25_wp020_e,2002,5,0.92566115
nan 560,Untyped,2007,4,ATCM39_wp019_e,2016,-9,0.7230420708656311,ATCM39_wp019_e,2016,-9,0.925594
nan 560,Untyped,2007,5,ATCM21_wp024_e,1997,10,0.7188733816146851,ATCM18_wp010_e,1994,13,0.89099807
nan 560,Untyped,2007,6,ATCM24_wp004_e,2001,6,0.7186632752418518,ATCM26_wp022_e,2003,4,0.88124746
nan 560,Untyped,2007,7,ATCM26_wp022_e,2003,4,0.7183933854103088,ATCM34_wp025_e,2011,-4,0.8236691
nan 560,Untyped,2007,8,ATCM34_wp025_e,2011,-4,0.7087146639823914,ATCM21_wp024_e,1997,10,0.8126295
nan 560,Untyped,2007,9,ATCM18_wp010_e,1994,13,0.7085041999816895,ATCM3_wp038_e,1964,43,0.7889737
nan 560,Untyped,2007,10,ATCM3_wp038_e,1964,43,0.7012777328491211,ATCM24_wp004_e,2001,6,0.67542213
Recommendation 23,Recommendation,1962,1,ATCM2_wp005_e,1962,0,0.9085088968276978,ATCM2_wp020_rev1_e,1962,0,0.9701947
Recommendation 23,Recommendation,1962,2,ATCM4_wp027_e,1966,-4,0.871559739112854,ATCM2_wp020_e,1962,0,0.96833336
Recommendation 23,Recommendation,1962,3,ATCM4_wp027_rev1_e,1966,-4,0.8685373067855835,ATCM8_wp008_e,1975,-13,0.9648021
Recommendation 23,Recommendation,1962,4,ATCM4_wp024_e,1966,-4,0.8603958487510681,ATCM2_wp005_e,1962,0,0.9648021
Recommendation 23,Recommendation,1962,5,ATCM2_wp020_e,1962,0,0.8455871939659119,ATCM12_wp013_e,1983,-21,0.9514318
Recommendation 23,Recommendation,1962,6,ATCM2_wp006_e,1962,0,0.8344159126281738,ATCM4_wp027_e,1966,-4,0.9484609
Recommendation 23,Recommendation,1962,7,ATCM2_wp020_rev1_e,1962,0,0.834108829498291,ATCM4_wp027_rev1_e,1966,-4,0.9482696
Recommendation 23,Recommendation,1962,8,ATCM8_wp008_e,1975,-13,0.8313275575637817,ATCM2_wp006_e,1962,0,0.93993545
Recommendation 23,Recommendation,1962,9,ATCM12_wp013_e,1983,-21,0.8309475779533386,ATCM4_wp024_e,1966,-4,0.9392704
Recommendation 23,Recommendation,1962,10,ATCM16_wp032_e,1991,-29,0.8153839707374573,ATCM16_wp032_e,1991,-29,0.9161021
Measure 459,Measure,2010,1,ATCM43_wp024_rev1_e,2021,-11,0.9051403999328613,ATCM33_wp033_e,2010,0,0.9713038
Measure 459,Measure,2010,2,ATCM33_wp033_e,2010,0,0.8949012756347656,ATCM43_wp024_rev1_e,2021,-11,0.96833336
Measure 459,Measure,2010,3,ATCM38_wp026_e,2015,-5,0.8677942752838135,ATCM38_wp026_e,2015,-5,0.9497813
Measure 459,Measure,2010,4,ATCM46_wp023_e,2024,-14,0.8436446189880371,ATCM37_wp007_e,2014,-4,0.9333337
Measure 459,Measure,2010,5,ATCM43_wp003_e,2021,-11,0.8308616876602173,ATCM43_wp003_e,2021,-11,0.92396355
Measure 459,Measure,2010,6,ATCM43_wp023_rev1_e,2021,-11,0.8308053016662598,ATCM33_wp035_e,2010,0,0.8988908
Measure 459,Measure,2010,7,ATCM37_wp007_e,2014,-4,0.8290106654167175,ATCM43_wp023_rev1_e,2021,-11,0.8930671
Measure 459,Measure,2010,8,ATCM33_wp035_e,2010,0,0.8250772953033447,ATCM36_wp030_e,2013,-3,0.88975894
Measure 459,Measure,2010,9,ATCM36_wp030_e,2013,-3,0.8237427473068237,ATCM36_wp029_e,2013,-3,0.8848775
Measure 459,Measure,2010,10,ATCM36_wp029_e,2013,-3,0.820412278175354,ATCM46_wp023_e,2024,-14,0.8804275
Measure 505,Measure,2012,1,ATCM35_wp008_e,2012,0,0.8946692943572998,ATCM30_wp030_e,2007,5,0.9853618
Measure 505,Measure,2012,2,ATCM44_wp045_e,2022,-10,0.8945398926734924,ATCM44_wp045_e,2022,-10,0.9762744
Measure 505,Measure,2012,3,ATCM30_wp030_e,2007,5,0.8703298568725586,ATCM35_wp008_e,2012,0,0.9755397
Measure 505,Measure,2012,4,ATCM40_wp009_rev1_e,2017,-5,0.8489949107170105,ATCM40_wp009_rev1_e,2017,-5,0.9749741
Measure 505,Measure,2012,5,ATCM36_wp059_e,2013,-1,0.8170610070228577,ATCM28_wp042_e,2005,7,0.933212
Measure 505,Measure,2012,6,ATCM35_wp044_e,2012,0,0.8129251003265381,ATCM38_wp026_e,2015,-3,0.9287585
Measure 505,Measure,2012,7,ATCM38_wp026_e,2015,-3,0.8122343420982361,ATCM45_wp054_rev1_e,2023,-11,0.9189469
Measure 505,Measure,2012,8,ATCM29_wp029_e,2006,6,0.8076715469360352,ATCM36_wp059_e,2013,-1,0.9150832
Measure 505,Measure,2012,9,ATCM28_wp042_e,2005,7,0.8028358221054077,ATCM35_wp044_e,2012,0,0.91391885
Measure 505,Measure,2012,10,ATCM45_wp054_rev1_e,2023,-11,0.8024793863296509,ATCM29_wp029_e,2006,6,0.9085692
Resolution 229,Resolution,1995,1,ATCM24_wp033_e,2001,-6,0.9058984518051147,ATCM16_wp020_e,1991,4,0.94210327
Resolution 229,Resolution,1995,2,ATCM12_wp017_rev1_e,1983,12,0.8897430896759033,ATCM20_wp026_e,1996,-1,0.9388232
Resolution 229,Resolution,1995,3,ATCM10_wp031_rev1_e,1979,16,0.8878790140151978,ATCM10_wp031_rev1_e,1979,16,0.93848586
Resolution 229,Resolution,1995,4,ATCM10_wp031_e,1979,16,0.8790304064750671,ATCM10_wp031_e,1979,16,0.9334551
Resolution 229,Resolution,1995,5,ATCM16_wp020_e,1991,4,0.8768271803855896,ATCM8_wp002_e,1975,20,0.9329682
Resolution 229,Resolution,1995,6,ATCM20_wp026_e,1996,-1,0.8668723106384277,ATCM24_wp033_e,2001,-6,0.93186045
Resolution 229,Resolution,1995,7,ATCM10_wp039_e,1979,16,0.8642694354057312,ATCM10_wp039_e,1979,16,0.91720253
Resolution 229,Resolution,1995,8,ATCM10_wp039_rev1_e,1979,16,0.8624100685119629,ATCM10_wp039_rev1_e,1979,16,0.91657
Resolution 229,Resolution,1995,9,ATCM10_wp004_e,1979,16,0.8580545783042908,ATCM10_wp004_e,1979,16,0.91490287
Resolution 229,Resolution,1995,10,ATCM8_wp002_e,1975,20,0.8471124172210693,ATCM12_wp017_rev1_e,1983,12,0.91217446
Recommendation 111,Recommendation,1975,1,ATCM8_wp009_e,1975,0,0.8291193246841431,ATCM12_wp025_e,1983,-8,0.92056865
Recommendation 111,Recommendation,1975,2,ATCM6_wp019_rev1_e,1970,5,0.8212964534759521,ATCM8_wp046_e,1975,0,0.91336024
Recommendation 111,Recommendation,1975,3,ATCM7_wp029_rev1_e,1972,3,0.8140876293182373,ATCM8_wp009_e,1975,0,0.90230006
Recommendation 111,Recommendation,1975,4,ATCM7_wp029_rev2_e,1972,3,0.8095449209213257,ATCM9_wp049_rev1_e,1977,-2,0.89637846
Recommendation 111,Recommendation,1975,5,ATCM6_wp019_e,1970,5,0.799049437046051,ATCM7_wp029_rev2_e,1972,3,0.8954678
Recommendation 111,Recommendation,1975,6,ATCM9_wp049_rev1_e,1977,-2,0.7984715700149536,ATCM7_wp029_rev1_e,1972,3,0.8808381
Recommendation 111,Recommendation,1975,7,ATCM12_wp018_e,1983,-8,0.7934232950210571,ATCM7_wp029_e,1972,3,0.8766766
Recommendation 111,Recommendation,1975,8,ATCM12_wp025_e,1983,-8,0.7784596085548401,ATCM6_wp019_e,1970,5,0.8682022
Recommendation 111,Recommendation,1975,9,ATCM8_wp046_e,1975,0,0.7721443772315979,ATCM6_wp019_rev1_e,1970,5,0.8632072
Recommendation 111,Recommendation,1975,10,ATCM7_wp029_e,1972,3,0.771958589553833,ATCM12_wp018_e,1983,-8,0.83846825
Recommendation 66,Recommendation,1966,1,ATCM4_wp061_rev1_e,1966,0,0.8643909096717834,ATCM4_wp061_rev1_e,1966,0,0.93489623
Recommendation 66,Recommendation,1966,2,ATCM4_wp061_e,1966,0,0.8370012044906616,ATCM5_wp047_e,1968,-2,0.93247795
Recommendation 66,Recommendation,1966,3,ATCM5_wp047_e,1968,-2,0.788599967956543,ATCM4_wp061_e,1966,0,0.903371
Recommendation 66,Recommendation,1966,4,ATCM2_wp016_e,1962,4,0.7452418804168701,ATCM5_wp024_rev1_e,1968,-2,0.9002144
Recommendation 66,Recommendation,1966,5,ATCM1_wp024_e,1961,5,0.7392989993095398,ATCM1_wp024_e,1961,5,0.8309237
Recommendation 66,Recommendation,1966,6,ATCM6_wp027_e,1970,-4,0.735480546951294,ATCM2_wp016_e,1962,4,0.79919165
Recommendation 66,Recommendation,1966,7,ATCM3_wp037_e,1964,2,0.7338381409645081,ATCM3_wp037_e,1964,2,0.7954039
Recommendation 66,Recommendation,1966,8,ATCM8_wp039_e,1975,-9,0.7193483114242554,ATCM6_wp027_e,1970,-4,0.7810635
Recommendation 66,Recommendation,1966,9,ATCM5_wp024_rev1_e,1968,-2,0.7111929655075073,ATCM2_wp013_e,1962,4,0.747321
Recommendation 66,Recommendation,1966,10,ATCM2_wp013_e,1962,4,0.6707382202148438,ATCM8_wp039_e,1975,-9,0.7458429
Recommendation 79,Recommendation,1970,1,ATCM6_wp019_rev1_e,1970,0,0.9351906776428223,ATCM7_wp015_e,1972,-2,0.9346581
Recommendation 79,Recommendation,1970,2,ATCM6_wp019_e,1970,0,0.9029719829559326,ATCM6_wp019_rev1_e,1970,0,0.92862916
Recommendation 79,Recommendation,1970,3,ATCM9_wp049_rev1_e,1977,-7,0.8665311932563782,ATCM9_wp049_rev1_e,1977,-7,0.92498636
Recommendation 79,Recommendation,1970,4,ATCM12_wp018_e,1983,-13,0.8480685949325562,ATCM6_wp019_e,1970,0,0.9195631
Recommendation 79,Recommendation,1970,5,ATCM6_wp024_e,1970,0,0.8383609652519226,ATCM7_wp029_rev1_e,1972,-2,0.91883785
Recommendation 79,Recommendation,1970,6,ATCM8_wp046_e,1975,-5,0.8351022005081177,ATCM7_wp029_e,1972,-2,0.9161208
Recommendation 79,Recommendation,1970,7,ATCM12_wp009_e,1983,-13,0.8325326442718506,ATCM12_wp009_e,1983,-13,0.9147507
Recommendation 79,Recommendation,1970,8,ATCM7_wp029_rev1_e,1972,-2,0.826740562915802,ATCM8_wp046_e,1975,-5,0.9116154
Recommendation 79,Recommendation,1970,9,ATCM7_wp015_e,1972,-2,0.8205684423446655,ATCM12_wp018_e,1983,-13,0.90290105
Recommendation 79,Recommendation,1970,10,ATCM7_wp029_e,1972,-2,0.8112321496009827,ATCM6_wp024_e,1970,0,0.8994221
Resolution 443,Resolution,2009,1,ATCM32_wp045_e,2009,0,0.8563421964645386,ATCM32_wp045_e,2009,0,0.99107003
Resolution 443,Resolution,2009,2,ATCM21_wp033_e,1997,12,0.7118711471557617,ATCM33_wp020_e,2010,-1,0.961476
Resolution 443,Resolution,2009,3,ATCM31_wp049_e,2008,1,0.7069329023361206,ATCM31_wp049_e,2008,1,0.9505213
Resolution 443,Resolution,2009,4,ATCM33_wp020_e,2010,-1,0.6849760413169861,ATCM21_wp033_e,1997,12,0.93247795
Resolution 443,Resolution,2009,5,ATCM16_wp056_e,1991,18,0.66888427734375,ATCM16_wp056_e,1991,18,0.9130791
Resolution 443,Resolution,2009,6,ATCM12_wp011_e,1983,26,0.6419676542282104,ATCM36_wp041_e,2013,-4,0.91158587
Resolution 443,Resolution,2009,7,ATCM32_wp046_e,2009,0,0.6336978673934937,ATCM13_wp031_e,1985,24,0.90290105
Resolution 443,Resolution,2009,8,ATCM36_wp041_e,2013,-4,0.6312629580497742,ATCM22_wp023_e,1998,11,0.8736898
Resolution 443,Resolution,2009,9,ATCM13_wp031_e,1985,24,0.6265721917152405,ATCM32_wp046_e,2009,0,0.8622821
Resolution 443,Resolution,2009,10,ATCM22_wp023_e,1998,11,0.6210570335388184,ATCM12_wp011_e,1983,26,0.8447167
Resolution 264,Resolution,1999,1,ATCM23_wp007_rev2_e,1999,0,0.7898017764091492,ATCM23_wp007_rev2_e,1999,0,0.9603016
Resolution 264,Resolution,1999,2,ATCM23_wp007_e,1999,0,0.7842886447906494,ATCM23_wp007_e,1999,0,0.9598525
Resolution 264,Resolution,1999,3,ATCM37_wp029_e,2014,-15,0.7819015979766846,ATCM37_wp029_e,2014,-15,0.9572139
Resolution 264,Resolution,1999,4,ATCM22_wp014_e,1998,1,0.7769752740859985,ATCM22_wp019_e,1998,1,0.9336973
Resolution 264,Resolution,1999,5,ATCM22_wp019_e,1998,1,0.7721560001373291,ATCM37_wp024_e,2014,-15,0.9336973
Resolution 264,Resolution,1999,6,ATCM37_wp024_e,2014,-15,0.7688902616500854,ATCM22_wp014_e,1998,1,0.9245788
Resolution 264,Resolution,1999,7,ATCM44_wp033_e,2022,-23,0.7638059258460999,ATCM12_wp001_rev1_e,1983,16,0.9197435
Resolution 264,Resolution,1999,8,ATCM12_wp001_rev1_e,1983,16,0.7558118104934692,ATCM15_wp034_e,1989,10,0.907304
Resolution 264,Resolution,1999,9,ATCM15_wp066_rev2_e,1989,10,0.7459638118743896,ATCM15_wp066_rev2_e,1989,10,0.9066448
Resolution 264,Resolution,1999,10,ATCM15_wp034_e,1989,10,0.7454555034637451,ATCM44_wp033_e,2022,-23,0.8994221
Measure 394,Measure,2008,1,ATCM41_wp005_e,2018,-10,0.8231031894683838,ATCM31_wp053_e,2008,0,0.9416756
Measure 394,Measure,2008,2,ATCM30_wp021_e,2007,1,0.819780707359314,ATCM36_wp014_e,2013,-5,0.9365409
Measure 394,Measure,2008,3,ATCM31_wp053_e,2008,0,0.8183600902557373,ATCM45_wp008_e,2023,-15,0.93284583
Measure 394,Measure,2008,4,ATCM36_wp014_e,2013,-5,0.8157294988632202,ATCM30_wp021_e,2007,1,0.93284583
Measure 394,Measure,2008,5,ATCM45_wp008_e,2023,-15,0.8019975423812866,ATCM41_wp005_e,2018,-10,0.9326008
Measure 394,Measure,2008,6,ATCM42_wp035_e,2019,-11,0.7124171853065491,ATCM42_wp035_e,2019,-11,0.7928494
Measure 394,Measure,2008,7,ATCM35_wp058_e,2012,-4,0.712022066116333,ATCM37_wp058_rev1_e,2014,-6,0.7915634
Measure 394,Measure,2008,8,ATCM16_wp019_e,1991,17,0.7096972465515137,ATCM31_wp003_e,2008,0,0.7756728
Measure 394,Measure,2008,9,ATCM37_wp058_rev1_e,2014,-6,0.7066972255706787,ATCM35_wp058_e,2012,-4,0.77018833
Measure 394,Measure,2008,10,ATCM31_wp003_e,2008,0,0.7057196497917175,ATCM16_wp019_e,1991,17,0.7660137
Measure 594,Measure,2015,1,ATCM38_wp034_e,2015,0,0.9284480810165405,ATCM38_wp034_e,2015,0,0.97868
Measure 594,Measure,2015,2,ATCM43_wp040_e,2021,-6,0.9100037217140198,ATCM43_wp040_e,2021,-6,0.9742002
Measure 594,Measure,2015,3,ATCM46_wp023_e,2024,-9,0.8024753332138062,ATCM37_wp054_e,2014,1,0.9090951
Measure 594,Measure,2015,4,ATCM35_wp060_e,2012,3,0.795825719833374,ATCM47_wp011_e,2025,-10,0.9061477
Measure 594,Measure,2015,5,ATCM42_wp010_e,2019,-4,0.7952809929847717,ATCM36_wp059_e,2013,2,0.9040931
Measure 594,Measure,2015,6,ATCM36_wp059_e,2013,2,0.7914695143699646,ATCM35_wp044_e,2012,3,0.8999509
Measure 594,Measure,2015,7,ATCM35_wp044_e,2012,3,0.790370523929596,ATCM36_wp029_e,2013,2,0.89871323
Measure 594,Measure,2015,8,ATCM36_wp029_e,2013,2,0.7888283133506775,ATCM42_wp010_e,2019,-4,0.8938109
Measure 594,Measure,2015,9,ATCM37_wp054_e,2014,1,0.7878199815750122,ATCM46_wp023_e,2024,-9,0.8934396
Measure 594,Measure,2015,10,ATCM47_wp011_e,2025,-10,0.7852146625518799,ATCM35_wp060_e,2012,3,0.87129974
Resolution 255,Resolution,1998,1,ATCM22_wp003_e,1998,0,0.9194978475570679,ATCM22_wp003_e,1998,0,0.98764485
Resolution 255,Resolution,1998,2,ATCM25_wp009_e,2002,-4,0.8464317321777344,ATCM25_wp009_e,2002,-4,0.96247613
Resolution 255,Resolution,1998,3,ATCM16_wp001_e,1991,7,0.8295477032661438,ATCM16_wp049_e,1991,7,0.95070475
Resolution 255,Resolution,1998,4,ATCM8_wp005_e,1975,23,0.8129330277442932,ATCM20_wp016_e,1996,2,0.945015
Resolution 255,Resolution,1998,5,ATCM16_wp035_e,1991,7,0.81144118309021,ATCM16_wp001_e,1991,7,0.9392704
Resolution 255,Resolution,1998,6,ATCM26_wp028_e,2003,-5,0.8083556890487671,ATCM16_wp035_e,1991,7,0.92984915
Resolution 255,Resolution,1998,7,ATCM14_wp017_e,1987,11,0.8077121376991272,ATCM15_wp032_rev1_e,1989,9,0.92539185
Resolution 255,Resolution,1998,8,ATCM15_wp032_rev1_e,1989,9,0.80609530210495,ATCM26_wp028_e,2003,-5,0.9192012
Resolution 255,Resolution,1998,9,ATCM16_wp049_e,1991,7,0.8043473958969116,ATCM14_wp017_e,1987,11,0.91117173
Resolution 255,Resolution,1998,10,ATCM20_wp016_e,1996,2,0.8036123514175415,ATCM8_wp005_e,1975,23,0.888217
Decision 323,Decision,2004,1,ATCM27_wp030_rev1_e,2004,0,0.8784577250480652,ATCM27_wp030_rev1_e,2004,0,0.9645359
Decision 323,Decision,2004,2,ATCM26_wp011_e,2003,1,0.7899168133735657,ATCM26_wp005_e,2003,1,0.94903076
Decision 323,Decision,2004,3,ATCM26_wp005_e,2003,1,0.7753952741622925,ATCM26_wp011_e,2003,1,0.94769174
Decision 323,Decision,2004,4,ATCM27_wp029_e,2004,0,0.7676723599433899,ATCM27_wp029_e,2004,0,0.9292737
Decision 323,Decision,2004,5,ATCM18_wp008_e,1994,10,0.7652631998062134,ATCM24_wp037_e,2001,3,0.92223054
Decision 323,Decision,2004,6,ATCM24_wp037_e,2001,3,0.7486902475357056,ATCM27_wp047_rev1_e,2004,0,0.90897405
Decision 323,Decision,2004,7,ATCM27_wp047_rev1_e,2004,0,0.7476369142532349,ATCM25_wp044_e,2002,2,0.89427346
Decision 323,Decision,2004,8,ATCM25_wp044_e,2002,2,0.7397433519363403,ATCM18_wp008_e,1994,10,0.875404
Decision 323,Decision,2004,9,ATCM31_wp063_rev1_e,2008,-4,0.7355149984359741,ATCM31_wp063_rev1_e,2008,-4,0.85709965
Decision 323,Decision,2004,10,ATCM31_wp063_e,2008,-4,0.7344642281532288,ATCM31_wp063_e,2008,-4,0.85565823
Recommendation 50,Recommendation,1966,1,ATCM5_wp045_e,1968,-2,0.8270841240882874,ATCM5_wp045_e,1968,-2,0.946715
Recommendation 50,Recommendation,1966,2,ATCM31_wp047_e,2008,-42,0.7603570222854614,ATCM4_wp042_rev2_e,1966,0,0.9448117
Recommendation 50,Recommendation,1966,3,ATCM4_wp042_rev2_e,1966,0,0.7528060674667358,ATCM4_wp042_rev1_e,1966,0,0.93746316
Recommendation 50,Recommendation,1966,4,ATCM4_wp042_rev1_e,1966,0,0.7396471500396729,ATCM4_wp042_e,1966,0,0.9242376
Recommendation 50,Recommendation,1966,5,ATCM4_wp042_e,1966,0,0.7357774972915649,ATCM8_wp020_e,1975,-9,0.8991568
Recommendation 50,Recommendation,1966,6,ATCM4_wp055_rev1_e,1966,0,0.731562614440918,ATCM8_wp045_e,1975,-9,0.8822656
Recommendation 50,Recommendation,1966,7,ATCM4_wp055_e,1966,0,0.7202738523483276,ATCM4_wp055_rev1_e,1966,0,0.86181754
Recommendation 50,Recommendation,1966,8,ATCM8_wp011_e,1975,-9,0.7163479328155518,ATCM4_wp055_e,1966,0,0.85805386
Recommendation 50,Recommendation,1966,9,ATCM8_wp020_e,1975,-9,0.716269850730896,ATCM31_wp047_e,2008,-42,0.84826964
Recommendation 50,Recommendation,1966,10,ATCM8_wp045_e,1975,-9,0.7161531448364258,ATCM8_wp011_e,1975,-9,0.83846825
Resolution 519,Resolution,2012,1,ATCM36_wp064_e,2013,-1,0.8455560803413391,ATCM35_wp059_e,2012,0,0.97516406
Resolution 519,Resolution,2012,2,ATCM35_wp059_e,2012,0,0.8300519585609436,ATCM36_wp055_e,2013,-1,0.9559155
Resolution 519,Resolution,2012,3,ATCM36_wp055_e,2013,-1,0.786725640296936,ATCM36_wp064_e,2013,-1,0.9555851
Resolution 519,Resolution,2012,4,ATCM27_wp026_e,2004,8,0.7482479810714722,ATCM39_wp045_e,2016,-4,0.9533793
Resolution 519,Resolution,2012,5,ATCM42_wp054_e,2019,-7,0.7449270486831665,ATCM27_wp026_e,2004,8,0.9438879
Resolution 519,Resolution,2012,6,ATCM39_wp045_e,2016,-4,0.7399541139602661,ATCM29_wp002_e,2006,6,0.9271921
Resolution 519,Resolution,2012,7,ATCM30_wp022_e,2007,5,0.7365137338638306,ATCM41_wp035_e,2018,-6,0.90949786
Resolution 519,Resolution,2012,8,ATCM29_wp002_e,2006,6,0.7342275381088257,ATCM42_wp054_e,2019,-7,0.9058983
Resolution 519,Resolution,2012,9,ATCM41_wp034_e,2018,-6,0.7339075207710266,ATCM41_wp034_e,2018,-6,0.8872437
Resolution 519,Resolution,2012,10,ATCM41_wp035_e,2018,-6,0.7324952483177185,ATCM30_wp022_e,2007,5,0.87582946
Measure 277,Measure,2001,1,ATCM24_wp033_e,2001,0,0.9374387264251709,ATCM24_wp033_e,2001,0,0.9701947
Measure 277,Measure,2001,2,ATCM10_wp031_rev1_e,1979,22,0.8459336757659912,ATCM16_wp020_e,1991,10,0.9480776
Measure 277,Measure,2001,3,ATCM10_wp031_e,1979,22,0.8432299494743347,ATCM16_wp057_e,1991,10,0.9373486
Measure 277,Measure,2001,4,ATCM16_wp020_e,1991,10,0.8330610990524292,ATCM10_wp031_rev1_e,1979,22,0.9372338
Measure 277,Measure,2001,5,ATCM8_wp002_e,1975,26,0.8223828673362732,ATCM10_wp031_e,1979,22,0.93210804
Measure 277,Measure,2001,6,ATCM20_wp026_e,1996,5,0.8180863857269287,ATCM8_wp035_e,1975,26,0.93035704
Measure 277,Measure,2001,7,ATCM12_wp017_rev1_e,1983,18,0.8180508017539978,ATCM20_wp026_e,1996,5,0.9178124
Measure 277,Measure,2001,8,ATCM8_wp035_e,1975,26,0.8175767660140991,ATCM12_wp017_rev1_e,1983,18,0.9168682
Measure 277,Measure,2001,9,ATCM10_wp004_e,1979,22,0.8130648732185364,ATCM8_wp002_e,1975,26,0.91666335
Measure 277,Measure,2001,10,ATCM16_wp057_e,1991,10,0.8095005750656128,ATCM10_wp004_e,1979,22,0.897282
Resolution 523,Resolution,2012,1,ATCM34_wp019_e,2011,1,0.8693004846572876,ATCM35_wp004_e,2012,0,0.9817077
Resolution 523,Resolution,2012,2,ATCM35_wp004_e,2012,0,0.86371910572052,ATCM34_wp019_e,2011,1,0.9766336
Resolution 523,Resolution,2012,3,ATCM28_wp012_e,2005,7,0.7312692999839783,ATCM37_wp044_e,2014,-2,0.91803306
Resolution 523,Resolution,2012,4,ATCM40_wp036_e,2017,-5,0.726607084274292,ATCM26_wp013_e,2003,9,0.88918287
Resolution 523,Resolution,2012,5,ATCM37_wp044_e,2014,-2,0.7233945727348328,ATCM28_wp012_e,2005,7,0.8804275
Resolution 523,Resolution,2012,6,ATCM10_wp024_rev2_e,1979,33,0.7202745676040649,ATCM36_wp047_e,2013,-1,0.8726081
Resolution 523,Resolution,2012,7,ATCM12_wp018_e,1983,29,0.7195097208023071,ATCM15_wp058_e,1989,23,0.8643563
Resolution 523,Resolution,2012,8,ATCM15_wp058_e,1989,23,0.7194948196411133,ATCM10_wp024_rev2_e,1979,33,0.86041605
Resolution 523,Resolution,2012,9,ATCM36_wp047_e,2013,-1,0.719125509262085,ATCM40_wp036_e,2017,-5,0.8447167
Resolution 523,Resolution,2012,10,ATCM26_wp013_e,2003,9,0.7162377834320068,ATCM12_wp018_e,1983,29,0.84213746
Resolution 292,Resolution,2002,1,ATCM22_wp003_e,1998,4,0.8556352257728577,ATCM37_wp054_e,2014,-12,0.9453187
Resolution 292,Resolution,2002,2,ATCM37_wp054_e,2014,-12,0.8302537202835083,ATCM41_wp031_e,2018,-16,0.9436807
Resolution 292,Resolution,2002,3,ATCM25_wp009_e,2002,0,0.8253365755081177,ATCM45_wp054_rev1_e,2023,-21,0.9380332
Resolution 292,Resolution,2002,4,ATCM35_wp044_e,2012,-10,0.8023887872695923,ATCM35_wp054_e,2012,-10,0.9357234
Resolution 292,Resolution,2002,5,ATCM45_wp054_rev1_e,2023,-21,0.7997114658355713,ATCM22_wp003_e,1998,4,0.9308616
Resolution 292,Resolution,2002,6,ATCM36_wp059_e,2013,-11,0.7980789542198181,ATCM35_wp044_e,2012,-10,0.926197
Resolution 292,Resolution,2002,7,ATCM20_wp016_e,1996,6,0.7940729856491089,ATCM35_wp058_e,2012,-10,0.9251894
Resolution 292,Resolution,2002,8,ATCM41_wp031_e,2018,-16,0.7930561304092407,ATCM25_wp009_e,2002,0,0.92264974
Resolution 292,Resolution,2002,9,ATCM35_wp058_e,2012,-10,0.7922345399856567,ATCM36_wp059_e,2013,-11,0.91930985
Resolution 292,Resolution,2002,10,ATCM35_wp054_e,2012,-10,0.781292736530304,ATCM20_wp016_e,1996,6,0.8590027
Resolution 383,Resolution,2007,1,ATCM31_wp030_rev3_e,2008,-1,0.8591563701629639,ATCM31_wp030_rev3_e,2008,-1,0.9525035
Resolution 383,Resolution,2007,2,ATCM23_wp024_e,1999,8,0.719807505607605,ATCM28_wp042_e,2005,2,0.90281546
Resolution 383,Resolution,2007,3,ATCM44_wp034_e,2022,-15,0.7161679267883301,ATCM44_wp024_e,2022,-15,0.8999509
Resolution 383,Resolution,2007,4,ATCM44_wp024_e,2022,-15,0.7134360671043396,ATCM4_wp047_rev1_e,1966,41,0.87476355
Resolution 383,Resolution,2007,5,ATCM4_wp047_e,1966,41,0.7051041126251221,ATCM23_wp024_e,1999,8,0.8699799
Resolution 383,Resolution,2007,6,ATCM4_wp028_e,1966,41,0.7023273706436157,ATCM4_wp047_e,1966,41,0.85994625
Resolution 383,Resolution,2007,7,ATCM4_wp046_rev1_e,1966,41,0.7001703977584839,ATCM44_wp034_e,2022,-15,0.8352686
Resolution 383,Resolution,2007,8,ATCM28_wp042_e,2005,2,0.6996058821678162,ATCM4_wp028_e,1966,41,0.8270472
Resolution 383,Resolution,2007,9,ATCM4_wp047_rev1_e,1966,41,0.6972574591636658,ATCM4_wp046_rev1_e,1966,41,0.8072176
Resolution 383,Resolution,2007,10,ATCM4_wp046_e,1966,41,0.6951770782470703,ATCM4_wp046_e,1966,41,0.77018833
nan 618,Untyped,2013,1,ATCM36_wp031_e,2013,0,0.7814263105392456,ATCM46_wp042_e,2024,-11,0.92933786
nan 618,Untyped,2013,2,ATCM38_wp043_e,2015,-2,0.7765167355537415,ATCM47_wp004_e,2025,-12,0.91821665
nan 618,Untyped,2013,3,ATCM25_wp011_e,2002,11,0.7586988806724548,ATCM42_wp033_e,2019,-6,0.88918287
nan 618,Untyped,2013,4,ATCM28_wp046_e,2005,8,0.7547248005867004,ATCM40_wp003_e,2017,-4,0.8842793
nan 618,Untyped,2013,5,ATCM27_wp037_e,2004,9,0.7475487589836121,ATCM36_wp031_e,2013,0,0.8768876
nan 618,Untyped,2013,6,ATCM47_wp004_e,2025,-12,0.7430774569511414,ATCM25_wp011_e,2002,11,0.8710806
nan 618,Untyped,2013,7,ATCM46_wp042_e,2024,-11,0.7292686700820923,ATCM38_wp043_e,2015,-2,0.8622821
nan 618,Untyped,2013,8,ATCM42_wp033_e,2019,-6,0.7255005836486816,ATCM26_wp040_e,2003,10,0.8287171
nan 618,Untyped,2013,9,ATCM26_wp040_e,2003,10,0.7170207500457764,ATCM27_wp037_e,2004,9,0.7928494
nan 618,Untyped,2013,10,ATCM40_wp003_e,2017,-4,0.7145088911056519,ATCM28_wp046_e,2005,8,0.7928494
Resolution 386,Resolution,2007,1,ATCM31_wp006_e,2008,-1,0.7676036953926086,ATCM6_wp025_rev1_e,1970,37,0.8905229
Resolution 386,Resolution,2007,2,ATCM30_wp013_e,2007,0,0.7465109825134277,ATCM30_wp013_e,2007,0,0.8854731
Resolution 386,Resolution,2007,3,ATCM7_wp051_e,1972,35,0.7454220652580261,ATCM31_wp006_e,2008,-1,0.877938
Resolution 386,Resolution,2007,4,ATCM16_wp041_e,1991,16,0.7434993982315063,ATCM7_wp051_e,1972,35,0.87347406
Resolution 386,Resolution,2007,5,ATCM16_wp048_e,1991,16,0.7401000261306763,ATCM25_wp002_e,2002,5,0.8706413
Resolution 386,Resolution,2007,6,ATCM25_wp002_e,2002,5,0.7391136884689331,ATCM10_wp008_e,1979,28,0.8661778
Resolution 386,Resolution,2007,7,ATCM16_wp037_e,1991,16,0.7388337850570679,ATCM16_wp041_e,1991,16,0.8636677
Resolution 386,Resolution,2007,8,ATCM28_wp012_e,2005,2,0.7357332706451416,ATCM16_wp048_e,1991,16,0.84826964
Resolution 386,Resolution,2007,9,ATCM10_wp008_e,1979,28,0.7353981733322144,ATCM16_wp037_e,1991,16,0.84726137
Resolution 386,Resolution,2007,10,ATCM6_wp025_rev1_e,1970,37,0.7333230972290039,ATCM28_wp012_e,2005,2,0.8303741
Measure 530,Measure,2013,1,ATCM29_wp029_e,2006,7,0.9112206101417542,ATCM36_wp059_e,2013,0,0.9839462
Measure 530,Measure,2013,2,ATCM36_wp059_e,2013,0,0.9002133011817932,ATCM29_wp029_e,2006,7,0.9805509
Measure 530,Measure,2013,3,ATCM43_wp064_e,2021,-8,0.8800069689750671,ATCM43_wp064_e,2021,-8,0.9762744
Measure 530,Measure,2013,4,ATCM35_wp044_e,2012,1,0.8383485674858093,ATCM45_wp054_rev1_e,2023,-10,0.9221254
Measure 530,Measure,2013,5,ATCM45_wp054_rev1_e,2023,-10,0.8304843902587891,ATCM44_wp053_e,2022,-9,0.92099595
Measure 530,Measure,2013,6,ATCM41_wp031_e,2018,-5,0.8302819728851318,ATCM41_wp031_e,2018,-5,0.91952693
Measure 530,Measure,2013,7,ATCM35_wp061_e,2012,1,0.8281466960906982,ATCM35_wp044_e,2012,1,0.9167006
Measure 530,Measure,2013,8,ATCM35_wp060_e,2012,1,0.8280515074729919,ATCM35_wp061_e,2012,1,0.9004773
Measure 530,Measure,2013,9,ATCM44_wp053_e,2022,-9,0.8230394124984741,ATCM35_wp060_e,2012,1,0.8939036
Measure 530,Measure,2013,10,ATCM35_wp058_e,2012,1,0.8135179877281189,ATCM35_wp058_e,2012,1,0.8842793
Measure 240,Measure,1997,1,ATCM31_wp025_rev1_e,2008,-11,0.7930043935775757,ATCM15_wp039_e,1989,8,0.8948262
Measure 240,Measure,1997,2,ATCM21_wp004_rev1_e,1997,0,0.7925801277160645,ATCM21_wp004_rev1_e,1997,0,0.8914713
Measure 240,Measure,1997,3,ATCM21_wp015_rev2_e,1997,0,0.7834646701812744,ATCM21_wp015_rev2_e,1997,0,0.88841075
Measure 240,Measure,1997,4,ATCM36_wp030_e,2013,-16,0.7814515233039856,ATCM16_wp001_e,1991,6,0.88743895
Measure 240,Measure,1997,5,ATCM38_wp026_e,2015,-18,0.7757757902145386,ATCM20_wp013_e,1996,1,0.87877274
Measure 240,Measure,1997,6,ATCM20_wp013_e,1996,1,0.7747968435287476,ATCM14_wp037_e,1987,10,0.8710806
Measure 240,Measure,1997,7,ATCM43_wp023_rev1_e,2021,-24,0.7729043960571289,ATCM31_wp025_rev1_e,2008,-11,0.85614
Measure 240,Measure,1997,8,ATCM16_wp001_e,1991,6,0.7697365283966064,ATCM43_wp023_rev1_e,2021,-24,0.82196057
Measure 240,Measure,1997,9,ATCM15_wp039_e,1989,8,0.7695720195770264,ATCM38_wp026_e,2015,-18,0.8208144
Measure 240,Measure,1997,10,ATCM14_wp037_e,1987,10,0.7623031139373779,ATCM36_wp030_e,2013,-16,0.8179237
Resolution 273,Resolution,2000,1,ATCM23_wp036_e,1999,1,0.827619194984436,ATCM33_wp050_e,2010,-10,0.9685721
Resolution 273,Resolution,2000,2,ATCM33_wp050_e,2010,-10,0.8097649812698364,ATCM23_wp036_e,1999,1,0.94210327
Resolution 273,Resolution,2000,3,ATCM15_wp032_rev1_e,1989,11,0.7830625772476196,ATCM23_wp037_e,1999,1,0.9255267
Resolution 273,Resolution,2000,4,ATCM20_wp016_e,1996,4,0.7824934720993042,ATCM20_wp016_e,1996,4,0.911517
Resolution 273,Resolution,2000,5,ATCM23_wp037_e,1999,1,0.781260073184967,ATCM15_wp053_e,1989,11,0.909196
Resolution 273,Resolution,2000,6,ATCM25_wp009_e,2002,-2,0.7773979306221008,ATCM25_wp009_e,2002,-2,0.8981786
Resolution 273,Resolution,2000,7,ATCM16_wp001_e,1991,9,0.7752399444580078,ATCM15_wp039_e,1989,11,0.89427346
Resolution 273,Resolution,2000,8,ATCM15_wp039_e,1989,11,0.7730811834335327,ATCM16_wp001_e,1991,9,0.8937182
Resolution 273,Resolution,2000,9,ATCM7_wp009_e,1972,28,0.7679525017738342,ATCM15_wp032_rev1_e,1989,11,0.8828729
Resolution 273,Resolution,2000,10,ATCM15_wp053_e,1989,11,0.765198826789856,ATCM7_wp009_e,1972,28,0.87730867
Decision 344,Decision,2005,1,ATCM30_wp017_e,2007,-2,0.8309017419815063,ATCM29_wp007_e,2006,-1,0.92539185
Decision 344,Decision,2005,2,ATCM26_wp028_e,2003,2,0.8155779838562012,ATCM30_wp017_e,2007,-2,0.91314626
Decision 344,Decision,2005,3,ATCM35_wp060_e,2012,-7,0.800378680229187,ATCM36_wp049_e,2013,-8,0.9070985
Decision 344,Decision,2005,4,ATCM16_wp021_e,1991,14,0.792078971862793,ATCM26_wp028_e,2003,2,0.89862424
Decision 344,Decision,2005,5,ATCM35_wp035_e,2012,-7,0.7914069890975952,ATCM25_wp009_e,2002,3,0.8940887
Decision 344,Decision,2005,6,ATCM32_wp034_e,2009,-4,0.7895556688308716,ATCM35_wp035_e,2012,-7,0.8872437
Decision 344,Decision,2005,7,ATCM25_wp009_e,2002,3,0.7743242383003235,ATCM35_wp060_e,2012,-7,0.88665617
Decision 344,Decision,2005,8,ATCM29_wp007_e,2006,-1,0.771350622177124,ATCM32_wp034_e,2009,-4,0.88124746
Decision 344,Decision,2005,9,ATCM36_wp049_e,2013,-8,0.7648827433586121,ATCM16_wp021_e,1991,14,0.87020063
Decision 344,Decision,2005,10,ATCM8_wp003_e,1975,30,0.7632541656494141,ATCM8_wp003_e,1975,30,0.8053874
Recommendation 160,Recommendation,1987,1,ATCM12_wp010_e,1983,4,0.8901963233947754,ATCM22_wp025_e,1998,-11,0.9749741
Recommendation 160,Recommendation,1987,2,ATCM9_wp042_e,1977,10,0.8678200244903564,ATCM12_wp010_e,1983,4,0.95088744
Recommendation 160,Recommendation,1987,3,ATCM12_wp026_e,1983,4,0.8667515516281128,ATCM39_wp019_e,2016,-29,0.9503373
Recommendation 160,Recommendation,1987,4,ATCM10_wp035_e,1979,8,0.8386622667312622,ATCM20_wp020_e,1996,-9,0.93210804
Recommendation 160,Recommendation,1987,5,ATCM7_wp012_e,1972,15,0.8386462926864624,ATCM12_wp026_e,1983,4,0.9017824
Recommendation 160,Recommendation,1987,6,ATCM39_wp019_e,2016,-29,0.8136061429977417,ATCM11_wp038_e,1981,6,0.8936255
Recommendation 160,Recommendation,1987,7,ATCM22_wp025_e,1998,-11,0.7950438857078552,ATCM9_wp042_e,1977,10,0.88606596
Recommendation 160,Recommendation,1987,8,ATCM11_wp038_e,1981,6,0.7937575578689575,ATCM11_wp005_e,1981,6,0.8818593
Recommendation 160,Recommendation,1987,9,ATCM11_wp005_e,1981,6,0.7843853235244751,ATCM7_wp012_e,1972,15,0.87898064
Recommendation 160,Recommendation,1987,10,ATCM20_wp020_e,1996,-9,0.7821629047393799,ATCM10_wp035_e,1979,8,0.875404
Measure 541,Measure,2013,1,ATCM41_wp005_e,2018,-5,0.8940860629081726,ATCM36_wp014_e,2013,0,0.9773362
Measure 541,Measure,2013,2,ATCM36_wp014_e,2013,0,0.8897277116775513,ATCM45_wp008_e,2023,-10,0.97319996
Measure 541,Measure,2013,3,ATCM45_wp008_e,2023,-10,0.8624533414840698,ATCM41_wp005_e,2018,-5,0.9701947
Measure 541,Measure,2013,4,ATCM31_wp053_e,2008,5,0.8268960118293762,ATCM31_wp053_e,2008,5,0.9634512
Measure 541,Measure,2013,5,ATCM30_wp021_e,2007,6,0.8256722688674927,ATCM30_wp021_e,2007,6,0.9238263
Measure 541,Measure,2013,6,ATCM35_wp058_e,2012,1,0.8142255544662476,ATCM28_wp042_e,2005,8,0.91668195
Measure 541,Measure,2013,7,ATCM42_wp016_e,2019,-6,0.8105654716491699,ATCM37_wp058_rev1_e,2014,-1,0.89637846
Measure 541,Measure,2013,8,ATCM28_wp042_e,2005,8,0.8102343678474426,ATCM42_wp016_e,2019,-6,0.8895672
Measure 541,Measure,2013,9,ATCM35_wp060_e,2012,1,0.8091352581977844,ATCM35_wp060_e,2012,1,0.85126173
Measure 541,Measure,2013,10,ATCM37_wp058_rev1_e,2014,-1,0.8091244697570801,ATCM35_wp058_e,2012,1,0.8467552
Resolution 234,Resolution,1996,1,ATCM33_wp026_e,2010,-14,0.801228404045105,ATCM20_wp006_e,1996,0,0.9545797
Resolution 234,Resolution,1996,2,ATCM31_wp026_e,2008,-12,0.8001260757446289,ATCM31_wp054_e,2008,-12,0.9271921
Resolution 234,Resolution,1996,3,ATCM20_wp006_e,1996,0,0.7971097826957703,ATCM33_wp026_e,2010,-14,0.9071808
Resolution 234,Resolution,1996,4,ATCM31_wp054_e,2008,-12,0.7960593104362488,ATCM32_wp037_e,2009,-13,0.9041354
Resolution 234,Resolution,1996,5,ATCM30_wp033_e,2007,-11,0.7950097322463989,ATCM31_wp026_e,2008,-12,0.9000389
Resolution 234,Resolution,1996,6,ATCM29_wp033_e,2006,-10,0.7945358753204346,ATCM30_wp033_e,2007,-11,0.89906824
Resolution 234,Resolution,1996,7,ATCM32_wp037_e,2009,-13,0.7916843891143799,ATCM29_wp033_e,2006,-10,0.8981786
Resolution 234,Resolution,1996,8,ATCM42_wp039_e,2019,-23,0.7883584499359131,ATCM30_wp020_e,2007,-11,0.8770983
Resolution 234,Resolution,1996,9,ATCM30_wp020_e,2007,-11,0.782418966293335,ATCM42_wp039_e,2019,-23,0.86458504
Resolution 234,Resolution,1996,10,ATCM38_wp019_rev1_e,2015,-19,0.7793495059013367,ATCM38_wp019_rev1_e,2015,-19,0.8522482
nan 630,Untyped,2016,1,ATCM34_wp004_e,2011,5,0.8466552495956421,ATCM43_wp051_e,2021,-5,0.9764547
nan 630,Untyped,2016,2,ATCM43_wp051_e,2021,-5,0.8462786078453064,ATCM34_wp004_e,2011,5,0.96833336
nan 630,Untyped,2016,3,ATCM39_wp037_e,2016,0,0.8446991443634033,ATCM39_wp037_e,2016,0,0.967361
nan 630,Untyped,2016,4,ATCM29_wp021_rev1_e,2006,10,0.7426982522010803,ATCM29_wp021_rev1_e,2006,10,0.9301036
nan 630,Untyped,2016,5,ATCM28_wp022_e,2005,11,0.736931562423706,ATCM28_wp022_e,2005,11,0.9016092
nan 630,Untyped,2016,6,ATCM37_wp031_e,2014,2,0.7314136028289795,ATCM34_wp003_e,2011,5,0.8517556
nan 630,Untyped,2016,7,ATCM36_wp056_e,2013,3,0.7279499769210815,ATCM37_wp031_e,2014,2,0.8497718
nan 630,Untyped,2016,8,ATCM38_wp026_e,2015,1,0.7269916534423828,ATCM36_wp056_e,2013,3,0.8457387
nan 630,Untyped,2016,9,ATCM32_wp051_rev1_e,2009,7,0.7263632416725159,ATCM32_wp051_rev1_e,2009,7,0.83419085
nan 630,Untyped,2016,10,ATCM34_wp003_e,2011,5,0.7188894152641296,ATCM38_wp026_e,2015,1,0.814997
Decision 606,Decision,2015,1,ATCM31_wp001_e,2008,7,0.8286205530166626,ATCM31_wp001_e,2008,7,0.96466917
Decision 606,Decision,2015,2,ATCM21_wp001_e,1997,18,0.8178411722183228,ATCM27_wp048_rev1_e,2004,11,0.9555851
Decision 606,Decision,2015,3,ATCM32_wp007_e,2009,6,0.8064107894897461,ATCM1_wp002_e,1961,54,0.9484609
Decision 606,Decision,2015,4,ATCM26_wp040_e,2003,12,0.7847862243652344,ATCM21_wp001_e,1997,18,0.935015
Decision 606,Decision,2015,5,ATCM27_wp008_e,2004,11,0.7837687134742737,ATCM26_wp040_e,2003,12,0.93381816
Decision 606,Decision,2015,6,ATCM21_wp040_e,1997,18,0.7823952436447144,ATCM32_wp007_e,2009,6,0.9117186
Decision 606,Decision,2015,7,ATCM27_wp048_rev1_e,2004,11,0.7791176438331604,ATCM21_wp040_e,1997,18,0.892037
Decision 606,Decision,2015,8,ATCM21_wp033_e,1997,18,0.7774758338928223,ATCM17_wp020_e,1992,23,0.8895672
Decision 606,Decision,2015,9,ATCM1_wp002_e,1961,54,0.775314450263977,ATCM27_wp008_e,2004,11,0.86041605
Decision 606,Decision,2015,10,ATCM17_wp020_e,1992,23,0.7720860242843628,ATCM21_wp033_e,1997,18,0.8522482
Recommendation 72,Recommendation,1968,1,ATCM5_wp003_rev2_e,1968,0,0.8969398736953735,ATCM3_wp001_e,1964,4,0.94996727
Recommendation 72,Recommendation,1968,2,ATCM3_wp001_e,1964,4,0.8326035737991333,ATCM5_wp003_e,1968,0,0.9484609
Recommendation 72,Recommendation,1968,3,ATCM7_wp041_e,1972,-4,0.8107919096946716,ATCM5_wp003_rev2_e,1968,0,0.9484609
Recommendation 72,Recommendation,1968,4,ATCM7_wp058_e,1972,-4,0.8087222576141357,ATCM5_wp003_rev1_e,1968,0,0.93971455
Recommendation 72,Recommendation,1968,5,ATCM5_wp003_e,1968,0,0.8060108423233032,ATCM6_wp015_e,1970,-2,0.90746814
Recommendation 72,Recommendation,1968,6,ATCM7_wp014_e,1972,-4,0.8024426698684692,ATCM7_wp058_e,1972,-4,0.89737195
Recommendation 72,Recommendation,1968,7,ATCM1_wp025_e,1961,7,0.7923995852470398,ATCM7_wp014_e,1972,-4,0.8926935
Recommendation 72,Recommendation,1968,8,ATCM5_wp003_rev1_e,1968,0,0.7904647588729858,ATCM2_wp003_e,1962,6,0.87898064
Recommendation 72,Recommendation,1968,9,ATCM2_wp003_e,1962,6,0.7899508476257324,ATCM1_wp025_e,1961,7,0.86458504
Recommendation 72,Recommendation,1968,10,ATCM6_wp015_e,1970,-2,0.7892877459526062,ATCM7_wp041_e,1972,-4,0.8643563
Resolution 580,Resolution,2014,1,ATCM21_wp009_e,1997,17,0.7804930210113525,ATCM22_wp012_e,1998,16,0.9141681
Resolution 580,Resolution,2014,2,ATCM11_wp026_e,1981,33,0.7724146842956543,ATCM22_wp002_e,1998,16,0.91337466
Resolution 580,Resolution,2014,3,ATCM22_wp012_e,1998,16,0.7529566287994385,ATCM24_wp025_e,2001,13,0.91211087
Resolution 580,Resolution,2014,4,ATCM9_wp046_rev1_e,1977,37,0.75275057554245,ATCM11_wp026_e,1981,33,0.8996868
Resolution 580,Resolution,2014,5,ATCM15_wp031_e,1989,25,0.7525259256362915,ATCM21_wp009_e,1997,17,0.88937515
Resolution 580,Resolution,2014,6,ATCM22_wp002_e,1998,16,0.7515064477920532,ATCM9_wp046_e,1977,37,0.88104296
Resolution 580,Resolution,2014,7,ATCM9_wp046_e,1977,37,0.7356353998184204,ATCM9_wp046_rev1_e,1977,37,0.86595124
Resolution 580,Resolution,2014,8,ATCM10_wp040_rev3_e,1979,35,0.7258130311965942,ATCM10_wp040_rev2_e,1979,35,0.85709965
Resolution 580,Resolution,2014,9,ATCM10_wp040_rev2_e,1979,35,0.7254951000213623,ATCM10_wp040_rev3_e,1979,35,0.85709965
Resolution 580,Resolution,2014,10,ATCM24_wp025_e,2001,13,0.7238664031028748,ATCM15_wp031_e,1989,25,0.8507664
Recommendation 108,Recommendation,1975,1,ATCM8_wp032_rev1_e,1975,0,0.9285749197006226,ATCM8_wp032_rev1_e,1975,0,0.93381816
Recommendation 108,Recommendation,1975,2,ATCM8_wp032_e,1975,0,0.9168661236763,ATCM8_wp032_e,1975,0,0.92953
Recommendation 108,Recommendation,1975,3,ATCM9_wp032_e,1977,-2,0.8592003583908081,ATCM7_wp049_rev1_e,1972,3,0.92613024
Recommendation 108,Recommendation,1975,4,ATCM7_wp049_rev1_e,1972,3,0.8553289175033569,ATCM7_wp049_e,1972,3,0.9190923
Recommendation 108,Recommendation,1975,5,ATCM4_wp032_rev1_e,1966,9,0.8478039503097534,ATCM9_wp032_e,1977,-2,0.9134592
Recommendation 108,Recommendation,1975,6,ATCM4_wp063_e,1966,9,0.8206686973571777,ATCM3_wp025_rev2_e,1964,11,0.9039236
Recommendation 108,Recommendation,1975,7,ATCM4_wp032_e,1966,9,0.8003851175308228,ATCM4_wp032_rev1_e,1966,9,0.89746183
Recommendation 108,Recommendation,1975,8,ATCM7_wp049_e,1972,3,0.7956324815750122,ATCM4_wp032_e,1966,9,0.8901415
Recommendation 108,Recommendation,1975,9,ATCM14_wp033_e,1987,-12,0.78551185131073,ATCM4_wp063_e,1966,9,0.8878285
Recommendation 108,Recommendation,1975,10,ATCM3_wp025_rev2_e,1964,11,0.7843223810195923,ATCM14_wp033_e,1987,-12,0.8777285
Measure 626,Measure,2016,1,ATCM39_wp027_e,2016,0,0.8991138339042664,ATCM34_wp033_e,2011,5,0.9727894
Measure 626,Measure,2016,2,ATCM43_wp045_e,2021,-5,0.8963111639022827,ATCM39_wp027_e,2016,0,0.9701947
Measure 626,Measure,2016,3,ATCM34_wp033_e,2011,5,0.8610565662384033,ATCM43_wp045_e,2021,-5,0.9690442
Measure 626,Measure,2016,4,ATCM35_wp044_e,2012,4,0.805081844329834,ATCM41_wp010_e,2018,-2,0.93186045
Measure 626,Measure,2016,5,ATCM45_wp024_e,2023,-7,0.8016577363014221,ATCM45_wp024_e,2023,-7,0.9282398
Measure 626,Measure,2016,6,ATCM41_wp010_e,2018,-2,0.796678900718689,ATCM35_wp044_e,2012,4,0.9201391
Measure 626,Measure,2016,7,ATCM35_wp058_e,2012,4,0.796493649482727,ATCM36_wp005_e,2013,3,0.9116842
Measure 626,Measure,2016,8,ATCM46_wp023_e,2024,-8,0.7935941219329834,ATCM39_wp026_e,2016,0,0.9056482
Measure 626,Measure,2016,9,ATCM39_wp026_e,2016,0,0.7916803359985352,ATCM46_wp023_e,2024,-8,0.9016092
Measure 626,Measure,2016,10,ATCM36_wp005_e,2013,3,0.7905163168907166,ATCM35_wp058_e,2012,4,0.8736898
nan 354,Untyped,2002,1,ATCM34_wp036_e,2011,-9,0.6058559417724609,ATCM25_wp045_e,2002,0,0.92244047
nan 354,Untyped,2002,2,ATCM21_wp024_e,1997,5,0.6040432453155518,ATCM34_wp036_e,2011,-9,0.8832763
nan 354,Untyped,2002,3,ATCM25_wp045_e,2002,0,0.59522545337677,ATCM34_wp025_e,2011,-9,0.878356
nan 354,Untyped,2002,4,ATCM10_wp015_e,1979,23,0.5914603471755981,ATCM21_wp024_e,1997,5,0.80660903
nan 354,Untyped,2002,5,ATCM39_wp015_e,2016,-14,0.5832428932189941,ATCM39_wp015_e,2016,-14,0.7166947
nan 354,Untyped,2002,6,ATCM11_wp038_e,1981,21,0.5784925222396851,ATCM10_wp015_e,1979,23,0.6923092
nan 354,Untyped,2002,7,ATCM34_wp025_e,2011,-9,0.5752233266830444,ATCM1_wp023_e,1961,41,0.640276
nan 354,Untyped,2002,8,ATCM21_wp001_e,1997,5,0.5727424025535583,ATCM21_wp001_e,1997,5,0.6312306
nan 354,Untyped,2002,9,ATCM1_wp023_e,1961,41,0.5703381299972534,ATCM20_wp004_rev1_e,1996,6,0.603558
nan 354,Untyped,2002,10,ATCM20_wp004_rev1_e,1996,6,0.5690350532531738,ATCM11_wp038_e,1981,21,0.5249792
Recommendation 146,Recommendation,1985,1,ATCM12_wp013_e,1983,2,0.8576018810272217,ATCM8_wp008_e,1975,10,0.94188976
Recommendation 146,Recommendation,1985,2,ATCM16_wp042_e,1991,-6,0.8511977195739746,ATCM12_wp013_e,1983,2,0.92856437
Recommendation 146,Recommendation,1985,3,ATCM2_wp005_e,1962,23,0.8467049598693848,ATCM4_wp027_e,1966,19,0.92021084
Recommendation 146,Recommendation,1985,4,ATCM2_wp020_e,1962,23,0.843778133392334,ATCM4_wp024_e,1966,19,0.91457915
Recommendation 146,Recommendation,1985,5,ATCM2_wp020_rev1_e,1962,23,0.8336008787155151,ATCM2_wp020_rev1_e,1962,23,0.9009141
Recommendation 146,Recommendation,1985,6,ATCM16_wp032_e,1991,-6,0.8319151997566223,ATCM2_wp020_e,1962,23,0.8951933
Recommendation 146,Recommendation,1985,7,ATCM8_wp008_e,1975,10,0.8290730714797974,ATCM16_wp032_e,1991,-6,0.8889902
Recommendation 146,Recommendation,1985,8,ATCM4_wp024_e,1966,19,0.8233715295791626,ATCM16_wp042_e,1991,-6,0.8852749
Recommendation 146,Recommendation,1985,9,ATCM2_wp006_e,1962,23,0.8198568224906921,ATCM2_wp005_e,1962,23,0.8850764
Recommendation 146,Recommendation,1985,10,ATCM4_wp027_e,1966,19,0.8143088817596436,ATCM2_wp006_e,1962,23,0.8715186
Recommendation 95,Recommendation,1972,1,ATCM7_wp051_rev1_e,1972,0,0.9360688924789429,ATCM9_wp013_e,1977,-5,0.94691175
Recommendation 95,Recommendation,1972,2,ATCM7_wp051_e,1972,0,0.9136415719985962,ATCM7_wp051_rev1_e,1972,0,0.9447098
Recommendation 95,Recommendation,1972,3,ATCM6_wp025_rev1_e,1970,2,0.9020888209342957,ATCM6_wp025_e,1970,2,0.93938166
Recommendation 95,Recommendation,1972,4,ATCM6_wp025_e,1970,2,0.8921773433685303,ATCM10_wp024_rev2_e,1979,-7,0.9389352
Recommendation 95,Recommendation,1972,5,ATCM8_wp018_e,1975,-3,0.8849079012870789,ATCM6_wp025_rev1_e,1970,2,0.93825984
Recommendation 95,Recommendation,1972,6,ATCM9_wp013_rev1_e,1977,-5,0.866448163986206,ATCM7_wp051_e,1972,0,0.9380332
Recommendation 95,Recommendation,1972,7,ATCM9_wp013_e,1977,-5,0.8594567775726318,ATCM10_wp018_e,1979,-7,0.9378058
Recommendation 95,Recommendation,1972,8,ATCM10_wp008_e,1979,-7,0.8559357523918152,ATCM9_wp013_rev1_e,1977,-5,0.9351336
Recommendation 95,Recommendation,1972,9,ATCM10_wp018_e,1979,-7,0.8495756387710571,ATCM10_wp008_e,1979,-7,0.9323548
Recommendation 95,Recommendation,1972,10,ATCM10_wp024_rev2_e,1979,-7,0.8459833860397339,ATCM8_wp018_e,1975,-3,0.9309872
Measure 628,Measure,2016,1,ATCM34_wp029_e,2011,5,0.8634735345840454,ATCM43_wp030_e,2021,-5,0.9764547
Measure 628,Measure,2016,2,ATCM43_wp030_e,2021,-5,0.8561665415763855,ATCM39_wp018_e,2016,0,0.9762744
Measure 628,Measure,2016,3,ATCM39_wp018_e,2016,0,0.8311612606048584,ATCM34_wp029_e,2011,5,0.9757254
Measure 628,Measure,2016,4,ATCM44_wp032_e,2022,-6,0.8134523034095764,ATCM28_wp042_e,2005,11,0.9218445
Measure 628,Measure,2016,5,ATCM28_wp042_e,2005,11,0.8029337525367737,ATCM47_wp009_e,2025,-9,0.91671926
Measure 628,Measure,2016,6,ATCM47_wp009_e,2025,-9,0.8012675046920776,ATCM38_wp026_e,2015,1,0.913056
Measure 628,Measure,2016,7,ATCM46_wp023_e,2024,-8,0.800029993057251,ATCM46_wp028_e,2024,-8,0.90100116
Measure 628,Measure,2016,8,ATCM38_wp026_e,2015,1,0.796442449092865,ATCM44_wp032_e,2022,-6,0.8934396
Measure 628,Measure,2016,9,ATCM46_wp028_e,2024,-8,0.795809268951416,ATCM46_wp023_e,2024,-8,0.8886042
Measure 628,Measure,2016,10,ATCM44_wp040_e,2022,-6,0.7921420335769653,ATCM44_wp040_e,2022,-6,0.8854731
Measure 358,Measure,2006,1,ATCM45_wp059_e,2023,-17,0.8596599102020264,ATCM35_wp003_e,2012,-6,0.9611855
Measure 358,Measure,2006,2,ATCM36_wp054_rev1_e,2013,-7,0.8510383367538452,ATCM29_wp026_e,2006,0,0.9603016
Measure 358,Measure,2006,3,ATCM35_wp003_e,2012,-6,0.821854829788208,ATCM28_wp035_e,2005,1,0.9583199
Measure 358,Measure,2006,4,ATCM29_wp026_e,2006,0,0.8183936476707458,ATCM20_wp015_e,1996,10,0.9572139
Measure 358,Measure,2006,5,ATCM20_wp015_e,1996,10,0.8183579444885254,ATCM42_wp004_e,2019,-13,0.9550851
Measure 358,Measure,2006,6,ATCM35_wp060_e,2012,-6,0.813717246055603,ATCM45_wp059_e,2023,-17,0.951612
Measure 358,Measure,2006,7,ATCM37_wp031_e,2014,-8,0.813280463218689,ATCM36_wp054_rev1_e,2013,-7,0.94188976
Measure 358,Measure,2006,8,ATCM28_wp035_e,2005,1,0.8079596757888794,ATCM37_wp031_e,2014,-8,0.94081146
Measure 358,Measure,2006,9,ATCM42_wp004_e,2019,-13,0.8033964037895203,ATCM35_wp060_e,2012,-6,0.88387895
Measure 358,Measure,2006,10,ATCM28_wp020_e,2005,1,0.8007087707519531,ATCM28_wp020_e,2005,1,0.8688713
Recommendation 82,Recommendation,1970,1,ATCM6_wp025_rev1_e,1970,0,0.9504384398460388,ATCM6_wp025_e,1970,0,0.94305456
Recommendation 82,Recommendation,1970,2,ATCM6_wp025_e,1970,0,0.9300659894943237,ATCM8_wp018_e,1975,-5,0.9427391
Recommendation 82,Recommendation,1970,3,ATCM9_wp013_e,1977,-7,0.897496223449707,ATCM6_wp025_rev1_e,1970,0,0.94135296
Recommendation 82,Recommendation,1970,4,ATCM9_wp013_rev1_e,1977,-7,0.8957028388977051,ATCM9_wp013_e,1977,-7,0.9326008
Recommendation 82,Recommendation,1970,5,ATCM7_wp051_rev1_e,1972,-2,0.8928388953208923,ATCM7_wp051_rev1_e,1972,-2,0.9319843
Recommendation 82,Recommendation,1970,6,ATCM10_wp018_e,1979,-9,0.8888996839523315,ATCM9_wp013_rev1_e,1977,-7,0.92592955
Recommendation 82,Recommendation,1970,7,ATCM10_wp008_e,1979,-9,0.8868984580039978,ATCM7_wp051_e,1972,-2,0.9241692
Recommendation 82,Recommendation,1970,8,ATCM8_wp018_e,1975,-5,0.8820940256118774,ATCM10_wp024_rev2_e,1979,-9,0.91988754
Recommendation 82,Recommendation,1970,9,ATCM7_wp051_e,1972,-2,0.8797856569290161,ATCM10_wp018_e,1979,-9,0.9197795
Recommendation 82,Recommendation,1970,10,ATCM10_wp024_rev2_e,1979,-9,0.8741437792778015,ATCM10_wp008_e,1979,-9,0.918692
Resolution 616,Resolution,2015,1,ATCM38_wp040_e,2015,0,0.7825452089309692,ATCM38_wp040_e,2015,0,0.9749741
Resolution 616,Resolution,2015,2,ATCM40_wp037_e,2017,-2,0.7518442869186401,ATCM43_wp043_e,2021,-6,0.96247613
Resolution 616,Resolution,2015,3,ATCM4_wp047_e,1966,49,0.7171409130096436,ATCM40_wp037_e,2017,-2,0.9537254
Resolution 616,Resolution,2015,4,ATCM43_wp043_e,2021,-6,0.7112722992897034,ATCM4_wp047_rev1_e,1966,49,0.87604177
Resolution 616,Resolution,2015,5,ATCM16_wp015_e,1991,24,0.709977388381958,ATCM4_wp046_rev1_e,1966,49,0.8677546
Resolution 616,Resolution,2015,6,ATCM4_wp047_rev1_e,1966,49,0.709296703338623,ATCM4_wp047_e,1966,49,0.86088455
Resolution 616,Resolution,2015,7,ATCM4_wp046_e,1966,49,0.7052825689315796,ATCM4_wp046_e,1966,49,0.8507664
Resolution 616,Resolution,2015,8,ATCM4_wp028_e,1966,49,0.7049916982650757,ATCM28_wp042_e,2005,10,0.8502698
Resolution 616,Resolution,2015,9,ATCM4_wp046_rev1_e,1966,49,0.7045811414718628,ATCM4_wp028_e,1966,49,0.84927243
Resolution 616,Resolution,2015,10,ATCM28_wp042_e,2005,10,0.7038031816482544,ATCM16_wp015_e,1991,24,0.8236691
Recommendation 188,Recommendation,1989,1,ATCM15_wp055_e,1989,0,0.9445114135742188,ATCM15_wp026_e,1989,0,0.9671134
Recommendation 188,Recommendation,1989,2,ATCM15_wp026_e,1989,0,0.9280803203582764,ATCM15_wp055_e,1989,0,0.9642677
Recommendation 188,Recommendation,1989,3,ATCM31_wp038_e,2008,-19,0.881542444229126,ATCM37_wp045_e,2014,-25,0.9572139
Recommendation 188,Recommendation,1989,4,ATCM15_wp040_e,1989,0,0.8591948747634888,ATCM42_wp061_e,2019,-30,0.9437843
Recommendation 188,Recommendation,1989,5,ATCM37_wp045_e,2014,-25,0.8431535959243774,ATCM31_wp038_e,2008,-19,0.9423159
Recommendation 188,Recommendation,1989,6,ATCM15_wp005_e,1989,0,0.823683500289917,ATCM15_wp040_e,1989,0,0.935015
Recommendation 188,Recommendation,1989,7,ATCM42_wp061_e,2019,-30,0.774359941482544,ATCM15_wp005_e,1989,0,0.926994
Recommendation 188,Recommendation,1989,8,ATCM30_wp023_e,2007,-18,0.7481585741043091,ATCM16_wp053_e,1991,-2,0.9185094
Recommendation 188,Recommendation,1989,9,ATCM16_wp053_rev1_e,1991,-2,0.7432255744934082,ATCM16_wp053_rev1_e,1991,-2,0.9155374
Recommendation 188,Recommendation,1989,10,ATCM16_wp053_e,1991,-2,0.7428966760635376,ATCM30_wp023_e,2007,-18,0.88447905
Recommendation 204,Recommendation,1991,1,ATCM24_wp033_e,2001,-10,0.923059344291687,ATCM24_wp033_e,2001,-10,0.96545935
Recommendation 204,Recommendation,1991,2,ATCM16_wp020_e,1991,0,0.9061414003372192,ATCM16_wp020_e,1991,0,0.9610396
Recommendation 204,Recommendation,1991,3,ATCM10_wp031_rev1_e,1979,12,0.8914936184883118,ATCM10_wp031_rev1_e,1979,12,0.94440293
Recommendation 204,Recommendation,1991,4,ATCM12_wp017_rev1_e,1983,8,0.8854047656059265,ATCM20_wp026_e,1996,-5,0.9402653
Recommendation 204,Recommendation,1991,5,ATCM10_wp031_e,1979,12,0.8835767507553101,ATCM10_wp031_e,1979,12,0.9388232
Recommendation 204,Recommendation,1991,6,ATCM8_wp002_e,1975,16,0.874136745929718,ATCM12_wp017_rev1_e,1983,8,0.9341793
Recommendation 204,Recommendation,1991,7,ATCM10_wp004_e,1979,12,0.8585289716720581,ATCM8_wp035_e,1975,16,0.93210804
Recommendation 204,Recommendation,1991,8,ATCM20_wp026_e,1996,-5,0.8483941555023193,ATCM10_wp039_e,1979,12,0.93067276
Recommendation 204,Recommendation,1991,9,ATCM8_wp035_e,1975,16,0.8343546390533447,ATCM8_wp002_e,1975,16,0.9274553
Recommendation 204,Recommendation,1991,10,ATCM10_wp039_e,1979,12,0.8330737948417664,ATCM10_wp004_e,1979,12,0.9129367
Resolution 247,Resolution,1997,1,ATCM21_wp038_e,1997,0,0.9260721206665039,ATCM21_wp013_e,1997,0,0.9776798
Resolution 247,Resolution,1997,2,ATCM21_wp013_e,1997,0,0.8834930062294006,ATCM21_wp038_e,1997,0,0.9690442
Resolution 247,Resolution,1997,3,ATCM46_wp020_e,2024,-27,0.805181622505188,ATCM46_wp020_e,2024,-27,0.96303636
Resolution 247,Resolution,1997,4,ATCM15_wp066_rev2_e,1989,8,0.7783224582672119,ATCM23_wp007_rev2_e,1999,-2,0.9517915
Resolution 247,Resolution,1997,5,ATCM23_wp007_e,1999,-2,0.7606992721557617,ATCM15_wp066_rev2_e,1989,8,0.9503373
Resolution 247,Resolution,1997,6,ATCM23_wp002_e,1999,-2,0.7602185010910034,ATCM15_wp034_e,1989,8,0.9431594
Resolution 247,Resolution,1997,7,ATCM37_wp034_e,2014,-17,0.7578786015510559,ATCM23_wp007_e,1999,-2,0.9415683
Resolution 247,Resolution,1997,8,ATCM15_wp034_e,1989,8,0.7565198540687561,ATCM23_wp002_e,1999,-2,0.92355096
Resolution 247,Resolution,1997,9,ATCM23_wp007_rev2_e,1999,-2,0.7523227334022522,ATCM37_wp034_e,2014,-17,0.9194547
Resolution 247,Resolution,1997,10,ATCM37_wp024_e,2014,-17,0.7376455068588257,ATCM37_wp024_e,2014,-17,0.91474116
Recommendation 119,Recommendation,1977,1,ATCM9_wp079_rev1_e,1977,0,0.9300702810287476,ATCM9_wp079_e,1977,0,0.95491725
Recommendation 119,Recommendation,1977,2,ATCM9_wp076_rev1_e,1977,0,0.919797420501709,ATCM10_wp010_e,1979,-2,0.9540689
Recommendation 119,Recommendation,1977,3,ATCM9_wp079_e,1977,0,0.9115513563156128,ATCM9_wp076_rev1_e,1977,0,0.9514318
Recommendation 119,Recommendation,1977,4,ATCM9_wp076_e,1977,0,0.906640887260437,ATCM9_wp076_e,1977,0,0.95088744
Recommendation 119,Recommendation,1977,5,ATCM10_wp011_rev1_e,1979,-2,0.8927993774414062,ATCM9_wp079_rev1_e,1977,0,0.9505213
Recommendation 119,Recommendation,1977,6,ATCM10_wp011_e,1979,-2,0.8921620845794678,ATCM10_wp011_e,1979,-2,0.9484609
Recommendation 119,Recommendation,1977,7,ATCM9_wp012_e,1977,0,0.8899243474006653,ATCM10_wp011_rev1_e,1979,-2,0.9474978
Recommendation 119,Recommendation,1977,8,ATCM5_wp043_rev1_e,1968,9,0.8773655295372009,ATCM9_wp012_e,1977,0,0.94651765
Recommendation 119,Recommendation,1977,9,ATCM5_wp043_e,1968,9,0.8737872838973999,ATCM5_wp043_rev1_e,1968,9,0.9372338
Recommendation 119,Recommendation,1977,10,ATCM10_wp010_e,1979,-2,0.873380184173584,ATCM5_wp043_e,1968,9,0.93381816
Resolution 497,Resolution,2011,1,ATCM28_wp031_e,2005,6,0.8730924725532532,ATCM46_wp052_e,2024,-13,0.961476
Resolution 497,Resolution,2011,2,ATCM46_wp052_e,2024,-13,0.8708102107048035,ATCM42_wp054_e,2019,-8,0.9545797
Resolution 497,Resolution,2011,3,ATCM36_wp015_e,2013,-2,0.839638352394104,ATCM28_wp031_e,2005,6,0.9521488
Resolution 497,Resolution,2011,4,ATCM27_wp026_e,2004,7,0.8365533351898193,ATCM41_wp032_e,2018,-7,0.951612
Resolution 497,Resolution,2011,5,ATCM47_wp021_rev1_e,2025,-14,0.8348008394241333,ATCM47_wp021_rev1_e,2025,-14,0.94710773
Resolution 497,Resolution,2011,6,ATCM29_wp001_e,2006,5,0.8339931964874268,ATCM36_wp015_e,2013,-2,0.946715
Resolution 497,Resolution,2011,7,ATCM42_wp054_e,2019,-8,0.8326510190963745,ATCM42_wp055_e,2019,-8,0.9459213
Resolution 497,Resolution,2011,8,ATCM42_wp055_e,2019,-8,0.8313614130020142,ATCM30_wp022_e,2007,4,0.9427391
Resolution 497,Resolution,2011,9,ATCM41_wp032_e,2018,-7,0.8313316106796265,ATCM29_wp001_e,2006,5,0.9426336
Resolution 497,Resolution,2011,10,ATCM30_wp022_e,2007,4,0.8301073312759399,ATCM27_wp026_e,2004,7,0.94102865
Resolution 525,Resolution,2012,1,ATCM30_wp033_e,2007,5,0.8739702701568604,ATCM35_wp043_e,2012,0,0.9769875
Resolution 525,Resolution,2012,2,ATCM31_wp026_e,2008,4,0.8736785054206848,ATCM34_wp048_e,2011,1,0.9519705
Resolution 525,Resolution,2012,3,ATCM35_wp043_e,2012,0,0.8721287250518799,ATCM31_wp026_e,2008,4,0.94651765
Resolution 525,Resolution,2012,4,ATCM29_wp033_e,2006,6,0.8702772855758667,ATCM29_wp033_e,2006,6,0.9459213
Resolution 525,Resolution,2012,5,ATCM18_wp012_e,1994,18,0.8428511619567871,ATCM30_wp033_e,2007,5,0.9441975
Resolution 525,Resolution,2012,6,ATCM16_wp003_e,1991,21,0.833092212677002,ATCM18_wp012_e,1994,18,0.9153769
Resolution 525,Resolution,2012,7,ATCM34_wp048_e,2011,1,0.8289632797241211,ATCM18_wp034_e,1994,18,0.9086301
Resolution 525,Resolution,2012,8,ATCM28_wp016_e,2005,7,0.8233940601348877,ATCM18_wp011_e,1994,18,0.9064795
Resolution 525,Resolution,2012,9,ATCM18_wp034_e,1994,18,0.8196223974227905,ATCM28_wp016_e,2005,7,0.8907132
Resolution 525,Resolution,2012,10,ATCM18_wp011_e,1994,18,0.8156949281692505,ATCM16_wp003_e,1991,21,0.8850764
Decision 337,Decision,2005,1,ATCM14_wp003_e,1987,18,0.780733048915863,ATCM28_wp057_e,2005,0,0.8915658
Decision 337,Decision,2005,2,ATCM15_wp045_e,1989,16,0.7738692760467529,ATCM42_wp069_e,2019,-14,0.8800156
Decision 337,Decision,2005,3,ATCM28_wp057_e,2005,0,0.773332417011261,ATCM15_wp045_e,1989,16,0.87604177
Decision 337,Decision,2005,4,ATCM42_wp069_e,2019,-14,0.7646679878234863,ATCM3_wp014_e,1964,41,0.8697588
Decision 337,Decision,2005,5,ATCM14_wp026_e,1987,18,0.7576181888580322,ATCM40_wp003_e,2017,-12,0.86685556
Decision 337,Decision,2005,6,ATCM9_wp069_e,1977,28,0.7372635006904602,ATCM14_wp003_e,1987,18,0.86041605
Decision 337,Decision,2005,7,ATCM40_wp003_e,2017,-12,0.7350057363510132,ATCM32_wp046_e,2009,-4,0.85994625
Decision 337,Decision,2005,8,ATCM32_wp046_e,2009,-4,0.7293528318405151,ATCM14_wp026_e,1987,18,0.8368747
Decision 337,Decision,2005,9,ATCM3_wp014_e,1964,41,0.7285404205322266,ATCM11_wp036_e,1981,24,0.79981786
Decision 337,Decision,2005,10,ATCM11_wp036_e,1981,24,0.7199666500091553,ATCM9_wp069_e,1977,28,0.7928494
Resolution 267,Resolution,1999,1,ATCM23_wp011_e,1999,0,0.8725824356079102,ATCM23_wp027_e,1999,0,0.97478276
Resolution 267,Resolution,1999,2,ATCM23_wp027_e,1999,0,0.8717654943466187,ATCM23_wp011_e,1999,0,0.96545935
Resolution 267,Resolution,1999,3,ATCM22_wp022_e,1998,1,0.7886537313461304,ATCM18_wp031_e,1994,5,0.9392704
Resolution 267,Resolution,1999,4,ATCM18_wp031_e,1994,5,0.7794663906097412,ATCM16_wp011_e,1991,8,0.9363083
Resolution 267,Resolution,1999,5,ATCM16_wp011_e,1991,8,0.7680819034576416,ATCM22_wp022_e,1998,1,0.92056865
Resolution 267,Resolution,1999,6,ATCM15_wp023_e,1989,10,0.7670826315879822,ATCM15_wp046_rev2_e,1989,10,0.9090548
Resolution 267,Resolution,1999,7,ATCM8_wp046_e,1975,24,0.7614883184432983,ATCM15_wp023_e,1989,10,0.90722185
Resolution 267,Resolution,1999,8,ATCM15_wp046_rev2_e,1989,10,0.7611071467399597,ATCM8_wp046_e,1975,24,0.9031576
Resolution 267,Resolution,1999,9,ATCM9_wp049_e,1977,22,0.7601813077926636,ATCM9_wp049_e,1977,22,0.8992453
Resolution 267,Resolution,1999,10,ATCM9_wp049_rev1_e,1977,22,0.7561336755752563,ATCM9_wp049_rev1_e,1977,22,0.8854731
Resolution 612,Resolution,2015,1,ATCM8_wp014_rev1_e,1975,40,0.8617422580718994,ATCM8_wp014_rev1_e,1975,40,0.9631751
Resolution 612,Resolution,2015,2,ATCM8_wp014_e,1975,40,0.8122425675392151,ATCM9_wp059_rev2_e,1977,38,0.94710773
Resolution 612,Resolution,2015,3,ATCM7_wp047_e,1972,43,0.7975711822509766,ATCM8_wp015_e,1975,40,0.94491345
Resolution 612,Resolution,2015,4,ATCM9_wp059_rev2_e,1977,38,0.7936288118362427,ATCM9_wp059_rev1_e,1977,38,0.94440293
Resolution 612,Resolution,2015,5,ATCM9_wp059_rev1_e,1977,38,0.793102502822876,ATCM8_wp014_e,1975,40,0.942422
Resolution 612,Resolution,2015,6,ATCM8_wp015_e,1975,40,0.7891441583633423,ATCM9_wp059_e,1977,38,0.92498636
Resolution 612,Resolution,2015,7,ATCM7_wp033_e,1972,43,0.785525381565094,ATCM7_wp055_e,1972,43,0.92375755
Resolution 612,Resolution,2015,8,ATCM9_wp059_e,1977,38,0.7709938287734985,ATCM7_wp033_e,1972,43,0.92223054
Resolution 612,Resolution,2015,9,ATCM7_wp055_e,1972,43,0.7552096247673035,ATCM7_wp047_e,1972,43,0.9197795
Resolution 612,Resolution,2015,10,ATCM7_wp026_e,1972,43,0.7538317441940308,ATCM7_wp026_e,1972,43,0.91696125
Measure 602,Measure,2015,1,ATCM44_wp019_e,2022,-7,0.8888319134712219,ATCM44_wp019_e,2022,-7,0.97835165
Measure 602,Measure,2015,2,ATCM38_wp011_e,2015,0,0.868966817855835,ATCM38_wp011_e,2015,0,0.9764547
Measure 602,Measure,2015,3,ATCM33_wp038_e,2010,5,0.8369914889335632,ATCM28_wp036_e,2005,10,0.9649345
Measure 602,Measure,2015,4,ATCM28_wp036_e,2005,10,0.819634199142456,ATCM33_wp038_e,2010,5,0.9600028
Measure 602,Measure,2015,5,ATCM27_wp027_rev1_e,2004,11,0.8136041760444641,ATCM27_wp027_rev1_e,2004,11,0.9583199
Measure 602,Measure,2015,6,ATCM28_wp042_e,2005,10,0.7903132438659668,ATCM28_wp042_e,2005,10,0.92732376
Measure 602,Measure,2015,7,ATCM47_wp009_e,2025,-10,0.7902448177337646,ATCM47_wp009_e,2025,-10,0.91992354
Measure 602,Measure,2015,8,ATCM46_wp023_e,2024,-9,0.788133442401886,ATCM38_wp041_e,2015,0,0.89033234
Measure 602,Measure,2015,9,ATCM35_wp058_e,2012,3,0.7805747389793396,ATCM46_wp023_e,2024,-9,0.88685226
Measure 602,Measure,2015,10,ATCM38_wp041_e,2015,0,0.7788528203964233,ATCM35_wp058_e,2012,3,0.8527394
Resolution 413,Resolution,2008,1,ATCM31_wp026_e,2008,0,0.9235358238220215,ATCM31_wp026_e,2008,0,0.98665434
Resolution 413,Resolution,2008,2,ATCM30_wp033_e,2007,1,0.9160639047622681,ATCM29_wp033_e,2006,2,0.9815669
Resolution 413,Resolution,2008,3,ATCM29_wp033_e,2006,2,0.9149035811424255,ATCM30_wp033_e,2007,1,0.9797918
Resolution 413,Resolution,2008,4,ATCM16_wp003_e,1991,17,0.8305746912956238,ATCM31_wp054_e,2008,0,0.94081146
Resolution 413,Resolution,2008,5,ATCM18_wp012_e,1994,14,0.820702850818634,ATCM18_wp012_e,1994,14,0.93746316
Resolution 413,Resolution,2008,6,ATCM28_wp016_e,2005,3,0.8185809254646301,ATCM35_wp043_e,2012,-4,0.9365409
Resolution 413,Resolution,2008,7,ATCM18_wp034_e,1994,14,0.8172457218170166,ATCM18_wp036_e,1994,14,0.93035704
Resolution 413,Resolution,2008,8,ATCM18_wp036_e,1994,14,0.8060604929924011,ATCM18_wp034_e,1994,14,0.92940193
Resolution 413,Resolution,2008,9,ATCM35_wp043_e,2012,-4,0.7942942380905151,ATCM16_wp003_e,1991,17,0.9123454
Resolution 413,Resolution,2008,10,ATCM31_wp054_e,2008,0,0.7934345006942749,ATCM28_wp016_e,2005,3,0.90585667
Measure 543,Measure,2013,1,ATCM36_wp018_rev1_e,2013,0,0.9170831441879272,ATCM36_wp018_rev1_e,2013,0,0.97948
Measure 543,Measure,2013,2,ATCM12_wp016_rev1_e,1983,30,0.6746283769607544,ATCM26_wp017_rev1_e,2003,10,0.9532054
Measure 543,Measure,2013,3,ATCM26_wp017_rev1_e,2003,10,0.6744523048400879,ATCM26_wp017_e,2003,10,0.9517915
Measure 543,Measure,2013,4,ATCM26_wp017_e,2003,10,0.6692254543304443,ATCM7_wp034_rev2_e,1972,41,0.9438879
Measure 543,Measure,2013,5,ATCM6_wp009_e,1970,43,0.6688148975372314,ATCM35_wp036_e,2012,1,0.9402653
Measure 543,Measure,2013,6,ATCM7_wp034_rev2_e,1972,41,0.6518021821975708,ATCM7_wp034_rev1_e,1972,41,0.93904716
Measure 543,Measure,2013,7,ATCM35_wp036_e,2012,1,0.651760458946228,ATCM6_wp009_rev1_e,1970,43,0.930167
Measure 543,Measure,2013,8,ATCM5_wp031_rev1_e,1968,45,0.6513554453849792,ATCM6_wp009_e,1970,43,0.926994
Measure 543,Measure,2013,9,ATCM7_wp034_rev1_e,1972,41,0.6498452425003052,ATCM12_wp016_rev1_e,1983,30,0.8927871
Measure 543,Measure,2013,10,ATCM6_wp009_rev1_e,1970,43,0.6498030424118042,ATCM5_wp031_rev1_e,1968,45,0.89128226
Recommendation 86,Recommendation,1970,1,ATCM6_wp028_rev1_e,1970,0,0.9305316209793091,ATCM6_wp028_rev1_e,1970,0,0.96219295
Recommendation 86,Recommendation,1970,2,ATCM6_wp028_e,1970,0,0.8537585735321045,ATCM6_wp028_e,1970,0,0.94357675
Recommendation 86,Recommendation,1970,3,ATCM9_wp013_rev1_e,1977,-7,0.7523365020751953,ATCM9_wp013_e,1977,-7,0.9265301
Recommendation 86,Recommendation,1970,4,ATCM10_wp018_e,1979,-9,0.7506983876228333,ATCM6_wp025_e,1970,0,0.92010313
Recommendation 86,Recommendation,1970,5,ATCM9_wp013_e,1977,-7,0.7485814094543457,ATCM6_wp004_e,1970,0,0.91858256
Recommendation 86,Recommendation,1970,6,ATCM6_wp004_e,1970,0,0.7455998659133911,ATCM10_wp018_e,1979,-9,0.90689254
Recommendation 86,Recommendation,1970,7,ATCM12_wp014_rev1_e,1983,-13,0.7394226789474487,ATCM10_wp024_rev2_e,1979,-9,0.9066448
Recommendation 86,Recommendation,1970,8,ATCM10_wp039_e,1979,-9,0.7364914417266846,ATCM9_wp013_rev1_e,1977,-7,0.90568995
Recommendation 86,Recommendation,1970,9,ATCM6_wp025_e,1970,0,0.7361305952072144,ATCM10_wp039_e,1979,-9,0.89184874
Recommendation 86,Recommendation,1970,10,ATCM10_wp024_rev2_e,1979,-9,0.7360031604766846,ATCM12_wp014_rev1_e,1983,-13,0.87519085
Measure 646,Measure,2017,1,ATCM44_wp042_e,2022,-5,0.8963059186935425,ATCM35_wp010_e,2012,5,0.97400314
Measure 646,Measure,2017,2,ATCM35_wp010_e,2012,5,0.8754041194915771,ATCM40_wp007_rev1_e,2017,0,0.9723727
Measure 646,Measure,2017,3,ATCM40_wp007_rev1_e,2017,0,0.8686587810516357,ATCM44_wp042_e,2022,-5,0.9710852
Measure 646,Measure,2017,4,ATCM35_wp058_e,2012,5,0.8287073373794556,ATCM28_wp042_e,2005,12,0.9284348
Measure 646,Measure,2017,5,ATCM35_wp044_e,2012,5,0.8259608745574951,ATCM41_wp031_e,2018,-1,0.9104778
Measure 646,Measure,2017,6,ATCM44_wp041_e,2022,-5,0.8259479403495789,ATCM36_wp059_e,2013,4,0.90873134
Measure 646,Measure,2017,7,ATCM35_wp060_e,2012,5,0.8202505111694336,ATCM35_wp044_e,2012,5,0.9077138
Measure 646,Measure,2017,8,ATCM36_wp059_e,2013,4,0.8201961517333984,ATCM44_wp041_e,2022,-5,0.9061062
Measure 646,Measure,2017,9,ATCM28_wp042_e,2005,12,0.8181760311126709,ATCM35_wp058_e,2012,5,0.886263
Measure 646,Measure,2017,10,ATCM41_wp031_e,2018,-1,0.8124291896820068,ATCM35_wp060_e,2012,5,0.8808381
Measure 644,Measure,2017,1,ATCM44_wp040_e,2022,-5,0.8995567560195923,ATCM30_wp031_e,2007,10,0.9858058
Measure 644,Measure,2017,2,ATCM35_wp009_e,2012,5,0.8749515414237976,ATCM35_wp009_e,2012,5,0.9755397
Measure 644,Measure,2017,3,ATCM30_wp031_e,2007,10,0.8692226409912109,ATCM40_wp012_rev1_e,2017,0,0.97319996
Measure 644,Measure,2017,4,ATCM40_wp012_rev1_e,2017,0,0.8523407578468323,ATCM44_wp040_e,2022,-5,0.9719499
Measure 644,Measure,2017,5,ATCM36_wp059_e,2013,4,0.8093127012252808,ATCM28_wp042_e,2005,12,0.92706007
Measure 644,Measure,2017,6,ATCM35_wp060_e,2012,5,0.8086026906967163,ATCM44_wp041_e,2022,-5,0.9115367
Measure 644,Measure,2017,7,ATCM44_wp041_e,2022,-5,0.8082995414733887,ATCM36_wp059_e,2013,4,0.90285826
Measure 644,Measure,2017,8,ATCM35_wp058_e,2012,5,0.8068523406982422,ATCM35_wp044_e,2012,5,0.9016092
Measure 644,Measure,2017,9,ATCM35_wp044_e,2012,5,0.8068487644195557,ATCM35_wp058_e,2012,5,0.87476355
Measure 644,Measure,2017,10,ATCM28_wp042_e,2005,12,0.8064382672309875,ATCM35_wp060_e,2012,5,0.8730417
Decision 636,Decision,2016,1,ATCM35_wp030_e,2012,4,0.8584157228469849,ATCM35_wp030_e,2012,4,0.96760666
Decision 636,Decision,2016,2,ATCM36_wp067_e,2013,3,0.7931809425354004,ATCM45_wp015_rev2_e,2023,-7,0.93993545
Decision 636,Decision,2016,3,ATCM45_wp015_rev2_e,2023,-7,0.7687550783157349,ATCM35_wp047_e,2012,4,0.93938166
Decision 636,Decision,2016,4,ATCM36_wp031_e,2013,3,0.7516883611679077,ATCM36_wp067_e,2013,3,0.93688816
Decision 636,Decision,2016,5,ATCM35_wp047_e,2012,4,0.7402358055114746,ATCM36_wp031_e,2013,3,0.92895204
Decision 636,Decision,2016,6,ATCM40_wp030_e,2017,-1,0.723362922668457,ATCM40_wp030_e,2017,-1,0.9201391
Decision 636,Decision,2016,7,ATCM38_wp005_e,2015,1,0.7182170152664185,ATCM32_wp046_e,2009,7,0.85947514
Decision 636,Decision,2016,8,ATCM36_wp007_e,2013,3,0.7150688767433167,ATCM36_wp007_e,2013,3,0.8395235
Decision 636,Decision,2016,9,ATCM32_wp046_e,2009,7,0.7132793664932251,ATCM37_wp001_e,2014,2,0.83634084
Decision 636,Decision,2016,10,ATCM37_wp001_e,2014,2,0.706122875213623,ATCM38_wp005_e,2015,1,0.81908435
Measure 535,Measure,2013,1,ATCM45_wp007_e,2023,-10,0.9048489928245544,ATCM36_wp013_e,2013,0,0.9793225
Measure 535,Measure,2013,2,ATCM36_wp013_e,2013,0,0.8946014046669006,ATCM41_wp007_e,2018,-5,0.9757254
Measure 535,Measure,2013,3,ATCM41_wp007_e,2018,-5,0.8894008994102478,ATCM45_wp007_e,2023,-10,0.9749741
Measure 535,Measure,2013,4,ATCM35_wp044_e,2012,1,0.788348913192749,ATCM45_wp002_rev1_e,2023,-10,0.9120423
Measure 535,Measure,2013,5,ATCM35_wp061_e,2012,1,0.7873741388320923,ATCM35_wp044_e,2012,1,0.90701616
Measure 535,Measure,2013,6,ATCM35_wp060_e,2012,1,0.7849512100219727,ATCM46_wp005_e,2024,-11,0.9048525
Measure 535,Measure,2013,7,ATCM43_wp045_e,2021,-8,0.7827001810073853,ATCM43_wp045_e,2021,-8,0.90302944
Measure 535,Measure,2013,8,ATCM45_wp002_rev1_e,2023,-10,0.7806152701377869,ATCM46_wp023_e,2024,-11,0.8982678
Measure 535,Measure,2013,9,ATCM46_wp023_e,2024,-11,0.7792991399765015,ATCM35_wp060_e,2012,1,0.8854731
Measure 535,Measure,2013,10,ATCM46_wp005_e,2024,-11,0.7789218425750732,ATCM35_wp061_e,2012,1,0.8852749
Decision 654,Decision,2017,1,ATCM27_wp031_rev1_e,2004,13,0.8283884525299072,ATCM27_wp031_rev1_e,2004,13,0.9376918
Decision 654,Decision,2017,2,ATCM26_wp014_e,2003,14,0.823337197303772,ATCM26_wp014_e,2003,14,0.9354881
Decision 654,Decision,2017,3,ATCM25_wp030_e,2002,15,0.7662642002105713,ATCM25_wp030_e,2002,15,0.92003137
Decision 654,Decision,2017,4,ATCM20_wp004_rev1_e,1996,21,0.7489731311798096,ATCM20_wp004_rev1_e,1996,21,0.9171283
Decision 654,Decision,2017,5,ATCM25_wp020_e,2002,15,0.7331604957580566,ATCM30_wp002_e,2007,10,0.90493655
Decision 654,Decision,2017,6,ATCM30_wp002_e,2007,10,0.7118445038795471,ATCM16_wp049_e,1991,26,0.8950099
Decision 654,Decision,2017,7,ATCM26_wp022_e,2003,14,0.7085753679275513,ATCM25_wp020_e,2002,15,0.89222497
Decision 654,Decision,2017,8,ATCM17_wp025_e,1992,25,0.7022206783294678,ATCM26_wp022_e,2003,14,0.87856454
Decision 654,Decision,2017,9,ATCM16_wp024_e,1991,26,0.6917015910148621,ATCM16_wp024_e,1991,26,0.8745494
Decision 654,Decision,2017,10,ATCM16_wp049_e,1991,26,0.686826229095459,ATCM17_wp025_e,1992,25,0.82816195
Recommendation 140,Recommendation,1983,1,ATCM12_wp017_rev1_e,1983,0,0.9227499961853027,ATCM12_wp017_rev1_e,1983,0,0.96045023
Recommendation 140,Recommendation,1983,2,ATCM10_wp031_rev1_e,1979,4,0.8911499977111816,ATCM24_wp033_e,2001,-18,0.9538974
Recommendation 140,Recommendation,1983,3,ATCM10_wp031_e,1979,4,0.8907957077026367,ATCM16_wp020_e,1991,-8,0.9439912
Recommendation 140,Recommendation,1983,4,ATCM24_wp033_e,2001,-18,0.8901920914649963,ATCM10_wp031_rev1_e,1979,4,0.94252783
Recommendation 140,Recommendation,1983,5,ATCM16_wp020_e,1991,-8,0.8771063089370728,ATCM10_wp031_e,1979,4,0.938373
Recommendation 140,Recommendation,1983,6,ATCM8_wp002_e,1975,8,0.8471932411193848,ATCM10_wp039_rev1_e,1979,4,0.9275866
Recommendation 140,Recommendation,1983,7,ATCM10_wp004_e,1979,4,0.8355873823165894,ATCM8_wp035_e,1975,8,0.9206043
Recommendation 140,Recommendation,1983,8,ATCM8_wp035_e,1975,8,0.8254325985908508,ATCM20_wp026_e,1996,-13,0.917184
Recommendation 140,Recommendation,1983,9,ATCM20_wp026_e,1996,-13,0.8219513893127441,ATCM10_wp004_e,1979,4,0.9035839
Recommendation 140,Recommendation,1983,10,ATCM10_wp039_rev1_e,1979,4,0.8190631866455078,ATCM8_wp002_e,1975,8,0.89213103
Recommendation 54,Recommendation,1966,1,ATCM4_wp050_rev1_e,1966,0,0.8725308179855347,ATCM4_wp050_rev1_e,1966,0,0.98099285
Recommendation 54,Recommendation,1966,2,ATCM4_wp050_e,1966,0,0.8601781129837036,ATCM4_wp050_e,1966,0,0.98040134
Recommendation 54,Recommendation,1966,3,ATCM4_wp033_e,1966,0,0.7894693613052368,ATCM23_wp024_e,1999,-33,0.96219295
Recommendation 54,Recommendation,1966,4,ATCM4_wp051_rev1_e,1966,0,0.7668042182922363,ATCM4_wp033_e,1966,0,0.95816356
Recommendation 54,Recommendation,1966,5,ATCM4_wp051_e,1966,0,0.7627440690994263,ATCM4_wp038_e,1966,0,0.9540689
Recommendation 54,Recommendation,1966,6,ATCM23_wp024_e,1999,-33,0.7592587471008301,ATCM3_wp001_e,1964,2,0.9364246
Recommendation 54,Recommendation,1966,7,ATCM4_wp038_e,1966,0,0.7000268697738647,ATCM4_wp051_e,1966,0,0.91570723
Recommendation 54,Recommendation,1966,8,ATCM4_wp047_e,1966,0,0.6609774827957153,ATCM4_wp047_e,1966,0,0.91281956
Recommendation 54,Recommendation,1966,9,ATCM3_wp001_e,1964,2,0.6592982411384583,ATCM4_wp051_rev1_e,1966,0,0.9117137
Recommendation 54,Recommendation,1966,10,ATCM4_wp048_e,1966,0,0.6581273078918457,ATCM4_wp048_e,1966,0,0.9116646
Measure 539,Measure,2013,1,ATCM46_wp028_e,2024,-11,0.9043582677841187,ATCM46_wp028_e,2024,-11,0.98040134
Measure 539,Measure,2013,2,ATCM31_wp031_e,2008,5,0.8519330024719238,ATCM36_wp036_e,2013,0,0.95769125
Measure 539,Measure,2013,3,ATCM36_wp036_e,2013,0,0.8351918458938599,ATCM31_wp031_e,2008,5,0.9552524
Measure 539,Measure,2013,4,ATCM28_wp042_e,2005,8,0.8219050168991089,ATCM28_wp042_e,2005,8,0.92505413
Measure 539,Measure,2013,5,ATCM39_wp027_e,2016,-3,0.8139679431915283,ATCM39_wp027_e,2016,-3,0.8895672
Measure 539,Measure,2013,6,ATCM43_wp045_e,2021,-8,0.8100965023040771,ATCM43_wp045_e,2021,-8,0.88879734
Measure 539,Measure,2013,7,ATCM39_wp026_e,2016,-3,0.8089746236801147,ATCM46_wp023_e,2024,-11,0.888217
Measure 539,Measure,2013,8,ATCM46_wp023_e,2024,-11,0.8084859251976013,ATCM39_wp026_e,2016,-3,0.88743895
Measure 539,Measure,2013,9,ATCM35_wp060_e,2012,1,0.8073596358299255,ATCM36_wp030_e,2013,0,0.88267076
Measure 539,Measure,2013,10,ATCM36_wp030_e,2013,0,0.8072226643562317,ATCM35_wp060_e,2012,1,0.85994625
Recommendation 207,Recommendation,1991,1,ATCM16_wp049_e,1991,0,0.8974705338478088,ATCM22_wp003_e,1998,-7,0.96015245
Recommendation 207,Recommendation,1991,2,ATCM22_wp003_e,1998,-7,0.8285572528839111,ATCM16_wp001_e,1991,0,0.9568927
Recommendation 207,Recommendation,1991,3,ATCM25_wp009_e,2002,-11,0.8075035810470581,ATCM25_wp009_e,2002,-11,0.95624363
Recommendation 207,Recommendation,1991,4,ATCM16_wp035_e,1991,0,0.804753303527832,ATCM16_wp049_e,1991,0,0.95541906
Recommendation 207,Recommendation,1991,5,ATCM16_wp035_rev1_e,1991,0,0.8013554215431213,ATCM16_wp035_e,1991,0,0.9361917
Recommendation 207,Recommendation,1991,6,ATCM14_wp017_e,1987,4,0.8006613254547119,ATCM16_wp035_rev1_e,1991,0,0.93284583
Recommendation 207,Recommendation,1991,7,ATCM15_wp032_rev1_e,1989,2,0.8002575635910034,ATCM14_wp011_e,1987,4,0.875404
Recommendation 207,Recommendation,1991,8,ATCM14_wp011_e,1987,4,0.7958322167396545,ATCM15_wp032_rev1_e,1989,2,0.86458504
Recommendation 207,Recommendation,1991,9,ATCM6_wp015_e,1970,21,0.7890883684158325,ATCM6_wp015_e,1970,21,0.85126173
Recommendation 207,Recommendation,1991,10,ATCM16_wp001_e,1991,0,0.7858670353889465,ATCM14_wp017_e,1987,4,0.8477662
Decision 378,Decision,2007,1,ATCM27_wp031_rev1_e,2004,3,0.9095125198364258,ATCM34_wp024_e,2011,-4,0.97818553
Decision 378,Decision,2007,2,ATCM26_wp014_e,2003,4,0.8726460337638855,ATCM27_wp031_rev1_e,2004,3,0.96074593
Decision 378,Decision,2007,3,ATCM16_wp049_e,1991,16,0.8582650423049927,ATCM26_wp014_e,2003,4,0.9572139
Decision 378,Decision,2007,4,ATCM30_wp002_e,2007,0,0.8469111919403076,ATCM20_wp004_rev1_e,1996,11,0.9552524
Decision 378,Decision,2007,5,ATCM34_wp024_e,2011,-4,0.813248872756958,ATCM30_wp002_e,2007,0,0.9528557
Decision 378,Decision,2007,6,ATCM20_wp004_rev1_e,1996,11,0.8012659549713135,ATCM16_wp049_e,1991,16,0.93982506
Decision 378,Decision,2007,7,ATCM22_wp003_e,1998,9,0.7832169532775879,ATCM25_wp020_e,2002,5,0.9079589
Decision 378,Decision,2007,8,ATCM25_wp020_e,2002,5,0.7829450964927673,ATCM22_wp003_e,1998,9,0.89959866
Decision 378,Decision,2007,9,ATCM14_wp011_e,1987,20,0.7823982238769531,ATCM14_wp011_e,1987,20,0.85709965
Decision 378,Decision,2007,10,ATCM15_wp007_e,1989,18,0.7791523933410645,ATCM15_wp007_e,1989,18,0.83256364
Decision 656,Decision,2017,1,ATCM27_wp030_rev1_e,2004,13,0.8086835145950317,ATCM26_wp005_e,2003,14,0.92586255
Decision 656,Decision,2017,2,ATCM26_wp011_e,2003,14,0.8026882410049438,ATCM27_wp029_e,2004,13,0.90818316
Decision 656,Decision,2017,3,ATCM26_wp005_e,2003,14,0.7674948573112488,ATCM24_wp037_e,2001,16,0.9052721
Decision 656,Decision,2017,4,ATCM25_wp049_e,2002,15,0.7622767090797424,ATCM27_wp030_rev1_e,2004,13,0.9012622
Decision 656,Decision,2017,5,ATCM24_wp037_e,2001,16,0.7596923112869263,ATCM26_wp011_e,2003,14,0.8952849
Decision 656,Decision,2017,6,ATCM18_wp008_e,1994,23,0.7594031095504761,ATCM25_wp049_e,2002,15,0.8907132
Decision 656,Decision,2017,7,ATCM27_wp029_e,2004,13,0.7407311201095581,ATCM30_wp044_e,2007,10,0.87939554
Decision 656,Decision,2017,8,ATCM17_wp007_e,1992,25,0.7405104637145996,ATCM18_wp008_e,1994,23,0.8497718
Decision 656,Decision,2017,9,ATCM30_wp044_e,2007,10,0.7394219636917114,ATCM17_wp019_e,1992,25,0.84265614
Decision 656,Decision,2017,10,ATCM17_wp019_e,1992,25,0.7366384267807007,ATCM17_wp007_e,1992,25,0.8287171
Resolution 642,Resolution,2016,1,ATCM45_wp055_e,2023,-7,0.9418591260910034,ATCM39_wp038_e,2016,0,0.98490417
Resolution 642,Resolution,2016,2,ATCM39_wp038_e,2016,0,0.9283545613288879,ATCM45_wp055_e,2023,-7,0.97818553
Resolution 642,Resolution,2016,3,ATCM22_wp022_e,1998,18,0.843317985534668,ATCM22_wp022_e,1998,18,0.9027726
Resolution 642,Resolution,2016,4,ATCM10_wp030_e,1979,37,0.8222735524177551,ATCM7_wp048_e,1972,44,0.89737195
Resolution 642,Resolution,2016,5,ATCM9_wp078_e,1977,39,0.8170411586761475,ATCM9_wp080_e,1977,39,0.89399624
Resolution 642,Resolution,2016,6,ATCM9_wp080_e,1977,39,0.8136042356491089,ATCM7_wp017_rev1_e,1972,44,0.8938109
Resolution 642,Resolution,2016,7,ATCM7_wp017_rev1_e,1972,44,0.8088377714157104,ATCM9_wp078_e,1977,39,0.8886042
Resolution 642,Resolution,2016,8,ATCM7_wp048_e,1972,44,0.806632399559021,ATCM10_wp030_e,1979,37,0.8766766
Resolution 642,Resolution,2016,9,ATCM10_wp032_rev1_e,1979,37,0.8000133037567139,ATCM10_wp048_e,1979,37,0.87239087
Resolution 642,Resolution,2016,10,ATCM10_wp048_e,1979,37,0.7989470362663269,ATCM10_wp032_rev1_e,1979,37,0.86797863
Resolution 660,Resolution,2017,1,ATCM38_wp035_e,2015,2,0.7737171649932861,ATCM38_wp035_e,2015,2,0.92313623
Resolution 660,Resolution,2017,2,ATCM12_wp018_e,1983,34,0.7205115556716919,ATCM34_wp016_e,2011,6,0.9046421
Resolution 660,Resolution,2017,3,ATCM10_wp032_rev1_e,1979,38,0.7020087242126465,ATCM40_wp036_e,2017,0,0.90362644
Resolution 660,Resolution,2017,4,ATCM34_wp016_e,2011,6,0.7001899480819702,ATCM7_wp029_rev2_e,1972,45,0.8916602
Resolution 660,Resolution,2017,5,ATCM40_wp036_e,2017,0,0.6994361281394958,ATCM12_wp018_e,1983,34,0.84368914
Resolution 660,Resolution,2017,6,ATCM12_wp001_rev1_e,1983,34,0.6940850019454956,ATCM12_wp001_rev1_e,1983,34,0.8374073
Resolution 660,Resolution,2017,7,ATCM10_wp032_e,1979,38,0.6932534575462341,ATCM10_wp032_rev1_e,1979,38,0.8368747
Resolution 660,Resolution,2017,8,ATCM7_wp029_rev2_e,1972,45,0.6870664358139038,ATCM10_wp032_e,1979,38,0.8352686
Resolution 660,Resolution,2017,9,ATCM6_wp019_e,1970,47,0.6859161853790283,ATCM6_wp019_e,1970,47,0.8336498
Resolution 660,Resolution,2017,10,ATCM8_wp042_e,1975,42,0.6852035522460938,ATCM8_wp042_e,1975,42,0.8225315
Recommendation 121,Recommendation,1977,1,ATCM9_wp049_rev1_e,1977,0,0.9182101488113403,ATCM9_wp049_rev1_e,1977,0,0.9766336
Recommendation 121,Recommendation,1977,2,ATCM6_wp019_rev1_e,1970,7,0.8576791286468506,ATCM12_wp009_e,1983,-6,0.96303636
Recommendation 121,Recommendation,1977,3,ATCM6_wp019_e,1970,7,0.8351368308067322,ATCM8_wp009_e,1975,2,0.9620506
Recommendation 121,Recommendation,1977,4,ATCM8_wp046_e,1975,2,0.8306523561477661,ATCM6_wp019_rev1_e,1970,7,0.961331
Recommendation 121,Recommendation,1977,5,ATCM12_wp009_e,1983,-6,0.8238287568092346,ATCM12_wp018_e,1983,-6,0.9603016
Recommendation 121,Recommendation,1977,6,ATCM12_wp018_e,1983,-6,0.8165026903152466,ATCM7_wp029_rev1_e,1972,5,0.9598525
Recommendation 121,Recommendation,1977,7,ATCM8_wp009_e,1975,2,0.8155515193939209,ATCM7_wp029_rev2_e,1972,5,0.95970166
Recommendation 121,Recommendation,1977,8,ATCM9_wp049_e,1977,0,0.8128676414489746,ATCM6_wp019_e,1970,7,0.95784926
Recommendation 121,Recommendation,1977,9,ATCM7_wp029_rev1_e,1972,5,0.8109965324401855,ATCM9_wp049_e,1977,0,0.9291452
Recommendation 121,Recommendation,1977,10,ATCM7_wp029_rev2_e,1972,5,0.7987337708473206,ATCM8_wp046_e,1975,2,0.92081815
Recommendation 184,Recommendation,1989,1,ATCM15_wp046_rev2_e,1989,0,0.9556065201759338,ATCM15_wp046_rev2_e,1989,0,0.9605984
Recommendation 184,Recommendation,1989,2,ATCM15_wp006_e,1989,0,0.8651720881462097,ATCM17_wp028_rev1_e,1992,-3,0.9388232
Recommendation 184,Recommendation,1989,3,ATCM12_wp019_e,1983,6,0.8214457631111145,ATCM15_wp006_e,1989,0,0.9266629
Recommendation 184,Recommendation,1989,4,ATCM16_wp004_e,1991,-2,0.8094524145126343,ATCM16_wp004_e,1991,-2,0.9251217
Recommendation 184,Recommendation,1989,5,ATCM17_wp028_rev1_e,1992,-3,0.8091708421707153,ATCM23_wp011_e,1999,-10,0.91803306
Recommendation 184,Recommendation,1989,6,ATCM15_wp042_e,1989,0,0.8021960854530334,ATCM15_wp015_e,1989,0,0.917184
Recommendation 184,Recommendation,1989,7,ATCM10_wp026_e,1979,10,0.7923243045806885,ATCM15_wp042_e,1989,0,0.9130215
Recommendation 184,Recommendation,1989,8,ATCM23_wp011_e,1999,-10,0.7910767793655396,ATCM12_wp019_e,1983,6,0.9116449
Recommendation 184,Recommendation,1989,9,ATCM15_wp015_e,1989,0,0.7900366187095642,ATCM14_wp036_e,1987,2,0.9054812
Recommendation 184,Recommendation,1989,10,ATCM14_wp036_e,1987,2,0.781347393989563,ATCM10_wp026_e,1979,10,0.8880229
Measure 537,Measure,2013,1,ATCM46_wp023_e,2024,-11,0.9398437738418579,ATCM36_wp029_e,2013,0,0.9769875
Measure 537,Measure,2013,2,ATCM36_wp029_e,2013,0,0.9206509590148926,ATCM42_wp010_e,2019,-6,0.9719499
Measure 537,Measure,2013,3,ATCM42_wp010_e,2019,-6,0.9088717699050903,ATCM46_wp023_e,2024,-11,0.9715208
Measure 537,Measure,2013,4,ATCM38_wp026_e,2015,-2,0.837239682674408,ATCM31_wp025_rev1_e,2008,5,0.9595504
Measure 537,Measure,2013,5,ATCM35_wp061_e,2012,1,0.8344383239746094,ATCM38_wp026_e,2015,-2,0.9218445
Measure 537,Measure,2013,6,ATCM37_wp054_e,2014,-1,0.831667423248291,ATCM37_wp054_e,2014,-1,0.9130887
Measure 537,Measure,2013,7,ATCM31_wp025_rev1_e,2008,5,0.830430269241333,ATCM36_wp059_e,2013,0,0.9035839
Measure 537,Measure,2013,8,ATCM35_wp060_e,2012,1,0.8287359476089478,ATCM41_wp031_e,2018,-5,0.90332824
Measure 537,Measure,2013,9,ATCM36_wp059_e,2013,0,0.8279000520706177,ATCM35_wp061_e,2012,1,0.8804275
Measure 537,Measure,2013,10,ATCM41_wp031_e,2018,-5,0.825918436050415,ATCM35_wp060_e,2012,1,0.8715186
Resolution 640,Resolution,2016,1,ATCM38_wp028_e,2015,1,0.8827419281005859,ATCM39_wp013_e,2016,0,0.9690442
Resolution 640,Resolution,2016,2,ATCM39_wp013_e,2016,0,0.8403559923171997,ATCM38_wp028_e,2015,1,0.96545935
Resolution 640,Resolution,2016,3,ATCM34_wp034_e,2011,5,0.8359208106994629,ATCM47_wp032_e,2025,-9,0.95575064
Resolution 640,Resolution,2016,4,ATCM29_wp013_e,2006,10,0.8358922004699707,ATCM34_wp034_e,2011,5,0.9439912
Resolution 640,Resolution,2016,5,ATCM47_wp032_e,2025,-9,0.8292773365974426,ATCM40_wp005_e,2017,-1,0.9389352
Resolution 640,Resolution,2016,6,ATCM32_wp005_e,2009,7,0.8241523504257202,ATCM42_wp034_e,2019,-3,0.9370036
Resolution 640,Resolution,2016,7,ATCM42_wp034_e,2019,-3,0.8191750049591064,ATCM32_wp005_e,2009,7,0.935252
Resolution 640,Resolution,2016,8,ATCM33_wp009_e,2010,6,0.8180712461471558,ATCM33_wp009_e,2010,6,0.9291452
Resolution 640,Resolution,2016,9,ATCM40_wp005_e,2017,-1,0.8065906167030334,ATCM29_wp013_e,2006,10,0.9208893
Resolution 640,Resolution,2016,10,ATCM32_wp033_e,2009,7,0.7913828492164612,ATCM32_wp033_e,2009,7,0.8901415
Resolution 259,Resolution,1998,1,ATCM22_wp025_e,1998,0,0.8991451263427734,ATCM22_wp025_e,1998,0,0.9661048
Resolution 259,Resolution,1998,2,ATCM25_wp006_e,2002,-4,0.8122231364250183,ATCM25_wp045_e,2002,-4,0.9365409
Resolution 259,Resolution,1998,3,ATCM12_wp010_e,1983,15,0.8029060363769531,ATCM25_wp006_e,2002,-4,0.9047684
Resolution 259,Resolution,1998,4,ATCM12_wp026_e,1983,15,0.7959080934524536,ATCM39_wp019_e,2016,-18,0.896106
Resolution 259,Resolution,1998,5,ATCM9_wp042_e,1977,21,0.7818203568458557,ATCM20_wp020_e,1996,2,0.8622821
Resolution 259,Resolution,1998,6,ATCM39_wp019_e,2016,-18,0.78120356798172,ATCM35_wp024_e,2012,-14,0.8527394
Resolution 259,Resolution,1998,7,ATCM20_wp020_e,1996,2,0.7758063673973083,ATCM12_wp026_e,1983,15,0.8462476
Resolution 259,Resolution,1998,8,ATCM25_wp045_e,2002,-4,0.7621872425079346,ATCM12_wp010_e,1983,15,0.8331075
Resolution 259,Resolution,1998,9,ATCM7_wp012_e,1972,26,0.7616149187088013,ATCM9_wp042_e,1977,21,0.81440735
Resolution 259,Resolution,1998,10,ATCM35_wp024_e,2012,-14,0.7584400773048401,ATCM7_wp012_e,1972,26,0.7947675
Resolution 258,Resolution,1998,1,ATCM47_wp013_e,2025,-27,0.8602408170700073,ATCM47_wp013_e,2025,-27,0.9351336
Resolution 258,Resolution,1998,2,ATCM15_wp051_rev1_e,1989,9,0.8296661376953125,ATCM15_wp051_rev1_e,1989,9,0.9032857
Resolution 258,Resolution,1998,3,ATCM15_wp029_e,1989,9,0.8210233449935913,ATCM15_wp029_e,1989,9,0.90320027
Resolution 258,Resolution,1998,4,ATCM2_wp002_e,1962,36,0.8135141134262085,ATCM2_wp002_e,1962,36,0.886263
Resolution 258,Resolution,1998,5,ATCM1_wp004_e,1961,37,0.7852673530578613,ATCM2_wp014_e,1962,36,0.8858686
Resolution 258,Resolution,1998,6,ATCM11_wp005_e,1981,17,0.7598313093185425,ATCM1_wp004_e,1961,37,0.86640406
Resolution 258,Resolution,1998,7,ATCM2_wp014_e,1962,36,0.7583656311035156,ATCM16_wp026_e,1991,7,0.86088455
Resolution 258,Resolution,1998,8,ATCM16_wp026_e,1991,7,0.7570598125457764,ATCM2_wp012_e,1962,36,0.8542049
Resolution 258,Resolution,1998,9,ATCM12_wp019_e,1983,15,0.7474796772003174,ATCM12_wp019_e,1983,15,0.8336498
Resolution 258,Resolution,1998,10,ATCM2_wp012_e,1962,36,0.7441531419754028,ATCM11_wp005_e,1981,17,0.79027146
Resolution 583,Resolution,2014,1,ATCM28_wp031_e,2005,9,0.8647613525390625,ATCM42_wp054_e,2019,-5,0.9532054
Resolution 583,Resolution,2014,2,ATCM46_wp052_e,2024,-10,0.8613153696060181,ATCM46_wp052_e,2024,-10,0.9525035
Resolution 583,Resolution,2014,3,ATCM36_wp015_e,2013,1,0.8411354422569275,ATCM28_wp031_e,2005,9,0.9482696
Resolution 583,Resolution,2014,4,ATCM42_wp054_e,2019,-5,0.8341387510299683,ATCM47_wp021_rev1_e,2025,-11,0.9474978
Resolution 583,Resolution,2014,5,ATCM36_wp020_e,2013,1,0.8326101899147034,ATCM41_wp032_e,2018,-4,0.94450533
Resolution 583,Resolution,2014,6,ATCM47_wp021_rev1_e,2025,-11,0.8324048519134521,ATCM36_wp020_e,2013,1,0.94450533
Resolution 583,Resolution,2014,7,ATCM41_wp032_e,2018,-4,0.8320368528366089,ATCM36_wp015_e,2013,1,0.9417828
Resolution 583,Resolution,2014,8,ATCM29_wp001_e,2006,8,0.8279815316200256,ATCM27_wp026_e,2004,10,0.93746316
Resolution 583,Resolution,2014,9,ATCM27_wp026_e,2004,10,0.8275717496871948,ATCM29_wp001_e,2006,8,0.93477726
Resolution 583,Resolution,2014,10,ATCM29_wp002_e,2006,8,0.8194234371185303,ATCM29_wp002_e,2006,8,0.9251217
Resolution 678,Resolution,2018,1,ATCM30_wp043_e,2007,11,0.8903546333312988,ATCM39_wp005_e,2016,2,0.9762744
Resolution 678,Resolution,2018,2,ATCM31_wp041_rev1_e,2008,10,0.8828151226043701,ATCM41_wp020_e,2018,0,0.9760927
Resolution 678,Resolution,2018,3,ATCM32_wp003_e,2009,9,0.861388087272644,ATCM30_wp043_e,2007,11,0.96809286
Resolution 678,Resolution,2018,4,ATCM39_wp005_e,2016,2,0.8436547517776489,ATCM31_wp041_rev1_e,2008,10,0.9631751
Resolution 678,Resolution,2018,5,ATCM31_wp061_e,2008,10,0.8430873155593872,ATCM31_wp061_e,2008,10,0.90635514
Resolution 678,Resolution,2018,6,ATCM41_wp020_e,2018,0,0.8408434391021729,ATCM22_wp005_e,1998,20,0.9055648
Resolution 678,Resolution,2018,7,ATCM30_wp038_e,2007,11,0.8226869106292725,ATCM30_wp038_e,2007,11,0.8977311
Resolution 678,Resolution,2018,8,ATCM16_wp001_e,1991,27,0.8151601552963257,ATCM25_wp009_e,2002,16,0.88447905
Resolution 678,Resolution,2018,9,ATCM25_wp009_e,2002,16,0.8140461444854736,ATCM16_wp001_e,1991,27,0.8828729
Resolution 678,Resolution,2018,10,ATCM22_wp005_e,1998,20,0.8106428384780884,ATCM32_wp003_e,2009,9,0.8804275
Decision 700,Decision,2019,1,ATCM43_wp038_e,2021,-2,0.8917484283447266,ATCM45_wp016_e,2023,-4,0.9545797
Decision 700,Decision,2019,2,ATCM33_wp041_e,2010,9,0.8711941242218018,ATCM47_wp015_e,2025,-6,0.9447098
Decision 700,Decision,2019,3,ATCM46_wp054_e,2024,-5,0.8497570753097534,ATCM46_wp054_e,2024,-5,0.9439912
Decision 700,Decision,2019,4,ATCM47_wp015_e,2025,-6,0.8391209244728088,ATCM43_wp038_e,2021,-2,0.94252783
Decision 700,Decision,2019,5,ATCM27_wp012_e,2004,15,0.8363010883331299,ATCM35_wp029_e,2012,7,0.93186045
Decision 700,Decision,2019,6,ATCM44_wp009_e,2022,-3,0.8313906192779541,ATCM27_wp012_e,2004,15,0.9194547
Decision 700,Decision,2019,7,ATCM23_wp033_e,1999,20,0.8282999992370605,ATCM28_wp029_e,2005,14,0.8954678
Decision 700,Decision,2019,8,ATCM45_wp016_e,2023,-4,0.8258584141731262,ATCM33_wp041_e,2010,9,0.88879734
Decision 700,Decision,2019,9,ATCM35_wp029_e,2012,7,0.8218069076538086,ATCM44_wp009_e,2022,-3,0.8808381
Decision 700,Decision,2019,10,ATCM28_wp029_e,2005,14,0.8116996884346008,ATCM23_wp033_e,1999,20,0.8770983
Decision 577,Decision,2014,1,ATCM26_wp014_e,2003,11,0.8322749137878418,ATCM34_wp024_e,2011,3,0.94188976
Decision 577,Decision,2014,2,ATCM27_wp031_rev1_e,2004,10,0.8305295705795288,ATCM26_wp014_e,2003,11,0.94113696
Decision 577,Decision,2014,3,ATCM25_wp030_e,2002,12,0.7664527297019958,ATCM27_wp031_rev1_e,2004,10,0.9370036
Decision 577,Decision,2014,4,ATCM20_wp004_rev1_e,1996,18,0.7606425285339355,ATCM25_wp030_e,2002,12,0.9247828
Decision 577,Decision,2014,5,ATCM25_wp020_e,2002,12,0.7327958941459656,ATCM20_wp004_rev1_e,1996,18,0.91505474
Decision 577,Decision,2014,6,ATCM30_wp002_e,2007,7,0.7246760725975037,ATCM33_wp020_e,2010,4,0.91428304
Decision 577,Decision,2014,7,ATCM33_wp020_e,2010,4,0.7222896814346313,ATCM30_wp002_e,2007,7,0.8977311
Decision 577,Decision,2014,8,ATCM26_wp022_e,2003,11,0.7187020778656006,ATCM25_wp020_e,2002,12,0.89099807
Decision 577,Decision,2014,9,ATCM34_wp024_e,2011,3,0.7136380076408386,ATCM26_wp022_e,2003,11,0.88267076
Decision 577,Decision,2014,10,ATCM17_wp025_e,1992,22,0.7121601104736328,ATCM17_wp025_e,1992,22,0.8314717
Measure 718,Measure,2021,1,ATCM43_wp003_e,2021,0,0.8819557428359985,ATCM43_wp003_e,2021,0,0.9826643
Measure 718,Measure,2021,2,ATCM37_wp007_e,2014,7,0.8660228252410889,ATCM37_wp007_e,2014,7,0.9817077
Measure 718,Measure,2021,3,ATCM38_wp026_e,2015,6,0.8453326225280762,ATCM32_wp022_e,2009,12,0.9706433
Measure 718,Measure,2021,4,ATCM33_wp033_e,2010,11,0.8382792472839355,ATCM38_wp026_e,2015,6,0.9336973
Measure 718,Measure,2021,5,ATCM43_wp024_rev1_e,2021,0,0.8345862627029419,ATCM37_wp026_e,2014,7,0.9190923
Measure 718,Measure,2021,6,ATCM43_wp023_rev1_e,2021,0,0.8312749862670898,ATCM33_wp033_e,2010,11,0.9123698
Measure 718,Measure,2021,7,ATCM39_wp026_e,2016,5,0.8295829892158508,ATCM43_wp024_rev1_e,2021,0,0.9074271
Measure 718,Measure,2021,8,ATCM37_wp026_e,2014,7,0.8253694772720337,ATCM43_wp023_rev1_e,2021,0,0.9000389
Measure 718,Measure,2021,9,ATCM32_wp022_e,2009,12,0.8226326704025269,ATCM39_wp026_e,2016,5,0.8979998
Measure 718,Measure,2021,10,ATCM46_wp023_e,2024,-3,0.8214113712310791,ATCM46_wp023_e,2024,-3,0.8934396
Measure 575,Measure,2014,1,ATCM43_wp031_e,2021,-7,0.8903957009315491,ATCM37_wp021_e,2014,0,0.97319996
Measure 575,Measure,2014,2,ATCM37_wp021_e,2014,0,0.8876277208328247,ATCM30_wp008_e,2007,7,0.9721621
Measure 575,Measure,2014,3,ATCM30_wp008_e,2007,7,0.8385050296783447,ATCM29_wp008_e,2006,8,0.9704198
Measure 575,Measure,2014,4,ATCM36_wp063_e,2013,1,0.7923864126205444,ATCM43_wp031_e,2021,-7,0.9616204
Measure 575,Measure,2014,5,ATCM28_wp027_rev1_e,2005,9,0.7803078889846802,ATCM28_wp027_rev1_e,2005,9,0.95939845
Measure 575,Measure,2014,6,ATCM29_wp008_e,2006,8,0.7646411657333374,ATCM47_wp009_e,2025,-11,0.8932535
Measure 575,Measure,2014,7,ATCM47_wp009_e,2025,-11,0.7636204361915588,ATCM36_wp063_e,2013,1,0.8930671
Measure 575,Measure,2014,8,ATCM45_wp059_e,2023,-9,0.7622841000556946,ATCM38_wp041_e,2015,-1,0.8852749
Measure 575,Measure,2014,9,ATCM36_wp030_e,2013,1,0.7612568140029907,ATCM45_wp059_e,2023,-9,0.88246834
Measure 575,Measure,2014,10,ATCM38_wp041_e,2015,-1,0.7612247467041016,ATCM36_wp030_e,2013,1,0.8739052
Measure 601,Measure,2015,1,ATCM43_wp009_rev1_e,2021,-6,0.9190624356269836,ATCM38_wp042_e,2015,0,0.9742002
Measure 601,Measure,2015,2,ATCM38_wp042_e,2015,0,0.9004911184310913,ATCM43_wp009_rev1_e,2021,-6,0.973403
Measure 601,Measure,2015,3,ATCM33_wp055_rev1_e,2010,5,0.8779101371765137,ATCM33_wp055_rev1_e,2010,5,0.96996796
Measure 601,Measure,2015,4,ATCM28_wp024_e,2005,10,0.8494135141372681,ATCM28_wp025_e,2005,10,0.9567313
Measure 601,Measure,2015,5,ATCM27_wp035_e,2004,11,0.8323099613189697,ATCM28_wp024_e,2005,10,0.9530308
Measure 601,Measure,2015,6,ATCM28_wp025_e,2005,10,0.795383870601654,ATCM27_wp033_e,2004,11,0.94940734
Measure 601,Measure,2015,7,ATCM27_wp033_e,2004,11,0.787420928478241,ATCM27_wp035_e,2004,11,0.93814665
Measure 601,Measure,2015,8,ATCM39_wp027_e,2016,-1,0.7814979553222656,ATCM35_wp044_e,2012,3,0.90108824
Measure 601,Measure,2015,9,ATCM43_wp045_e,2021,-6,0.7813576459884644,ATCM43_wp045_e,2021,-6,0.896106
Measure 601,Measure,2015,10,ATCM35_wp044_e,2012,3,0.7809888124465942,ATCM39_wp027_e,2016,-1,0.8956505
Recommendation 118,Recommendation,1977,1,ATCM9_wp082_e,1977,0,0.9288678169250488,ATCM10_wp052_rev1_e,1979,-2,0.9623348
Recommendation 118,Recommendation,1977,2,ATCM9_wp082_rev1_e,1977,0,0.927059531211853,ATCM10_wp052_e,1979,-2,0.9586308
Recommendation 118,Recommendation,1977,3,ATCM10_wp052_rev1_e,1979,-2,0.8891893625259399,ATCM9_wp082_rev1_e,1977,0,0.9580066
Recommendation 118,Recommendation,1977,4,ATCM10_wp052_e,1979,-2,0.8856807947158813,ATCM9_wp082_e,1977,0,0.95541906
Recommendation 118,Recommendation,1977,5,ATCM9_wp043_e,1977,0,0.8788392543792725,ATCM9_wp006_e,1977,0,0.9538974
Recommendation 118,Recommendation,1977,6,ATCM9_wp058_e,1977,0,0.873397946357727,ATCM9_wp043_e,1977,0,0.9532054
Recommendation 118,Recommendation,1977,7,ATCM8_wp016_rev1_e,1975,2,0.8677316308021545,ATCM9_wp077_e,1977,0,0.9523265
Recommendation 118,Recommendation,1977,8,ATCM9_wp077_e,1977,0,0.8630402088165283,ATCM8_wp016_rev1_e,1975,2,0.9517915
Recommendation 118,Recommendation,1977,9,ATCM9_wp006_e,1977,0,0.8611879348754883,ATCM9_wp058_e,1977,0,0.9505213
Recommendation 118,Recommendation,1977,10,ATCM9_wp073_e,1977,0,0.8583954572677612,ATCM9_wp073_e,1977,0,0.9501526
Measure 597,Measure,2015,1,ATCM43_wp023_rev1_e,2021,-6,0.8902751207351685,ATCM33_wp032_e,2010,5,0.9701947
Measure 597,Measure,2015,2,ATCM33_wp032_e,2010,5,0.8592100739479065,ATCM43_wp023_rev1_e,2021,-6,0.96785074
Measure 597,Measure,2015,3,ATCM38_wp026_e,2015,0,0.8551328778266907,ATCM31_wp025_rev1_e,2008,7,0.9552524
Measure 597,Measure,2015,4,ATCM33_wp033_e,2010,5,0.8251351714134216,ATCM38_wp026_e,2015,0,0.9537254
Measure 597,Measure,2015,5,ATCM43_wp024_rev1_e,2021,-6,0.8239859342575073,ATCM43_wp025_rev1_e,2021,-6,0.8988908
Measure 597,Measure,2015,6,ATCM43_wp025_rev1_e,2021,-6,0.8226053714752197,ATCM33_wp033_e,2010,5,0.8976414
Measure 597,Measure,2015,7,ATCM33_wp035_e,2010,5,0.8195064067840576,ATCM43_wp024_rev1_e,2021,-6,0.8943658
Measure 597,Measure,2015,8,ATCM36_wp030_e,2013,2,0.8175294995307922,ATCM33_wp035_e,2010,5,0.8927871
Measure 597,Measure,2015,9,ATCM46_wp023_e,2024,-9,0.815156102180481,ATCM36_wp030_e,2013,2,0.8915658
Measure 597,Measure,2015,10,ATCM31_wp025_rev1_e,2008,7,0.8117756843566895,ATCM46_wp023_e,2024,-9,0.88975894
Measure 402,Measure,2008,1,ATCM43_wp023_rev1_e,2021,-13,0.9107069969177246,ATCM33_wp032_e,2010,-2,0.9671134
Measure 402,Measure,2008,2,ATCM33_wp032_e,2010,-2,0.8828110694885254,ATCM43_wp023_rev1_e,2021,-13,0.9650665
Measure 402,Measure,2008,3,ATCM38_wp026_e,2015,-7,0.8610491752624512,ATCM38_wp026_e,2015,-7,0.9480776
Measure 402,Measure,2008,4,ATCM43_wp025_rev1_e,2021,-13,0.8378151655197144,ATCM33_wp034_e,2010,-2,0.8951933
Measure 402,Measure,2008,5,ATCM33_wp035_e,2010,-2,0.8370658159255981,ATCM33_wp033_e,2010,-2,0.89399624
Measure 402,Measure,2008,6,ATCM33_wp033_e,2010,-2,0.8353588581085205,ATCM33_wp035_e,2010,-2,0.88879734
Measure 402,Measure,2008,7,ATCM43_wp024_rev1_e,2021,-13,0.835304856300354,ATCM43_wp024_rev1_e,2021,-13,0.8878285
Measure 402,Measure,2008,8,ATCM33_wp034_e,2010,-2,0.822187066078186,ATCM36_wp030_e,2013,-5,0.8864597
Measure 402,Measure,2008,9,ATCM36_wp030_e,2013,-5,0.821474552154541,ATCM43_wp025_rev1_e,2021,-13,0.8848775
Measure 402,Measure,2008,10,ATCM46_wp023_e,2024,-16,0.8204174637794495,ATCM46_wp023_e,2024,-16,0.8756169
Decision 609,Decision,2015,1,ATCM35_wp030_e,2012,3,0.9154869318008423,ATCM35_wp030_e,2012,3,0.96545935
Decision 609,Decision,2015,2,ATCM36_wp067_e,2013,2,0.83143550157547,ATCM45_wp015_rev2_e,2023,-8,0.94710773
Decision 609,Decision,2015,3,ATCM45_wp015_rev2_e,2023,-8,0.8150492310523987,ATCM35_wp047_e,2012,3,0.9414607
Decision 609,Decision,2015,4,ATCM35_wp047_e,2012,3,0.8090848922729492,ATCM36_wp067_e,2013,2,0.93393874
Decision 609,Decision,2015,5,ATCM36_wp031_e,2013,2,0.7952783703804016,ATCM36_wp031_e,2013,2,0.9284348
Decision 609,Decision,2015,6,ATCM38_wp005_e,2015,0,0.777703583240509,ATCM40_wp030_e,2017,-2,0.92444247
Decision 609,Decision,2015,7,ATCM36_wp007_e,2013,2,0.7731740474700928,ATCM32_wp046_e,2009,6,0.85805386
Decision 609,Decision,2015,8,ATCM37_wp001_e,2014,1,0.7641623020172119,ATCM38_wp005_e,2015,0,0.8575773
Decision 609,Decision,2015,9,ATCM40_wp030_e,2017,-2,0.7526397705078125,ATCM37_wp001_e,2014,1,0.8527394
Decision 609,Decision,2015,10,ATCM32_wp046_e,2009,6,0.7305833101272583,ATCM36_wp007_e,2013,2,0.8497718
Measure 571,Measure,2014,1,ATCM37_wp058_rev1_e,2014,0,0.9050502777099609,ATCM42_wp016_e,2019,-5,0.98198617
Measure 571,Measure,2014,2,ATCM42_wp016_e,2019,-5,0.8859937191009521,ATCM46_wp030_e,2024,-10,0.98069936
Measure 571,Measure,2014,3,ATCM46_wp030_e,2024,-10,0.8625119924545288,ATCM37_wp058_rev1_e,2014,0,0.9802507
Measure 571,Measure,2014,4,ATCM31_wp003_e,2008,6,0.8202449083328247,ATCM31_wp003_e,2008,6,0.92566115
Measure 571,Measure,2014,5,ATCM35_wp044_e,2012,2,0.8066788911819458,ATCM41_wp031_e,2018,-4,0.90701616
Measure 571,Measure,2014,6,ATCM36_wp059_e,2013,1,0.8000150918960571,ATCM45_wp054_rev1_e,2023,-9,0.9060646
Measure 571,Measure,2014,7,ATCM44_wp053_e,2022,-8,0.7985610365867615,ATCM44_wp053_e,2022,-8,0.9045578
Measure 571,Measure,2014,8,ATCM29_wp029_e,2006,8,0.7927656769752502,ATCM35_wp044_e,2012,2,0.903371
Measure 571,Measure,2014,9,ATCM41_wp031_e,2018,-4,0.7924525737762451,ATCM36_wp059_e,2013,1,0.90320027
Measure 571,Measure,2014,10,ATCM45_wp054_rev1_e,2023,-9,0.7890739440917969,ATCM29_wp029_e,2006,8,0.8905229
Recommendation 155,Recommendation,1985,1,ATCM47_wp029_e,2025,-40,0.7637652158737183,ATCM17_wp022_e,1992,-7,0.94572115
Recommendation 155,Recommendation,1985,2,ATCM39_wp026_e,2016,-31,0.755731999874115,ATCM46_wp025_e,2024,-39,0.911699
Recommendation 155,Recommendation,1985,3,ATCM46_wp025_e,2024,-39,0.7521209716796875,ATCM39_wp026_e,2016,-31,0.90701616
Recommendation 155,Recommendation,1985,4,ATCM4_wp038_e,1966,19,0.7371686697006226,ATCM34_wp031_e,2011,-26,0.88975894
Recommendation 155,Recommendation,1985,5,ATCM4_wp053_e,1966,19,0.7280141115188599,ATCM4_wp038_e,1966,19,0.88606596
Recommendation 155,Recommendation,1985,6,ATCM4_wp053_rev1_e,1966,19,0.7228754758834839,ATCM8_wp001_e,1975,10,0.88124746
Recommendation 155,Recommendation,1985,7,ATCM17_wp022_e,1992,-7,0.7203017473220825,ATCM4_wp053_e,1966,19,0.8775188
Recommendation 155,Recommendation,1985,8,ATCM34_wp031_e,2011,-26,0.717991828918457,ATCM47_wp029_e,2025,-40,0.87582946
Recommendation 155,Recommendation,1985,9,ATCM4_wp054_e,1966,19,0.7083412408828735,ATCM4_wp053_rev1_e,1966,19,0.8706413
Recommendation 155,Recommendation,1985,10,ATCM8_wp001_e,1975,10,0.7054405212402344,ATCM4_wp054_e,1966,19,0.8661778
Measure 716,Measure,2021,1,ATCM38_wp001_e,2015,6,0.9006237387657166,ATCM31_wp013_e,2008,13,0.986447
Measure 716,Measure,2021,2,ATCM43_wp006_e,2021,0,0.8713697791099548,ATCM43_wp006_e,2021,0,0.98490417
Measure 716,Measure,2021,3,ATCM31_wp013_e,2008,13,0.8463081121444702,ATCM38_wp001_e,2015,6,0.97868
Measure 716,Measure,2021,4,ATCM33_wp058_e,2010,11,0.8251432180404663,ATCM33_wp058_e,2010,11,0.9663597
Measure 716,Measure,2021,5,ATCM31_wp045_e,2008,13,0.8050708770751953,ATCM31_wp045_e,2008,13,0.9528557
Measure 716,Measure,2021,6,ATCM39_wp026_e,2016,5,0.8002275228500366,ATCM38_wp026_e,2015,6,0.92592955
Measure 716,Measure,2021,7,ATCM4_wp054_rev1_e,1966,55,0.7995022535324097,ATCM4_wp054_rev1_e,1966,55,0.90713954
Measure 716,Measure,2021,8,ATCM4_wp054_e,1966,55,0.7954860925674438,ATCM39_wp026_e,2016,5,0.8969214
Measure 716,Measure,2021,9,ATCM46_wp023_e,2024,-3,0.7934037446975708,ATCM4_wp054_e,1966,55,0.8946423
Measure 716,Measure,2021,10,ATCM38_wp026_e,2015,6,0.7927175164222717,ATCM46_wp023_e,2024,-3,0.8945502
Measure 720,Measure,2021,1,ATCM29_wp029_e,2006,15,0.9152128100395203,ATCM36_wp059_e,2013,8,0.983445
Measure 720,Measure,2021,2,ATCM36_wp059_e,2013,8,0.8990834355354309,ATCM29_wp029_e,2006,15,0.9793225
Measure 720,Measure,2021,3,ATCM43_wp064_e,2021,0,0.8844677209854126,ATCM43_wp064_e,2021,0,0.97590977
Measure 720,Measure,2021,4,ATCM35_wp044_e,2012,9,0.83399498462677,ATCM21_wp029_rev1_e,1997,24,0.9568927
Measure 720,Measure,2021,5,ATCM45_wp054_rev1_e,2023,-2,0.8292288780212402,ATCM45_wp054_rev1_e,2023,-2,0.91938233
Measure 720,Measure,2021,6,ATCM41_wp031_e,2018,3,0.8291661143302917,ATCM41_wp031_e,2018,3,0.918546
Measure 720,Measure,2021,7,ATCM44_wp053_e,2022,-1,0.8238584995269775,ATCM44_wp053_e,2022,-1,0.9160082
Measure 720,Measure,2021,8,ATCM35_wp061_e,2012,9,0.8238399624824524,ATCM35_wp044_e,2012,9,0.9116154
Measure 720,Measure,2021,9,ATCM35_wp060_e,2012,9,0.8215484023094177,ATCM35_wp061_e,2012,9,0.8950099
Measure 720,Measure,2021,10,ATCM21_wp029_rev1_e,1997,24,0.8137608170509338,ATCM35_wp060_e,2012,9,0.8889902
Measure 724,Measure,2021,1,ATCM43_wp025_rev1_e,2021,0,0.8945866823196411,ATCM33_wp034_e,2010,11,0.9692777
Measure 724,Measure,2021,2,ATCM33_wp034_e,2010,11,0.8817349672317505,ATCM43_wp025_rev1_e,2021,0,0.965719
Measure 724,Measure,2021,3,ATCM38_wp026_e,2015,6,0.8364254236221313,ATCM38_wp026_e,2015,6,0.94903076
Measure 724,Measure,2021,4,ATCM33_wp033_e,2010,11,0.8191770315170288,ATCM33_wp032_e,2010,11,0.90290105
Measure 724,Measure,2021,5,ATCM43_wp023_rev1_e,2021,0,0.8181474804878235,ATCM43_wp023_rev1_e,2021,0,0.9006522
Measure 724,Measure,2021,6,ATCM33_wp032_e,2010,11,0.8118649125099182,ATCM33_wp033_e,2010,11,0.89906824
Measure 724,Measure,2021,7,ATCM43_wp024_rev1_e,2021,0,0.8112049698829651,ATCM35_wp044_e,2012,9,0.8985352
Measure 724,Measure,2021,8,ATCM36_wp030_e,2013,8,0.8089219331741333,ATCM35_wp008_e,2012,9,0.8946423
Measure 724,Measure,2021,9,ATCM35_wp044_e,2012,9,0.8042415380477905,ATCM43_wp024_rev1_e,2021,0,0.8932535
Measure 724,Measure,2021,10,ATCM35_wp008_e,2012,9,0.8008549213409424,ATCM36_wp030_e,2013,8,0.88063294
Decision 652,Decision,2017,1,ATCM43_wp014_e,2021,-4,0.8228210210800171,ATCM46_wp006_e,2024,-7,0.9692777
Decision 652,Decision,2017,2,ATCM40_wp002_e,2017,0,0.8121737837791443,ATCM47_wp036_e,2025,-8,0.96545935
Decision 652,Decision,2017,3,ATCM44_wp037_e,2022,-5,0.8042954206466675,ATCM45_wp048_e,2023,-6,0.9623348
Decision 652,Decision,2017,4,ATCM44_wp007_e,2022,-5,0.7892873287200928,ATCM44_wp037_e,2022,-5,0.961331
Decision 652,Decision,2017,5,ATCM42_wp036_e,2019,-2,0.7784332036972046,ATCM43_wp014_e,2021,-4,0.9587854
Decision 652,Decision,2017,6,ATCM44_wp048_e,2022,-5,0.773944616317749,ATCM42_wp036_e,2019,-2,0.9565693
Decision 652,Decision,2017,7,ATCM45_wp048_e,2023,-6,0.7605956792831421,ATCM44_wp048_e,2022,-5,0.9537254
Decision 652,Decision,2017,8,ATCM38_wp037_e,2015,2,0.7474761009216309,ATCM40_wp002_e,2017,0,0.93357635
Decision 652,Decision,2017,9,ATCM46_wp006_e,2024,-7,0.7434836626052856,ATCM44_wp007_e,2022,-5,0.93035704
Decision 652,Decision,2017,10,ATCM47_wp036_e,2025,-8,0.7425975799560547,ATCM38_wp037_e,2015,2,0.88995034
nan 307,Untyped,1981,1,ATCM11_wp017_e,1981,0,0.8063375949859619,ATCM11_wp019_e,1981,0,0.9000389
nan 307,Untyped,1981,2,ATCM14_wp003_e,1987,-6,0.7383249998092651,ATCM11_wp017_e,1981,0,0.8951933
nan 307,Untyped,1981,3,ATCM16_wp005_e,1991,-10,0.721211314201355,ATCM11_wp036_e,1981,0,0.8661778
nan 307,Untyped,1981,4,ATCM9_wp069_e,1977,4,0.7161608934402466,ATCM16_wp005_e,1991,-10,0.86041605
nan 307,Untyped,1981,5,ATCM14_wp026_e,1987,-6,0.712946891784668,ATCM14_wp003_e,1987,-6,0.8457387
nan 307,Untyped,1981,6,ATCM3_wp022_rev1_e,1964,17,0.7111554741859436,ATCM14_wp026_e,1987,-6,0.8331075
nan 307,Untyped,1981,7,ATCM11_wp019_e,1981,0,0.7082667350769043,ATCM3_wp022_rev1_e,1964,17,0.8270472
nan 307,Untyped,1981,8,ATCM8_wp051_e,1975,6,0.7081445455551147,ATCM12_wp027_rev1_e,1983,-2,0.7915634
nan 307,Untyped,1981,9,ATCM12_wp027_rev1_e,1983,-2,0.7066210508346558,ATCM8_wp051_e,1975,6,0.79027146
nan 307,Untyped,1981,10,ATCM11_wp036_e,1981,0,0.7059168815612793,ATCM9_wp069_e,1977,4,0.75750744
Measure 319,Measure,2004,1,ATCM47_wp009_e,2025,-21,0.8319478034973145,ATCM47_wp009_e,2025,-21,0.9841912
Measure 319,Measure,2004,2,ATCM44_wp005_e,2022,-18,0.8168846368789673,ATCM44_wp005_e,2022,-18,0.97459
Measure 319,Measure,2004,3,ATCM43_wp002_rev1_e,2021,-17,0.8152270317077637,ATCM43_wp002_rev1_e,2021,-17,0.96996796
Measure 319,Measure,2004,4,ATCM37_wp030_e,2014,-10,0.8070489764213562,ATCM37_wp030_e,2014,-10,0.96833336
Measure 319,Measure,2004,5,ATCM32_wp040_e,2009,-5,0.8026142120361328,ATCM32_wp040_e,2009,-5,0.96760666
Measure 319,Measure,2004,6,ATCM38_wp026_e,2015,-11,0.8019241094589233,ATCM38_wp026_e,2015,-11,0.9538974
Measure 319,Measure,2004,7,ATCM16_wp054_e,1991,13,0.801917552947998,ATCM24_wp033_e,2001,3,0.9407027
Measure 319,Measure,2004,8,ATCM24_wp033_e,2001,3,0.8008344173431396,ATCM16_wp057_e,1991,13,0.88763386
Measure 319,Measure,2004,9,ATCM27_wp005_e,2004,0,0.7980583906173706,ATCM16_wp054_e,1991,13,0.8768876
Measure 319,Measure,2004,10,ATCM16_wp057_e,1991,13,0.7971707582473755,ATCM27_wp005_e,2004,0,0.596057
Recommendation 171,Recommendation,1989,1,ATCM15_wp023_e,1989,0,0.8395788669586182,ATCM17_wp008_e,1992,-3,0.9572139
Recommendation 171,Recommendation,1989,2,ATCM17_wp008_e,1992,-3,0.8152112364768982,ATCM17_wp029_e,1992,-3,0.9564067
Recommendation 171,Recommendation,1989,3,ATCM10_wp048_rev2_e,1979,10,0.8136773109436035,ATCM15_wp023_e,1989,0,0.9151686
Recommendation 171,Recommendation,1989,4,ATCM10_wp048_rev1_e,1979,10,0.8134238123893738,ATCM9_wp080_e,1977,12,0.8613517
Recommendation 171,Recommendation,1989,5,ATCM10_wp048_e,1979,10,0.8132359981536865,ATCM10_wp048_rev2_e,1979,10,0.8566205
Recommendation 171,Recommendation,1989,6,ATCM10_wp030_e,1979,10,0.8111063241958618,ATCM10_wp048_rev1_e,1979,10,0.8542049
Recommendation 171,Recommendation,1989,7,ATCM9_wp080_e,1977,12,0.8082536458969116,ATCM10_wp048_e,1979,10,0.84877175
Recommendation 171,Recommendation,1989,8,ATCM17_wp029_e,1992,-3,0.8066989183425903,ATCM11_wp037_e,1981,8,0.8467552
Recommendation 171,Recommendation,1989,9,ATCM11_wp037_e,1981,8,0.8039696216583252,ATCM10_wp030_rev2_e,1979,10,0.8395235
Recommendation 171,Recommendation,1989,10,ATCM10_wp030_rev2_e,1979,10,0.7970931529998779,ATCM10_wp030_e,1979,10,0.8202392
Measure 668,Measure,2018,1,ATCM41_wp004_e,2018,0,0.8965896368026733,ATCM36_wp012_e,2013,5,0.9780182
Measure 668,Measure,2018,2,ATCM36_wp012_e,2013,5,0.8952353596687317,ATCM45_wp006_e,2023,-5,0.9727894
Measure 668,Measure,2018,3,ATCM45_wp006_e,2023,-5,0.8889966011047363,ATCM41_wp004_e,2018,0,0.9704198
Measure 668,Measure,2018,4,ATCM16_wp015_e,1991,27,0.8565652966499329,ATCM16_wp015_e,1991,27,0.9312377
Measure 668,Measure,2018,5,ATCM44_wp043_e,2022,-4,0.8368946313858032,ATCM41_wp031_e,2018,0,0.9140675
Measure 668,Measure,2018,6,ATCM44_wp042_e,2022,-4,0.8234890699386597,ATCM36_wp059_e,2013,5,0.91029847
Measure 668,Measure,2018,7,ATCM36_wp059_e,2013,5,0.8234161734580994,ATCM37_wp058_rev1_e,2014,4,0.9083053
Measure 668,Measure,2018,8,ATCM40_wp011_rev1_e,2017,1,0.8233799934387207,ATCM44_wp042_e,2022,-4,0.8958329
Measure 668,Measure,2018,9,ATCM41_wp031_e,2018,0,0.8233456611633301,ATCM44_wp043_e,2022,-4,0.88879734
Measure 668,Measure,2018,10,ATCM37_wp058_rev1_e,2014,4,0.8218591809272766,ATCM40_wp011_rev1_e,2017,1,0.88347745
Recommendation 113,Recommendation,1975,1,ATCM8_wp046_e,1975,0,0.9336642026901245,ATCM8_wp046_e,1975,0,0.9488415
Recommendation 113,Recommendation,1975,2,ATCM9_wp049_rev1_e,1977,-2,0.8609825372695923,ATCM9_wp049_rev1_e,1977,-2,0.9346581
Recommendation 113,Recommendation,1975,3,ATCM6_wp019_rev1_e,1970,5,0.8482632637023926,ATCM15_wp021_e,1989,-14,0.9236199
Recommendation 113,Recommendation,1975,4,ATCM6_wp019_e,1970,5,0.8469406366348267,ATCM8_wp009_e,1975,0,0.9178124
Recommendation 113,Recommendation,1975,5,ATCM8_wp009_e,1975,0,0.833534836769104,ATCM12_wp018_e,1983,-8,0.91084516
Recommendation 113,Recommendation,1975,6,ATCM7_wp029_rev1_e,1972,3,0.8232187628746033,ATCM6_wp019_e,1970,5,0.90362644
Recommendation 113,Recommendation,1975,7,ATCM7_wp032_e,1972,3,0.8223854899406433,ATCM6_wp019_rev1_e,1970,5,0.89897954
Recommendation 113,Recommendation,1975,8,ATCM7_wp015_e,1972,3,0.8183143138885498,ATCM7_wp029_rev1_e,1972,3,0.89637846
Recommendation 113,Recommendation,1975,9,ATCM12_wp018_e,1983,-8,0.8139694929122925,ATCM7_wp015_e,1972,3,0.8932535
Recommendation 113,Recommendation,1975,10,ATCM15_wp021_e,1989,-14,0.8136675357818604,ATCM7_wp032_e,1972,3,0.88937515
Decision 361,Decision,2006,1,ATCM27_wp030_rev1_e,2004,2,0.8793764114379883,ATCM26_wp005_e,2003,3,0.9514318
Decision 361,Decision,2006,2,ATCM26_wp011_e,2003,3,0.8298559784889221,ATCM26_wp011_e,2003,3,0.9495946
Decision 361,Decision,2006,3,ATCM26_wp005_e,2003,3,0.8068161010742188,ATCM27_wp030_rev1_e,2004,2,0.9447098
Decision 361,Decision,2006,4,ATCM27_wp029_e,2004,2,0.7575799226760864,ATCM26_wp012_e,2003,3,0.9211025
Decision 361,Decision,2006,5,ATCM25_wp049_e,2002,4,0.7554270029067993,ATCM27_wp029_e,2004,2,0.92074686
Decision 361,Decision,2006,6,ATCM25_wp046_e,2002,4,0.7501809000968933,ATCM24_wp037_e,2001,5,0.9124868
Decision 361,Decision,2006,7,ATCM26_wp012_e,2003,3,0.7477487325668335,ATCM25_wp049_e,2002,4,0.9048525
Decision 361,Decision,2006,8,ATCM18_wp008_e,1994,12,0.7409604787826538,ATCM25_wp046_e,2002,4,0.90117526
Decision 361,Decision,2006,9,ATCM24_wp037_e,2001,5,0.7320374846458435,ATCM25_wp044_e,2002,4,0.8945502
Decision 361,Decision,2006,10,ATCM25_wp044_e,2002,4,0.7318066358566284,ATCM18_wp008_e,1994,12,0.8670808
Decision 553,Decision,2013,1,ATCM36_wp051_rev1_e,2013,0,0.9503864049911499,ATCM36_wp051_rev1_e,2013,0,0.98665434
Decision 553,Decision,2013,2,ATCM42_wp028_e,2019,-6,0.8946517109870911,ATCM42_wp028_e,2019,-6,0.9572139
Decision 553,Decision,2013,3,ATCM46_wp059_e,2024,-11,0.8272583484649658,ATCM46_wp059_e,2024,-11,0.94357675
Decision 553,Decision,2013,4,ATCM11_wp005_e,1981,32,0.8054970502853394,ATCM13_wp034_e,1985,28,0.8770983
Decision 553,Decision,2013,5,ATCM11_wp038_e,1981,32,0.7927649617195129,ATCM18_wp020_e,1994,19,0.87433493
Decision 553,Decision,2013,6,ATCM18_wp020_e,1994,19,0.7913609147071838,ATCM2_wp020_e,1962,51,0.87020063
Decision 553,Decision,2013,7,ATCM2_wp020_e,1962,51,0.788180947303772,ATCM11_wp005_e,1981,32,0.8352686
Decision 553,Decision,2013,8,ATCM12_wp026_e,1983,30,0.7860862612724304,ATCM12_wp026_e,1983,30,0.83256364
Decision 553,Decision,2013,9,ATCM12_wp011_e,1983,30,0.7852907180786133,ATCM11_wp038_e,1981,32,0.8208144
Decision 553,Decision,2013,10,ATCM13_wp034_e,1985,28,0.776421308517456,ATCM12_wp011_e,1983,30,0.7810635
Recommendation 89,Recommendation,1970,1,ATCM6_wp005_rev1_e,1970,0,0.9235520362854004,ATCM14_wp013_e,1987,-17,0.9706433
Recommendation 89,Recommendation,1970,2,ATCM6_wp005_e,1970,0,0.9208313822746277,ATCM14_wp031_rev1_e,1987,-17,0.9605984
Recommendation 89,Recommendation,1970,3,ATCM5_wp046_e,1968,2,0.8773130774497986,ATCM6_wp005_e,1970,0,0.95607984
Recommendation 89,Recommendation,1970,4,ATCM14_wp013_e,1987,-17,0.8747677803039551,ATCM6_wp005_rev1_e,1970,0,0.9533793
Recommendation 89,Recommendation,1970,5,ATCM14_wp031_rev1_e,1987,-17,0.855841875076294,ATCM31_wp061_e,2008,-38,0.94305456
Recommendation 89,Recommendation,1970,6,ATCM1_wp006_e,1961,9,0.811613917350769,ATCM20_wp013_e,1996,-26,0.942422
Recommendation 89,Recommendation,1970,7,ATCM20_wp013_e,1996,-26,0.8083277940750122,ATCM5_wp046_e,1968,2,0.93993545
Recommendation 89,Recommendation,1970,8,ATCM30_wp038_e,2007,-37,0.8040260076522827,ATCM7_wp011_e,1972,-2,0.9388232
Recommendation 89,Recommendation,1970,9,ATCM31_wp061_e,2008,-38,0.7968764305114746,ATCM30_wp038_e,2007,-37,0.9380332
Recommendation 89,Recommendation,1970,10,ATCM7_wp011_e,1972,-2,0.7942318916320801,ATCM1_wp006_e,1961,9,0.9311125
Measure 726,Measure,2021,1,ATCM43_wp009_rev1_e,2021,0,0.9223875999450684,ATCM43_wp009_rev1_e,2021,0,0.97459
Measure 726,Measure,2021,2,ATCM38_wp042_e,2015,6,0.9009354114532471,ATCM38_wp042_e,2015,6,0.9723727
Measure 726,Measure,2021,3,ATCM33_wp055_rev1_e,2010,11,0.8768962621688843,ATCM33_wp055_rev1_e,2010,11,0.96785074
Measure 726,Measure,2021,4,ATCM28_wp024_e,2005,16,0.8488731384277344,ATCM26_wp038_e,2003,18,0.961331
Measure 726,Measure,2021,5,ATCM27_wp035_e,2004,17,0.8322042226791382,ATCM28_wp025_e,2005,16,0.9540689
Measure 726,Measure,2021,6,ATCM28_wp025_e,2005,16,0.7993522882461548,ATCM28_wp024_e,2005,16,0.94903076
Measure 726,Measure,2021,7,ATCM27_wp033_e,2004,17,0.792611837387085,ATCM27_wp033_e,2004,17,0.94572115
Measure 726,Measure,2021,8,ATCM26_wp038_e,2003,18,0.7842190861701965,ATCM27_wp035_e,2004,17,0.9330902
Measure 726,Measure,2021,9,ATCM25_wp047_e,2002,19,0.7796058654785156,ATCM25_wp047_e,2002,19,0.90701616
Measure 726,Measure,2021,10,ATCM43_wp045_e,2021,0,0.7766181230545044,ATCM43_wp045_e,2021,0,0.8956505
Measure 605,Measure,2015,1,ATCM38_wp017_e,2015,0,0.8523787260055542,ATCM38_wp031_rev1_e,2015,0,0.98099285
Measure 605,Measure,2015,2,ATCM38_wp031_rev1_e,2015,0,0.82337486743927,ATCM38_wp017_e,2015,0,0.97750866
Measure 605,Measure,2015,3,ATCM35_wp036_e,2012,3,0.7336262464523315,ATCM26_wp017_rev1_e,2003,12,0.9723727
Measure 605,Measure,2015,4,ATCM6_wp009_e,1970,45,0.7075968384742737,ATCM26_wp017_e,2003,12,0.9723727
Measure 605,Measure,2015,5,ATCM26_wp017_rev1_e,2003,12,0.7032198905944824,ATCM35_wp036_e,2012,3,0.9671134
Measure 605,Measure,2015,6,ATCM26_wp017_e,2003,12,0.7022131681442261,ATCM7_wp034_rev2_e,1972,43,0.9610396
Measure 605,Measure,2015,7,ATCM7_wp034_rev2_e,1972,43,0.6899573802947998,ATCM7_wp034_rev1_e,1972,43,0.9600028
Measure 605,Measure,2015,8,ATCM7_wp034_rev1_e,1972,43,0.6847120523452759,ATCM7_wp034_rev3_e,1972,43,0.95607984
Measure 605,Measure,2015,9,ATCM7_wp034_rev3_e,1972,43,0.6799944639205933,ATCM6_wp009_e,1970,45,0.9455202
Measure 605,Measure,2015,10,ATCM5_wp031_rev1_e,1968,47,0.6746112108230591,ATCM5_wp031_rev1_e,1968,47,0.926197
Decision 694,Decision,2019,1,ATCM43_wp060_rev1_e,2021,-2,0.9148431420326233,ATCM42_wp065_e,2019,0,0.98431224
Decision 694,Decision,2019,2,ATCM42_wp065_e,2019,0,0.8955127596855164,ATCM43_wp060_rev1_e,2021,-2,0.9768113
Decision 694,Decision,2019,3,ATCM32_wp003_e,2009,10,0.8835111856460571,ATCM44_wp052_e,2022,-3,0.9453187
Decision 694,Decision,2019,4,ATCM31_wp061_e,2008,11,0.8827828168869019,ATCM24_wp016_e,2001,18,0.9401556
Decision 694,Decision,2019,5,ATCM24_wp016_e,2001,18,0.871314287185669,ATCM31_wp061_e,2008,11,0.9340591
Decision 694,Decision,2019,6,ATCM30_wp038_e,2007,12,0.8577055931091309,ATCM30_wp038_e,2007,12,0.93210804
Decision 694,Decision,2019,7,ATCM25_wp004_e,2002,17,0.8362666368484497,ATCM35_wp046_e,2012,7,0.92592955
Decision 694,Decision,2019,8,ATCM35_wp046_e,2012,7,0.8357697129249573,ATCM25_wp004_e,2002,17,0.91858256
Decision 694,Decision,2019,9,ATCM44_wp052_e,2022,-3,0.8201313018798828,ATCM32_wp003_e,2009,10,0.91655135
Decision 694,Decision,2019,10,ATCM33_wp047_e,2010,9,0.8151869773864746,ATCM33_wp047_e,2010,9,0.9061892
Measure 587,Measure,2015,1,ATCM43_wp050_e,2021,-6,0.8871561288833618,ATCM43_wp050_e,2021,-6,0.9766336
Measure 587,Measure,2015,2,ATCM28_wp042_e,2005,10,0.885384202003479,ATCM38_wp010_e,2015,0,0.97478276
Measure 587,Measure,2015,3,ATCM38_wp010_e,2015,0,0.8628438711166382,ATCM28_wp042_e,2005,10,0.9610396
Measure 587,Measure,2015,4,ATCM33_wp038_e,2010,5,0.8601093888282776,ATCM33_wp038_e,2010,5,0.9586308
Measure 587,Measure,2015,5,ATCM43_wp029_e,2021,-6,0.8505945205688477,ATCM43_wp029_e,2021,-6,0.92348194
Measure 587,Measure,2015,6,ATCM38_wp012_e,2015,0,0.8472508788108826,ATCM38_wp012_e,2015,0,0.9195631
Measure 587,Measure,2015,7,ATCM39_wp026_e,2016,-1,0.8116263747215271,ATCM43_wp003_e,2021,-6,0.9189834
Measure 587,Measure,2015,8,ATCM35_wp058_e,2012,3,0.8102213144302368,ATCM41_wp031_e,2018,-3,0.9097387
Measure 587,Measure,2015,9,ATCM43_wp003_e,2021,-6,0.8071601986885071,ATCM39_wp026_e,2016,-1,0.90117526
Measure 587,Measure,2015,10,ATCM41_wp031_e,2018,-3,0.8070797920227051,ATCM35_wp058_e,2012,3,0.878356
Measure 712,Measure,2021,1,ATCM43_wp029_e,2021,0,0.8915685415267944,ATCM43_wp029_e,2021,0,0.97716254
Measure 712,Measure,2021,2,ATCM38_wp012_e,2015,6,0.8908956050872803,ATCM38_wp012_e,2015,6,0.9753525
Measure 712,Measure,2021,3,ATCM28_wp042_e,2005,16,0.8585377931594849,ATCM33_wp038_e,2010,11,0.95705354
Measure 712,Measure,2021,4,ATCM33_wp038_e,2010,11,0.8372841477394104,ATCM28_wp042_e,2005,16,0.9521488
Measure 712,Measure,2021,5,ATCM43_wp050_e,2021,0,0.8226227760314941,ATCM43_wp028_e,2021,0,0.9102586
Measure 712,Measure,2021,6,ATCM44_wp032_e,2022,-1,0.8066443204879761,ATCM43_wp050_e,2021,0,0.90814245
Measure 712,Measure,2021,7,ATCM44_wp045_e,2022,-1,0.8053942918777466,ATCM44_wp045_e,2022,-1,0.9025151
Measure 712,Measure,2021,8,ATCM43_wp028_e,2021,0,0.8026853799819946,ATCM44_wp032_e,2022,-1,0.9005648
Measure 712,Measure,2021,9,ATCM44_wp040_e,2022,-1,0.8024135231971741,ATCM43_wp020_e,2021,0,0.8945502
Measure 712,Measure,2021,10,ATCM43_wp020_e,2021,0,0.8019496202468872,ATCM44_wp040_e,2022,-1,0.8872437
Measure 589,Measure,2015,1,ATCM43_wp028_e,2021,-6,0.8838551044464111,ATCM38_wp009_e,2015,0,0.9769875
Measure 589,Measure,2015,2,ATCM38_wp009_e,2015,0,0.8473403453826904,ATCM43_wp028_e,2021,-6,0.9766336
Measure 589,Measure,2015,3,ATCM28_wp042_e,2005,10,0.8236290812492371,ATCM28_wp042_e,2005,10,0.95769125
Measure 589,Measure,2015,4,ATCM37_wp052_e,2014,1,0.8039668798446655,ATCM33_wp038_e,2010,5,0.9568927
Measure 589,Measure,2015,5,ATCM33_wp038_e,2010,5,0.8009594678878784,ATCM4_wp048_rev1_e,1966,49,0.93247795
Measure 589,Measure,2015,6,ATCM4_wp048_rev1_e,1966,49,0.7869828939437866,ATCM4_wp048_e,1966,49,0.91832656
Measure 589,Measure,2015,7,ATCM38_wp026_e,2015,0,0.7844300270080566,ATCM38_wp026_e,2015,0,0.91400516
Measure 589,Measure,2015,8,ATCM4_wp048_e,1966,49,0.7839863896369934,ATCM37_wp052_e,2014,1,0.9006522
Measure 589,Measure,2015,9,ATCM43_wp020_e,2021,-6,0.7839295864105225,ATCM35_wp044_e,2012,3,0.8999509
Measure 589,Measure,2015,10,ATCM35_wp044_e,2012,3,0.7825713157653809,ATCM43_wp020_e,2021,-6,0.8975517
nan 708,Untyped,2019,1,ATCM42_wp029_e,2019,0,0.8692345023155212,ATCM42_wp029_e,2019,0,0.9713038
nan 708,Untyped,2019,2,ATCM31_wp031_e,2008,11,0.8405202031135559,ATCM46_wp026_e,2024,-5,0.9598525
nan 708,Untyped,2019,3,ATCM36_wp036_e,2013,6,0.833107054233551,ATCM36_wp036_e,2013,6,0.9503373
nan 708,Untyped,2019,4,ATCM32_wp040_e,2009,10,0.8142385482788086,ATCM46_wp027_e,2024,-5,0.9473031
nan 708,Untyped,2019,5,ATCM46_wp026_e,2024,-5,0.8133622407913208,ATCM46_wp028_e,2024,-5,0.9447098
nan 708,Untyped,2019,6,ATCM46_wp027_e,2024,-5,0.8126022815704346,ATCM31_wp031_e,2008,11,0.9365409
nan 708,Untyped,2019,7,ATCM41_wp002_e,2018,1,0.8001523017883301,ATCM32_wp040_e,2009,10,0.92592955
nan 708,Untyped,2019,8,ATCM38_wp026_e,2015,4,0.7976815700531006,ATCM41_wp002_e,2018,1,0.906438
nan 708,Untyped,2019,9,ATCM37_wp019_e,2014,5,0.7916550636291504,ATCM37_wp019_e,2014,5,0.896106
nan 708,Untyped,2019,10,ATCM46_wp028_e,2024,-5,0.7872848510742188,ATCM38_wp026_e,2015,4,0.84877175
Measure 242,Measure,1997,1,ATCM21_wp003_e,1997,0,0.8722133636474609,ATCM21_wp003_e,1997,0,0.9523265
Measure 242,Measure,1997,2,ATCM21_wp015_rev2_e,1997,0,0.7907767295837402,ATCM21_wp015_rev2_e,1997,0,0.9344191
Measure 242,Measure,1997,3,ATCM7_wp034_rev2_e,1972,25,0.758731484413147,ATCM7_wp034_rev2_e,1972,25,0.89537644
Measure 242,Measure,1997,4,ATCM7_wp034_rev3_e,1972,25,0.7586089372634888,ATCM7_wp034_rev3_e,1972,25,0.88763386
Measure 242,Measure,1997,5,ATCM7_wp034_rev1_e,1972,25,0.758284330368042,ATCM7_wp034_rev1_e,1972,25,0.88063294
Measure 242,Measure,1997,6,ATCM11_wp029_e,1981,16,0.748569905757904,ATCM11_wp029_e,1981,16,0.8768876
Measure 242,Measure,1997,7,ATCM6_wp009_rev1_e,1970,27,0.7341541051864624,ATCM6_wp009_rev1_e,1970,27,0.8507664
Measure 242,Measure,1997,8,ATCM5_wp031_rev1_e,1968,29,0.7302445769309998,ATCM6_wp009_e,1970,27,0.8497718
Measure 242,Measure,1997,9,ATCM6_wp009_e,1970,27,0.7288272380828857,ATCM41_wp015_e,2018,-21,0.84877175
Measure 242,Measure,1997,10,ATCM41_wp015_e,2018,-21,0.7123947143554688,ATCM5_wp031_rev1_e,1968,29,0.8320184
Recommendation 61,Recommendation,1966,1,ATCM4_wp027_rev1_e,1966,0,0.7938944101333618,ATCM4_wp027_e,1966,0,0.9655894
Recommendation 61,Recommendation,1966,2,ATCM4_wp027_e,1966,0,0.7846707105636597,ATCM4_wp027_rev1_e,1966,0,0.9650665
Recommendation 61,Recommendation,1966,3,ATCM4_wp024_e,1966,0,0.7218164205551147,ATCM4_wp024_e,1966,0,0.9627573
Recommendation 61,Recommendation,1966,4,ATCM12_wp013_e,1983,-17,0.6652840375900269,ATCM8_wp008_e,1975,-9,0.94430023
Recommendation 61,Recommendation,1966,5,ATCM24_wp007_e,2001,-35,0.6557021141052246,ATCM7_wp035_e,1972,-6,0.93272346
Recommendation 61,Recommendation,1966,6,ATCM11_wp038_e,1981,-15,0.6319924592971802,ATCM12_wp013_e,1983,-17,0.8927871
Recommendation 61,Recommendation,1966,7,ATCM7_wp035_e,1972,-6,0.6275192499160767,ATCM11_wp038_e,1981,-15,0.8872437
Recommendation 61,Recommendation,1966,8,ATCM8_wp008_e,1975,-9,0.6172518730163574,ATCM11_wp030_e,1981,-15,0.88407934
Recommendation 61,Recommendation,1966,9,ATCM16_wp032_e,1991,-25,0.6146534085273743,ATCM16_wp032_e,1991,-25,0.87020063
Recommendation 61,Recommendation,1966,10,ATCM11_wp030_e,1981,-15,0.6117092967033386,ATCM24_wp007_e,2001,-35,0.82480085
Measure 591,Measure,2015,1,ATCM43_wp022_e,2021,-6,0.8959048986434937,ATCM33_wp031_e,2010,5,0.9695095
Measure 591,Measure,2015,2,ATCM33_wp031_e,2010,5,0.8439849615097046,ATCM43_wp022_e,2021,-6,0.96686405
Measure 591,Measure,2015,3,ATCM38_wp026_e,2015,0,0.8310689330101013,ATCM38_wp026_e,2015,0,0.95491725
Measure 591,Measure,2015,4,ATCM46_wp023_e,2024,-9,0.7998777627944946,ATCM28_wp042_e,2005,10,0.92485076
Measure 591,Measure,2015,5,ATCM28_wp042_e,2005,10,0.7997680306434631,ATCM39_wp026_e,2016,-1,0.89862424
Measure 591,Measure,2015,6,ATCM43_wp020_e,2021,-6,0.7995544075965881,ATCM43_wp020_e,2021,-6,0.89231884
Measure 591,Measure,2015,7,ATCM36_wp030_e,2013,2,0.7987902760505676,ATCM36_wp030_e,2013,2,0.892037
Measure 591,Measure,2015,8,ATCM39_wp026_e,2016,-1,0.7921628355979919,ATCM46_wp023_e,2024,-9,0.8909032
Measure 591,Measure,2015,9,ATCM35_wp060_e,2012,3,0.7906678915023804,ATCM44_wp043_e,2022,-7,0.88975894
Measure 591,Measure,2015,10,ATCM44_wp043_e,2022,-7,0.7903081178665161,ATCM35_wp060_e,2012,3,0.87476355
Recommendation 98,Recommendation,1972,1,ATCM7_wp052_e,1972,0,0.9459976553916931,ATCM7_wp054_e,1972,0,0.9584756
Recommendation 98,Recommendation,1972,2,ATCM7_wp022_e,1972,0,0.8972731232643127,ATCM7_wp052_e,1972,0,0.9552524
Recommendation 98,Recommendation,1972,3,ATCM7_wp040_e,1972,0,0.8839220404624939,ATCM7_wp022_e,1972,0,0.951612
Recommendation 98,Recommendation,1972,4,ATCM7_wp030_e,1972,0,0.881325364112854,ATCM7_wp040_e,1972,0,0.94865155
Recommendation 98,Recommendation,1972,5,ATCM7_wp054_e,1972,0,0.8587428331375122,ATCM7_wp030_e,1972,0,0.94572115
Recommendation 98,Recommendation,1972,6,ATCM1_wp031_e,1961,11,0.8514116406440735,ATCM9_wp079_e,1977,-5,0.9340591
Recommendation 98,Recommendation,1972,7,ATCM12_wp023_e,1983,-11,0.8465747833251953,ATCM12_wp023_e,1983,-11,0.93381816
Recommendation 98,Recommendation,1972,8,ATCM6_wp010_rev1_e,1970,2,0.8411424160003662,ATCM5_wp009_e,1968,4,0.92706007
Recommendation 98,Recommendation,1972,9,ATCM5_wp009_e,1968,4,0.8379079103469849,ATCM6_wp010_rev1_e,1970,2,0.9215979
Recommendation 98,Recommendation,1972,10,ATCM9_wp079_e,1977,-5,0.8357932567596436,ATCM1_wp031_e,1961,11,0.8976414
Measure 710,Measure,2021,1,ATCM43_wp031_e,2021,0,0.8923829793930054,ATCM37_wp021_e,2014,7,0.9729954
Measure 710,Measure,2021,2,ATCM37_wp021_e,2014,7,0.8871749639511108,ATCM30_wp008_e,2007,14,0.96785074
Measure 710,Measure,2021,3,ATCM30_wp008_e,2007,14,0.8401947617530823,ATCM43_wp031_e,2021,0,0.961331
Measure 710,Measure,2021,4,ATCM36_wp063_e,2013,8,0.7928088903427124,ATCM28_wp027_rev1_e,2005,16,0.9580066
Measure 710,Measure,2021,5,ATCM28_wp027_rev1_e,2005,16,0.7774624228477478,ATCM47_wp009_e,2025,-4,0.90169585
Measure 710,Measure,2021,6,ATCM47_wp009_e,2025,-4,0.7723882794380188,ATCM45_wp059_e,2023,-2,0.8924126
Measure 710,Measure,2021,7,ATCM45_wp059_e,2023,-2,0.7701005935668945,ATCM38_wp041_e,2015,6,0.89033234
Measure 710,Measure,2021,8,ATCM36_wp030_e,2013,8,0.7680439949035645,ATCM36_wp063_e,2013,8,0.8901415
Measure 710,Measure,2021,9,ATCM46_wp023_e,2024,-3,0.7679283618927002,ATCM46_wp023_e,2024,-3,0.87646526
Measure 710,Measure,2021,10,ATCM38_wp041_e,2015,6,0.7653988599777222,ATCM36_wp030_e,2013,8,0.87604177
Recommendation 71,Recommendation,1968,1,ATCM5_wp045_e,1968,0,0.8937667608261108,ATCM5_wp045_e,1968,0,0.9403749
Recommendation 71,Recommendation,1968,2,ATCM4_wp042_rev2_e,1966,2,0.7876904010772705,ATCM4_wp042_rev2_e,1966,2,0.9127989
Recommendation 71,Recommendation,1968,3,ATCM8_wp001_e,1975,-7,0.7821705341339111,ATCM4_wp042_rev1_e,1966,2,0.90260106
Recommendation 71,Recommendation,1968,4,ATCM4_wp042_rev1_e,1966,2,0.7798290848731995,ATCM4_wp049_e,1966,2,0.8937182
Recommendation 71,Recommendation,1968,5,ATCM31_wp047_e,2008,-40,0.7746063470840454,ATCM8_wp001_e,1975,-7,0.88879734
Recommendation 71,Recommendation,1968,6,ATCM4_wp042_e,1966,2,0.7741203308105469,ATCM4_wp042_e,1966,2,0.88447905
Recommendation 71,Recommendation,1968,7,ATCM16_wp054_rev1_e,1991,-23,0.7690409421920776,ATCM16_wp054_rev1_e,1991,-23,0.8517556
Recommendation 71,Recommendation,1968,8,ATCM8_wp011_e,1975,-7,0.7681328058242798,ATCM16_wp054_e,1991,-23,0.8395235
Recommendation 71,Recommendation,1968,9,ATCM4_wp049_e,1966,2,0.7676891088485718,ATCM31_wp047_e,2008,-40,0.82927084
Recommendation 71,Recommendation,1968,10,ATCM16_wp054_e,1991,-23,0.7662609815597534,ATCM8_wp011_e,1975,-7,0.80354404
Measure 593,Measure,2015,1,ATCM38_wp002_e,2015,0,0.8739579319953918,ATCM33_wp019_rev1_e,2010,5,0.9829285
Measure 593,Measure,2015,2,ATCM33_wp019_rev1_e,2010,5,0.8667502999305725,ATCM38_wp002_e,2015,0,0.9817077
Measure 593,Measure,2015,3,ATCM35_wp044_e,2012,3,0.8207871913909912,ATCM44_wp005_e,2022,-7,0.9501526
Measure 593,Measure,2015,4,ATCM35_wp058_e,2012,3,0.8188368082046509,ATCM16_wp014_e,1991,24,0.94188976
Measure 593,Measure,2015,5,ATCM44_wp005_e,2022,-7,0.8166377544403076,ATCM43_wp002_rev1_e,2021,-6,0.93915886
Measure 593,Measure,2015,6,ATCM43_wp002_rev1_e,2021,-6,0.8126758933067322,ATCM37_wp054_e,2014,1,0.9120179
Measure 593,Measure,2015,7,ATCM16_wp014_e,1991,24,0.8095611333847046,ATCM45_wp054_rev1_e,2023,-8,0.9117726
Measure 593,Measure,2015,8,ATCM37_wp054_e,2014,1,0.8074849843978882,ATCM35_wp044_e,2012,3,0.90713954
Measure 593,Measure,2015,9,ATCM36_wp059_e,2013,2,0.8069736957550049,ATCM36_wp059_e,2013,2,0.9042623
Measure 593,Measure,2015,10,ATCM45_wp054_rev1_e,2023,-8,0.8068941831588745,ATCM35_wp058_e,2012,3,0.86685556
Measure 573,Measure,2014,1,ATCM46_wp012_rev1_e,2024,-10,0.8817640542984009,ATCM46_wp012_rev1_e,2024,-10,0.96833336
Measure 573,Measure,2014,2,ATCM35_wp019_e,2012,2,0.8806617856025696,ATCM42_wp009_e,2019,-5,0.96532893
Measure 573,Measure,2014,3,ATCM42_wp009_e,2019,-5,0.8627316951751709,ATCM35_wp019_e,2012,2,0.95939845
Measure 573,Measure,2014,4,ATCM31_wp025_rev1_e,2008,6,0.8103572130203247,ATCM25_wp016_e,2002,12,0.92672926
Measure 573,Measure,2014,5,ATCM8_wp002_e,1975,39,0.8068009614944458,ATCM31_wp025_rev1_e,2008,6,0.92485076
Measure 573,Measure,2014,6,ATCM16_wp013_e,1991,23,0.8042981624603271,ATCM36_wp063_e,2013,1,0.91203254
Measure 573,Measure,2014,7,ATCM38_wp026_e,2015,-1,0.8026732206344604,ATCM38_wp026_e,2015,-1,0.9095581
Measure 573,Measure,2014,8,ATCM46_wp023_e,2024,-10,0.801639199256897,ATCM16_wp013_e,1991,23,0.90848804
Measure 573,Measure,2014,9,ATCM36_wp063_e,2013,1,0.8011946082115173,ATCM46_wp023_e,2024,-10,0.90535575
Measure 573,Measure,2014,10,ATCM25_wp016_e,2002,12,0.7942195534706116,ATCM8_wp002_e,1975,39,0.8546907
Decision 253,Decision,1998,1,ATCM21_wp028_e,1997,1,0.8885399103164673,ATCM22_wp015_e,1998,0,0.9533793
Decision 253,Decision,1998,2,ATCM17_wp011_e,1992,6,0.8699096441268921,ATCM22_wp001_e,1998,0,0.9528557
Decision 253,Decision,1998,3,ATCM20_wp031_e,1996,2,0.8607892394065857,ATCM18_wp002_e,1994,4,0.9514318
Decision 253,Decision,1998,4,ATCM18_wp002_e,1994,4,0.8604652881622314,ATCM20_wp031_e,1996,2,0.9505213
Decision 253,Decision,1998,5,ATCM22_wp015_e,1998,0,0.8599311709403992,ATCM27_wp006_e,2004,-6,0.94940734
Decision 253,Decision,1998,6,ATCM22_wp001_e,1998,0,0.8547490239143372,ATCM28_wp070_e,2005,-7,0.9459213
Decision 253,Decision,1998,7,ATCM28_wp070_e,2005,-7,0.8509176969528198,ATCM21_wp028_e,1997,1,0.935252
Decision 253,Decision,1998,8,ATCM17_wp008_e,1992,6,0.8494824171066284,ATCM17_wp008_e,1992,6,0.9302938
Decision 253,Decision,1998,9,ATCM17_wp029_e,1992,6,0.8477315902709961,ATCM17_wp011_e,1992,6,0.92991287
Decision 253,Decision,1998,10,ATCM27_wp006_e,2004,-6,0.8469077348709106,ATCM17_wp029_e,1992,6,0.91132975
Measure 682,Measure,2019,1,ATCM42_wp003_e,2019,0,0.8681495785713196,ATCM31_wp037_rev1_e,2008,11,0.9860227
Measure 682,Measure,2019,2,ATCM45_wp023_e,2023,-4,0.8638428449630737,ATCM36_wp003_e,2013,6,0.9831887
Measure 682,Measure,2019,3,ATCM31_wp037_rev1_e,2008,11,0.8587309122085571,ATCM42_wp003_e,2019,0,0.98305905
Measure 682,Measure,2019,4,ATCM36_wp003_e,2013,6,0.8528794646263123,ATCM45_wp023_e,2023,-4,0.9808466
Measure 682,Measure,2019,5,ATCM46_wp023_e,2024,-5,0.8143254518508911,ATCM36_wp059_e,2013,6,0.9108254
Measure 682,Measure,2019,6,ATCM35_wp044_e,2012,7,0.8040300607681274,ATCM45_wp054_rev1_e,2023,-4,0.910438
Measure 682,Measure,2019,7,ATCM39_wp027_e,2016,3,0.803247332572937,ATCM35_wp044_e,2012,7,0.9090951
Measure 682,Measure,2019,8,ATCM43_wp045_e,2021,-2,0.7983962893486023,ATCM39_wp027_e,2016,3,0.9042623
Measure 682,Measure,2019,9,ATCM36_wp059_e,2013,6,0.797446608543396,ATCM43_wp045_e,2021,-2,0.90260106
Measure 682,Measure,2019,10,ATCM45_wp054_rev1_e,2023,-4,0.7955104112625122,ATCM46_wp023_e,2024,-5,0.8982678
Resolution 706,Resolution,2019,1,ATCM42_wp061_e,2019,0,0.9036322236061096,ATCM42_wp061_e,2019,0,0.9764547
Resolution 706,Resolution,2019,2,ATCM31_wp038_e,2008,11,0.8702950477600098,ATCM37_wp045_e,2014,5,0.9586308
Resolution 706,Resolution,2019,3,ATCM15_wp026_e,1989,30,0.8656212091445923,ATCM31_wp038_e,2008,11,0.9542397
Resolution 706,Resolution,2019,4,ATCM37_wp045_e,2014,5,0.864155650138855,ATCM15_wp055_e,1989,30,0.94284445
Resolution 706,Resolution,2019,5,ATCM15_wp055_e,1989,30,0.8544175624847412,ATCM15_wp026_e,1989,30,0.9392704
Resolution 706,Resolution,2019,6,ATCM15_wp040_e,1989,30,0.8054788112640381,ATCM33_wp011_e,2010,9,0.9329682
Resolution 706,Resolution,2019,7,ATCM33_wp011_e,2010,9,0.794924259185791,ATCM15_wp040_e,1989,30,0.9065208
Resolution 706,Resolution,2019,8,ATCM15_wp005_e,1989,30,0.7918896675109863,ATCM15_wp005_e,1989,30,0.8935326
Resolution 706,Resolution,2019,9,ATCM16_wp053_rev1_e,1991,28,0.7490360140800476,ATCM16_wp053_e,1991,28,0.86595124
Resolution 706,Resolution,2019,10,ATCM16_wp053_e,1991,28,0.7488303780555725,ATCM16_wp053_rev1_e,1991,28,0.8657243
Measure 243,Measure,1997,1,ATCM21_wp027_e,1997,0,0.9118843674659729,ATCM21_wp027_e,1997,0,0.9671134
Measure 243,Measure,1997,2,ATCM26_wp017_rev1_e,2003,-6,0.7840501070022583,ATCM26_wp017_e,2003,-6,0.9463195
Measure 243,Measure,1997,3,ATCM26_wp017_e,2003,-6,0.7811610698699951,ATCM26_wp017_rev1_e,2003,-6,0.9455202
Measure 243,Measure,1997,4,ATCM5_wp031_rev1_e,1968,29,0.7722119092941284,ATCM7_wp034_rev2_e,1972,25,0.945015
Measure 243,Measure,1997,5,ATCM5_wp031_e,1968,29,0.7504857778549194,ATCM7_wp034_rev3_e,1972,25,0.9396037
Measure 243,Measure,1997,6,ATCM15_wp069_e,1989,8,0.7436684966087341,ATCM30_wp038_e,2007,-10,0.9312377
Measure 243,Measure,1997,7,ATCM30_wp038_e,2007,-10,0.7422468662261963,ATCM5_wp031_rev1_e,1968,29,0.89871323
Measure 243,Measure,1997,8,ATCM7_wp034_rev2_e,1972,25,0.7400156259536743,ATCM5_wp031_e,1968,29,0.89537644
Measure 243,Measure,1997,9,ATCM5_wp032_e,1968,29,0.7380110025405884,ATCM15_wp069_e,1989,8,0.8948262
Measure 243,Measure,1997,10,ATCM7_wp034_rev3_e,1972,25,0.7373769879341125,ATCM5_wp032_e,1968,29,0.8314717
Measure 714,Measure,2021,1,ATCM43_wp020_e,2021,0,0.9263594150543213,ATCM38_wp025_e,2015,6,0.9764547
Measure 714,Measure,2021,2,ATCM38_wp025_e,2015,6,0.9151391983032227,ATCM43_wp020_e,2021,0,0.9717361
Measure 714,Measure,2021,3,ATCM36_wp059_e,2013,8,0.8137030005455017,ATCM32_wp027_e,2009,12,0.9565693
Measure 714,Measure,2021,4,ATCM35_wp060_e,2012,9,0.8074998259544373,ATCM34_wp006_e,2011,10,0.91736925
Measure 714,Measure,2021,5,ATCM35_wp061_e,2012,9,0.8044419288635254,ATCM36_wp059_e,2013,8,0.90738606
Measure 714,Measure,2021,6,ATCM46_wp023_e,2024,-3,0.8034281730651855,ATCM44_wp046_e,2022,-1,0.904389
Measure 714,Measure,2021,7,ATCM44_wp046_e,2022,-1,0.8031116127967834,ATCM46_wp023_e,2024,-3,0.8950099
Measure 714,Measure,2021,8,ATCM29_wp029_e,2006,15,0.792899489402771,ATCM29_wp029_e,2006,15,0.89099807
Measure 714,Measure,2021,9,ATCM32_wp027_e,2009,12,0.7921826839447021,ATCM35_wp061_e,2012,9,0.88124746
Measure 714,Measure,2021,10,ATCM34_wp006_e,2011,10,0.7890890836715698,ATCM35_wp060_e,2012,9,0.87433493
Resolution 585,Resolution,2014,1,ATCM37_wp044_e,2014,0,0.8586410284042358,ATCM37_wp044_e,2014,0,0.97868
Resolution 585,Resolution,2014,2,ATCM16_wp002_e,1991,23,0.8361719846725464,ATCM18_wp018_e,1994,20,0.9619076
Resolution 585,Resolution,2014,3,ATCM18_wp018_e,1994,20,0.8356661796569824,ATCM17_wp002_e,1992,22,0.9564067
Resolution 585,Resolution,2014,4,ATCM17_wp002_e,1992,22,0.833252489566803,ATCM16_wp041_e,1991,23,0.9545797
Resolution 585,Resolution,2014,5,ATCM16_wp041_e,1991,23,0.8248721361160278,ATCM17_wp014_e,1992,22,0.9519705
Resolution 585,Resolution,2014,6,ATCM17_wp014_e,1992,22,0.8231996297836304,ATCM18_wp009_e,1994,20,0.9459213
Resolution 585,Resolution,2014,7,ATCM18_wp009_e,1994,20,0.8187465667724609,ATCM35_wp004_e,2012,2,0.9389352
Resolution 585,Resolution,2014,8,ATCM15_wp058_e,1989,25,0.8175144791603088,ATCM16_wp002_e,1991,23,0.93848586
Resolution 585,Resolution,2014,9,ATCM41_wp022_e,2018,-4,0.8125701546669006,ATCM15_wp058_e,1989,25,0.9312377
Resolution 585,Resolution,2014,10,ATCM35_wp004_e,2012,2,0.8103014230728149,ATCM41_wp022_e,2018,-4,0.9148743
Recommendation 149,Recommendation,1985,1,ATCM15_wp061_e,1989,-4,0.8839178085327148,ATCM15_wp061_e,1989,-4,0.9505213
Recommendation 149,Recommendation,1985,2,ATCM15_wp067_rev2_e,1989,-4,0.8802906274795532,ATCM16_wp025_e,1991,-6,0.9427391
Recommendation 149,Recommendation,1985,3,ATCM16_wp025_e,1991,-6,0.8767378330230713,ATCM15_wp067_rev2_e,1989,-4,0.9372338
Recommendation 149,Recommendation,1985,4,ATCM15_wp015_e,1989,-4,0.8698171377182007,ATCM15_wp015_e,1989,-4,0.9361917
Recommendation 149,Recommendation,1985,5,ATCM15_wp042_e,1989,-4,0.8225952982902527,ATCM15_wp042_e,1989,-4,0.924306
Recommendation 149,Recommendation,1985,6,ATCM14_wp036_e,1987,-2,0.8208228945732117,ATCM14_wp036_e,1987,-2,0.92396355
Recommendation 149,Recommendation,1985,7,ATCM9_wp035_e,1977,8,0.7884109020233154,ATCM9_wp035_e,1977,8,0.907632
Recommendation 149,Recommendation,1985,8,ATCM15_wp006_e,1989,-4,0.7521349787712097,ATCM15_wp006_e,1989,-4,0.90212786
Recommendation 149,Recommendation,1985,9,ATCM7_wp007_e,1972,13,0.7410269975662231,ATCM12_wp018_e,1983,2,0.8814517
Recommendation 149,Recommendation,1985,10,ATCM12_wp018_e,1983,2,0.7392985224723816,ATCM7_wp007_e,1972,13,0.8314717
Measure 565,Measure,2014,1,ATCM46_wp027_e,2024,-10,0.8972146511077881,ATCM46_wp027_e,2024,-10,0.9808466
Measure 565,Measure,2014,2,ATCM37_wp019_e,2014,0,0.8796089887619019,ATCM37_wp019_e,2014,0,0.9797918
Measure 565,Measure,2014,3,ATCM35_wp044_e,2012,2,0.8389887809753418,ATCM32_wp040_e,2009,5,0.9584756
Measure 565,Measure,2014,4,ATCM46_wp026_e,2024,-10,0.833911657333374,ATCM47_wp011_e,2025,-11,0.926994
Measure 565,Measure,2014,5,ATCM32_wp040_e,2009,5,0.826971173286438,ATCM46_wp026_e,2024,-10,0.9194547
Measure 565,Measure,2014,6,ATCM35_wp058_e,2012,2,0.8170692920684814,ATCM36_wp059_e,2013,1,0.912763
Measure 565,Measure,2014,7,ATCM36_wp059_e,2013,1,0.8164676427841187,ATCM35_wp044_e,2012,2,0.9084272
Measure 565,Measure,2014,8,ATCM47_wp011_e,2025,-11,0.8133867383003235,ATCM39_wp027_e,2016,-2,0.9041354
Measure 565,Measure,2014,9,ATCM46_wp023_e,2024,-10,0.8130935430526733,ATCM46_wp023_e,2024,-10,0.90134907
Measure 565,Measure,2014,10,ATCM39_wp027_e,2016,-2,0.8130263090133667,ATCM35_wp058_e,2012,2,0.87856454
Recommendation 25,Recommendation,1962,1,ATCM2_wp009_e,1962,0,0.894714891910553,ATCM2_wp009_e,1962,0,0.9538974
Recommendation 25,Recommendation,1962,2,ATCM1_wp002_rev1_e,1961,1,0.6908740401268005,ATCM3_wp015_rev1_e,1964,-2,0.88407934
Recommendation 25,Recommendation,1962,3,ATCM1_wp019_e,1961,1,0.6836888194084167,ATCM1_wp004_e,1961,1,0.8442036
Recommendation 25,Recommendation,1962,4,ATCM1_wp009_e,1961,1,0.6824473738670349,ATCM1_wp003_e,1961,1,0.82480085
Recommendation 25,Recommendation,1962,5,ATCM1_wp003_e,1961,1,0.6780459880828857,ATCM1_wp002_rev1_e,1961,1,0.8236691
Recommendation 25,Recommendation,1962,6,ATCM15_wp046_rev2_e,1989,-27,0.6767783164978027,ATCM1_wp019_e,1961,1,0.80660903
Recommendation 25,Recommendation,1962,7,ATCM1_wp004_e,1961,1,0.6710022687911987,ATCM1_wp009_e,1961,1,0.79919165
Recommendation 25,Recommendation,1962,8,ATCM3_wp015_rev1_e,1964,-2,0.6684544086456299,ATCM1_wp005_e,1961,1,0.7863604
Recommendation 25,Recommendation,1962,9,ATCM1_wp005_e,1961,1,0.665976345539093,ATCM15_wp046_rev2_e,1989,-27,0.7589396
Recommendation 25,Recommendation,1962,10,ATCM10_wp051_e,1979,-17,0.6647987365722656,ATCM10_wp051_e,1979,-17,0.7054605
Recommendation 183,Recommendation,1989,1,ATCM15_wp011_rev2_e,1989,0,0.9335023760795593,ATCM15_wp011_rev2_e,1989,0,0.9616204
Recommendation 183,Recommendation,1989,2,ATCM17_wp028_rev1_e,1992,-3,0.7795609831809998,ATCM15_wp046_rev2_e,1989,0,0.9514318
Recommendation 183,Recommendation,1989,3,ATCM38_wp016_e,2015,-26,0.7644834518432617,ATCM17_wp028_rev1_e,1992,-3,0.92566115
Recommendation 183,Recommendation,1989,4,ATCM15_wp046_rev2_e,1989,0,0.7466905117034912,ATCM9_wp049_e,1977,12,0.9211025
Recommendation 183,Recommendation,1989,5,ATCM15_wp006_e,1989,0,0.7442455291748047,ATCM15_wp006_e,1989,0,0.9159331
Recommendation 183,Recommendation,1989,6,ATCM37_wp041_e,2014,-25,0.7390843629837036,ATCM42_wp032_e,2019,-30,0.90502053
Recommendation 183,Recommendation,1989,7,ATCM15_wp009_rev6_e,1989,0,0.7369012832641602,ATCM15_wp009_rev6_e,1989,0,0.9046842
Recommendation 183,Recommendation,1989,8,ATCM42_wp032_e,2019,-30,0.7349398136138916,ATCM8_wp046_e,1975,14,0.85805386
Recommendation 183,Recommendation,1989,9,ATCM9_wp049_e,1977,12,0.7348513603210449,ATCM38_wp016_e,2015,-26,0.8517556
Recommendation 183,Recommendation,1989,10,ATCM8_wp046_e,1975,14,0.7304010987281799,ATCM37_wp041_e,2014,-25,0.82196057
Decision 252,Decision,1998,1,ATCM32_wp007_e,2009,-11,0.7712222337722778,ATCM17_wp010_e,1992,6,0.9690442
Decision 252,Decision,1998,2,ATCM17_wp020_e,1992,6,0.7198200821876526,ATCM17_wp020_e,1992,6,0.965198
Decision 252,Decision,1998,3,ATCM18_wp010_e,1994,4,0.7093246579170227,ATCM32_wp007_e,2009,-11,0.96247613
Decision 252,Decision,1998,4,ATCM17_wp010_e,1992,6,0.7025673389434814,ATCM21_wp040_e,1997,1,0.9619076
Decision 252,Decision,1998,5,ATCM21_wp040_e,1997,1,0.6766471266746521,ATCM18_wp010_e,1994,4,0.9523265
Decision 252,Decision,1998,6,ATCM22_wp024_e,1998,0,0.6728813648223877,ATCM22_wp023_e,1998,0,0.9482696
Decision 252,Decision,1998,7,ATCM22_wp023_e,1998,0,0.6568886637687683,ATCM17_wp031_e,1992,6,0.94710773
Decision 252,Decision,1998,8,ATCM21_wp002_rev1_e,1997,1,0.6438637971878052,ATCM22_wp024_e,1998,0,0.9423159
Decision 252,Decision,1998,9,ATCM17_wp031_e,1992,6,0.6295897960662842,ATCM21_wp002_rev1_e,1997,1,0.9417828
Decision 252,Decision,1998,10,ATCM21_wp001_e,1997,1,0.6280337572097778,ATCM21_wp001_e,1997,1,0.91649526
Decision 579,Decision,2014,1,ATCM35_wp030_e,2012,2,0.9184078574180603,ATCM35_wp030_e,2012,2,0.96686405
Decision 579,Decision,2014,2,ATCM36_wp067_e,2013,1,0.835739254951477,ATCM36_wp067_e,2013,1,0.9492193
Decision 579,Decision,2014,3,ATCM45_wp015_rev2_e,2023,-9,0.8142156004905701,ATCM45_wp015_rev2_e,2023,-9,0.9480776
Decision 579,Decision,2014,4,ATCM35_wp047_e,2012,2,0.8130364418029785,ATCM35_wp047_e,2012,2,0.9416756
Decision 579,Decision,2014,5,ATCM36_wp031_e,2013,1,0.7999049425125122,ATCM36_wp031_e,2013,1,0.9311125
Decision 579,Decision,2014,6,ATCM38_wp005_e,2015,-1,0.7827581167221069,ATCM40_wp030_e,2017,-3,0.9275866
Decision 579,Decision,2014,7,ATCM36_wp007_e,2013,1,0.7822428941726685,ATCM37_wp001_e,2014,0,0.8632072
Decision 579,Decision,2014,8,ATCM37_wp001_e,2014,0,0.7721256613731384,ATCM38_wp005_e,2015,-1,0.86181754
Decision 579,Decision,2014,9,ATCM40_wp030_e,2017,-3,0.7555950880050659,ATCM32_wp046_e,2009,5,0.85947514
Decision 579,Decision,2014,10,ATCM32_wp046_e,2009,5,0.7382985353469849,ATCM36_wp007_e,2013,1,0.85565823
Measure 730,Measure,2021,1,ATCM42_wp047_e,2019,2,0.8228697776794434,ATCM42_wp047_e,2019,2,0.94788504
Measure 730,Measure,2021,2,ATCM35_wp060_e,2012,9,0.7809187173843384,ATCM42_wp007_e,2019,2,0.8708611
Measure 730,Measure,2021,3,ATCM42_wp035_e,2019,2,0.7721717953681946,ATCM42_wp035_e,2019,2,0.8643563
Measure 730,Measure,2021,4,ATCM38_wp026_e,2015,6,0.7705109119415283,ATCM30_wp009_e,2007,14,0.8632072
Measure 730,Measure,2021,5,ATCM24_wp033_e,2001,20,0.7688274383544922,ATCM38_wp026_e,2015,6,0.8627453
Measure 730,Measure,2021,6,ATCM35_wp061_e,2012,9,0.7676604390144348,ATCM35_wp061_e,2012,9,0.8613517
Measure 730,Measure,2021,7,ATCM46_wp023_e,2024,-3,0.7661464810371399,ATCM35_wp060_e,2012,9,0.8575773
Measure 730,Measure,2021,8,ATCM30_wp009_e,2007,14,0.765803873538971,ATCM24_wp033_e,2001,20,0.8575773
Measure 730,Measure,2021,9,ATCM42_wp007_e,2019,2,0.7650355100631714,ATCM35_wp058_e,2012,9,0.85322917
Measure 730,Measure,2021,10,ATCM35_wp058_e,2012,9,0.7647519111633301,ATCM46_wp023_e,2024,-3,0.85322917
Measure 732,Measure,2021,1,ATCM32_wp003_e,2009,12,0.9009819030761719,ATCM43_wp060_rev1_e,2021,0,0.9836975
Measure 732,Measure,2021,2,ATCM31_wp061_e,2008,13,0.8913376927375793,ATCM30_wp038_e,2007,14,0.9492193
Measure 732,Measure,2021,3,ATCM30_wp038_e,2007,14,0.8559061288833618,ATCM24_wp016_e,2001,20,0.9452176
Measure 732,Measure,2021,4,ATCM24_wp016_e,2001,20,0.8501573204994202,ATCM31_wp061_e,2008,13,0.9379197
Measure 732,Measure,2021,5,ATCM20_wp013_e,1996,25,0.8311336040496826,ATCM32_wp003_e,2009,12,0.9319843
Measure 732,Measure,2021,6,ATCM43_wp060_rev1_e,2021,0,0.8187444806098938,ATCM20_wp013_e,1996,25,0.90812206
Measure 732,Measure,2021,7,ATCM14_wp013_e,1987,34,0.8100990056991577,ATCM14_wp031_rev1_e,1987,34,0.88104296
Measure 732,Measure,2021,8,ATCM6_wp005_e,1970,51,0.8059054613113403,ATCM6_wp005_e,1970,51,0.8670808
Measure 732,Measure,2021,9,ATCM5_wp046_e,1968,53,0.8026290535926819,ATCM14_wp013_e,1987,34,0.86458504
Measure 732,Measure,2021,10,ATCM14_wp031_rev1_e,1987,34,0.8014912009239197,ATCM5_wp046_e,1968,53,0.8641271
Resolution 662,Resolution,2017,1,ATCM40_wp036_e,2017,0,0.9243232011795044,ATCM40_wp036_e,2017,0,0.98764485
Resolution 662,Resolution,2017,2,ATCM22_wp022_e,1998,19,0.7714338302612305,ATCM22_wp022_e,1998,19,0.90899426
Resolution 662,Resolution,2017,3,ATCM12_wp018_e,1983,34,0.7476820945739746,ATCM8_wp009_e,1975,42,0.907304
Resolution 662,Resolution,2017,4,ATCM8_wp009_e,1975,42,0.7455368041992188,ATCM9_wp049_rev1_e,1977,40,0.89665025
Resolution 662,Resolution,2017,5,ATCM7_wp032_e,1972,45,0.7429755926132202,ATCM12_wp018_e,1983,34,0.8951933
Resolution 662,Resolution,2017,6,ATCM15_wp004_e,1989,28,0.738305926322937,ATCM7_wp032_e,1972,45,0.89510167
Resolution 662,Resolution,2017,7,ATCM21_wp021_e,1997,20,0.7379446029663086,ATCM15_wp004_e,1989,28,0.892037
Resolution 662,Resolution,2017,8,ATCM12_wp001_rev1_e,1983,34,0.734774649143219,ATCM12_wp001_rev1_e,1983,34,0.88685226
Resolution 662,Resolution,2017,9,ATCM28_wp001_e,2005,12,0.7319861650466919,ATCM21_wp021_e,1997,20,0.8864597
Resolution 662,Resolution,2017,10,ATCM9_wp049_rev1_e,1977,40,0.730223536491394,ATCM28_wp001_e,2005,12,0.87898064
Recommendation 142,Recommendation,1983,1,ATCM12_wp016_rev1_e,1983,0,0.8932368755340576,ATCM12_wp016_rev1_e,1983,0,0.9701947
Recommendation 142,Recommendation,1983,2,ATCM7_wp034_rev1_e,1972,11,0.7262448668479919,ATCM7_wp034_rev2_e,1972,11,0.94769174
Recommendation 142,Recommendation,1983,3,ATCM7_wp034_rev3_e,1972,11,0.7239853739738464,ATCM7_wp034_rev3_e,1972,11,0.94651765
Recommendation 142,Recommendation,1983,4,ATCM7_wp034_rev2_e,1972,11,0.7215585708618164,ATCM7_wp034_rev1_e,1972,11,0.93982506
Recommendation 142,Recommendation,1983,5,ATCM27_wp036_rev1_e,2004,-21,0.719368577003479,ATCM6_wp009_e,1970,13,0.9247828
Recommendation 142,Recommendation,1983,6,ATCM15_wp041_e,1989,-6,0.709557056427002,ATCM15_wp041_e,1989,-6,0.9221254
Recommendation 142,Recommendation,1983,7,ATCM5_wp031_rev1_e,1968,15,0.7067546844482422,ATCM6_wp009_rev1_e,1970,13,0.91723967
Recommendation 142,Recommendation,1983,8,ATCM26_wp039_e,2003,-20,0.7016235589981079,ATCM5_wp031_rev1_e,1968,15,0.8948262
Recommendation 142,Recommendation,1983,9,ATCM6_wp009_e,1970,13,0.6987844705581665,ATCM27_wp036_rev1_e,2004,-21,0.88267076
Recommendation 142,Recommendation,1983,10,ATCM6_wp009_rev1_e,1970,13,0.6924461126327515,ATCM26_wp039_e,2003,-20,0.8690936
Decision 380,Decision,2007,1,ATCM30_wp044_e,2007,0,0.9060989618301392,ATCM30_wp044_e,2007,0,0.9488415
Decision 380,Decision,2007,2,ATCM28_wp068_e,2005,2,0.8709214925765991,ATCM26_wp005_e,2003,4,0.9439912
Decision 380,Decision,2007,3,ATCM26_wp011_e,2003,4,0.7864312529563904,ATCM28_wp068_e,2005,2,0.9436807
Decision 380,Decision,2007,4,ATCM26_wp005_e,2003,4,0.6958392858505249,ATCM26_wp011_e,2003,4,0.9380332
Decision 380,Decision,2007,5,ATCM25_wp049_e,2002,5,0.6807819604873657,ATCM25_wp044_e,2002,5,0.8462476
Decision 380,Decision,2007,6,ATCM18_wp008_e,1994,13,0.6796262264251709,ATCM27_wp030_rev1_e,2004,3,0.8447167
Decision 380,Decision,2007,7,ATCM39_wp042_e,2016,-9,0.6795592904090881,ATCM25_wp049_e,2002,5,0.7954039
Decision 380,Decision,2007,8,ATCM27_wp030_rev1_e,2004,3,0.6783021688461304,ATCM27_wp047_rev1_e,2004,3,0.7863604
Decision 380,Decision,2007,9,ATCM27_wp047_rev1_e,2004,3,0.6752010583877563,ATCM18_wp008_e,1994,13,0.78239655
Decision 380,Decision,2007,10,ATCM25_wp044_e,2002,5,0.674877405166626,ATCM39_wp042_e,2016,-9,0.7660137
Resolution 664,Resolution,2017,1,ATCM27_wp046_e,2004,13,0.8476309776306152,ATCM40_wp033_e,2017,0,0.9788425
Resolution 664,Resolution,2017,2,ATCM40_wp033_e,2017,0,0.8409892320632935,ATCM27_wp046_e,2004,13,0.951612
Resolution 664,Resolution,2017,3,ATCM17_wp014_e,1992,25,0.8389122486114502,ATCM26_wp013_e,2003,14,0.93665683
Resolution 664,Resolution,2017,4,ATCM18_wp009_e,1994,23,0.8377086520195007,ATCM18_wp018_e,1994,23,0.933212
Resolution 664,Resolution,2017,5,ATCM16_wp029_e,1991,26,0.8276726007461548,ATCM17_wp014_e,1992,25,0.9329682
Resolution 664,Resolution,2017,6,ATCM14_wp033_e,1987,30,0.8261107206344604,ATCM18_wp009_e,1994,23,0.9234129
Resolution 664,Resolution,2017,7,ATCM26_wp013_e,2003,14,0.8231488466262817,ATCM17_wp002_e,1992,25,0.92166835
Resolution 664,Resolution,2017,8,ATCM17_wp002_e,1992,25,0.8214491009712219,ATCM16_wp029_e,1991,26,0.91825324
Resolution 664,Resolution,2017,9,ATCM18_wp018_e,1994,23,0.8212129473686218,ATCM14_wp033_e,1987,30,0.9124332
Resolution 664,Resolution,2017,10,ATCM18_wp011_e,1994,23,0.8203603625297546,ATCM18_wp011_e,1994,23,0.90038973
Measure 598,Measure,2015,1,ATCM43_wp024_rev1_e,2021,-6,0.8977203965187073,ATCM33_wp033_e,2010,5,0.9706433
Measure 598,Measure,2015,2,ATCM33_wp033_e,2010,5,0.8850446939468384,ATCM43_wp024_rev1_e,2021,-6,0.9692777
Measure 598,Measure,2015,3,ATCM38_wp026_e,2015,0,0.8638428449630737,ATCM38_wp026_e,2015,0,0.9542397
Measure 598,Measure,2015,4,ATCM46_wp023_e,2024,-9,0.8398643732070923,ATCM37_wp007_e,2014,1,0.9455202
Measure 598,Measure,2015,5,ATCM43_wp003_e,2021,-6,0.8352082967758179,ATCM43_wp003_e,2021,-6,0.9342993
Measure 598,Measure,2015,6,ATCM37_wp007_e,2014,1,0.8336272239685059,ATCM39_wp026_e,2016,-1,0.8984462
Measure 598,Measure,2015,7,ATCM36_wp030_e,2013,2,0.824121356010437,ATCM43_wp023_rev1_e,2021,-6,0.8950099
Measure 598,Measure,2015,8,ATCM43_wp023_rev1_e,2021,-6,0.8229575157165527,ATCM46_wp023_e,2024,-9,0.88995034
Measure 598,Measure,2015,9,ATCM36_wp029_e,2013,2,0.818037211894989,ATCM36_wp029_e,2013,2,0.8889902
Measure 598,Measure,2015,10,ATCM39_wp026_e,2016,-1,0.8156439065933228,ATCM36_wp030_e,2013,2,0.8880229
Decision 407,Decision,2008,1,ATCM30_wp044_e,2007,1,0.9272006750106812,ATCM30_wp044_e,2007,1,0.94284445
Decision 407,Decision,2008,2,ATCM28_wp068_e,2005,3,0.8752148151397705,ATCM26_wp005_e,2003,5,0.91709125
Decision 407,Decision,2008,3,ATCM26_wp011_e,2003,5,0.8049232959747314,ATCM28_wp068_e,2005,3,0.9103782
Decision 407,Decision,2008,4,ATCM26_wp005_e,2003,5,0.7155693769454956,ATCM26_wp011_e,2003,5,0.9044735
Decision 407,Decision,2008,5,ATCM27_wp030_rev1_e,2004,4,0.6943261623382568,ATCM24_wp037_e,2001,7,0.8047744
Decision 407,Decision,2008,6,ATCM25_wp049_e,2002,6,0.6911672949790955,ATCM25_wp044_e,2002,6,0.8004425
Decision 407,Decision,2008,7,ATCM18_wp008_e,1994,14,0.6898062229156494,ATCM27_wp030_rev1_e,2004,4,0.7973044
Decision 407,Decision,2008,8,ATCM25_wp044_e,2002,6,0.6885573863983154,ATCM27_wp047_rev1_e,2004,4,0.7603661
Decision 407,Decision,2008,9,ATCM24_wp037_e,2001,7,0.6866515874862671,ATCM25_wp049_e,2002,6,0.7589396
Decision 407,Decision,2008,10,ATCM27_wp047_rev1_e,2004,4,0.6858457922935486,ATCM18_wp008_e,1994,14,0.7458429
Resolution 555,Resolution,2013,1,ATCM35_wp021_e,2012,1,0.8866156339645386,ATCM35_wp021_e,2012,1,0.9831887
Resolution 555,Resolution,2013,2,ATCM36_wp032_e,2013,0,0.8725184202194214,ATCM36_wp032_e,2013,0,0.9663597
Resolution 555,Resolution,2013,3,ATCM40_wp028_e,2017,-4,0.836951494216919,ATCM42_wp046_e,2019,-6,0.9627573
Resolution 555,Resolution,2013,4,ATCM15_wp010_e,1989,24,0.793046236038208,ATCM40_wp028_e,2017,-4,0.9552524
Resolution 555,Resolution,2013,5,ATCM47_wp045_e,2025,-12,0.7885670065879822,ATCM37_wp028_e,2014,-1,0.9319843
Resolution 555,Resolution,2013,6,ATCM15_wp016_e,1989,24,0.7824994325637817,ATCM15_wp063_e,1989,24,0.8979998
Resolution 555,Resolution,2013,7,ATCM15_wp063_e,1989,24,0.7807170152664185,ATCM15_wp010_e,1989,24,0.8895672
Resolution 555,Resolution,2013,8,ATCM42_wp046_e,2019,-6,0.7801523208618164,ATCM15_wp016_e,1989,24,0.88246834
Resolution 555,Resolution,2013,9,ATCM12_wp025_e,1983,30,0.7717370986938477,ATCM47_wp045_e,2025,-12,0.86088455
Resolution 555,Resolution,2013,10,ATCM37_wp028_e,2014,-1,0.7685949802398682,ATCM12_wp025_e,1983,30,0.76320153
Recommendation 110,Recommendation,1975,1,ATCM8_wp016_rev1_e,1975,0,0.9420491456985474,ATCM9_wp006_e,1977,-2,0.95769125
Recommendation 110,Recommendation,1975,2,ATCM8_wp016_e,1975,0,0.8953044414520264,ATCM9_wp030_e,1977,-2,0.9575327
Recommendation 110,Recommendation,1975,3,ATCM9_wp006_e,1977,-2,0.8798407316207886,ATCM10_wp052_rev1_e,1979,-4,0.95355266
Recommendation 110,Recommendation,1975,4,ATCM9_wp043_e,1977,-2,0.865524411201477,ATCM8_wp016_rev1_e,1975,0,0.9533793
Recommendation 110,Recommendation,1975,5,ATCM9_wp030_e,1977,-2,0.8631246089935303,ATCM9_wp054_rev1_e,1977,-2,0.9530308
Recommendation 110,Recommendation,1975,6,ATCM10_wp052_rev1_e,1979,-4,0.860454261302948,ATCM9_wp043_e,1977,-2,0.9501526
Recommendation 110,Recommendation,1975,7,ATCM10_wp052_e,1979,-4,0.8564465045928955,ATCM9_wp058_e,1977,-2,0.9497813
Recommendation 110,Recommendation,1975,8,ATCM9_wp054_rev1_e,1977,-2,0.8449720144271851,ATCM10_wp052_e,1979,-4,0.94940734
Recommendation 110,Recommendation,1975,9,ATCM9_wp058_e,1977,-2,0.8372136354446411,ATCM8_wp016_e,1975,0,0.94210327
Recommendation 110,Recommendation,1975,10,ATCM8_wp006_e,1975,0,0.8349447250366211,ATCM8_wp006_e,1975,0,0.9262637
Measure 692,Measure,2019,1,ATCM32_wp025_e,2009,10,0.840548038482666,ATCM42_wp027_e,2019,0,0.9788425
Measure 692,Measure,2019,2,ATCM42_wp027_e,2019,0,0.8347821831703186,ATCM44_wp001_e,2022,-3,0.97360456
Measure 692,Measure,2019,3,ATCM33_wp018_e,2010,9,0.8261423110961914,ATCM32_wp025_e,2009,10,0.9637254
Measure 692,Measure,2019,4,ATCM45_wp059_e,2023,-4,0.8108595609664917,ATCM33_wp018_e,2010,9,0.9631751
Measure 692,Measure,2019,5,ATCM44_wp001_e,2022,-3,0.8056874871253967,ATCM37_wp003_e,2014,5,0.9215979
Measure 692,Measure,2019,6,ATCM35_wp060_e,2012,7,0.8036832213401794,ATCM35_wp044_e,2012,7,0.8967407
Measure 692,Measure,2019,7,ATCM35_wp044_e,2012,7,0.7964863181114197,ATCM36_wp059_e,2013,6,0.895924
Measure 692,Measure,2019,8,ATCM36_wp059_e,2013,6,0.7947497367858887,ATCM45_wp059_e,2023,-4,0.89473426
Measure 692,Measure,2019,9,ATCM41_wp031_e,2018,1,0.7904723882675171,ATCM41_wp031_e,2018,1,0.8938109
Measure 692,Measure,2019,10,ATCM37_wp003_e,2014,5,0.7886220216751099,ATCM35_wp060_e,2012,7,0.8636677
Recommendation 77,Recommendation,1970,1,ATCM6_wp003_e,1970,0,0.9347653985023499,ATCM6_wp003_e,1970,0,0.9663597
Recommendation 77,Recommendation,1970,2,ATCM7_wp054_e,1972,-2,0.8427160978317261,ATCM8_wp008_e,1975,-5,0.9459213
Recommendation 77,Recommendation,1970,3,ATCM6_wp010_rev1_e,1970,0,0.8240759372711182,ATCM7_wp054_e,1972,-2,0.9379197
Recommendation 77,Recommendation,1970,4,ATCM8_wp008_e,1975,-5,0.8187988996505737,ATCM9_wp076_rev1_e,1977,-7,0.9371187
Recommendation 77,Recommendation,1970,5,ATCM9_wp079_e,1977,-7,0.81865394115448,ATCM9_wp079_e,1977,-7,0.9323548
Recommendation 77,Recommendation,1970,6,ATCM9_wp076_e,1977,-7,0.8173742294311523,ATCM9_wp012_e,1977,-7,0.93223155
Recommendation 77,Recommendation,1970,7,ATCM12_wp013_e,1983,-13,0.8172760009765625,ATCM6_wp010_rev1_e,1970,0,0.93148744
Recommendation 77,Recommendation,1970,8,ATCM9_wp076_rev1_e,1977,-7,0.8109955191612244,ATCM9_wp076_e,1977,-7,0.926994
Recommendation 77,Recommendation,1970,9,ATCM6_wp010_e,1970,0,0.8108848333358765,ATCM6_wp010_e,1970,0,0.91988754
Recommendation 77,Recommendation,1970,10,ATCM9_wp012_e,1977,-7,0.8085285425186157,ATCM12_wp013_e,1983,-13,0.90396607
Measure 650,Measure,2017,1,ATCM45_wp001_e,2023,-6,0.8714858293533325,ATCM45_wp001_e,2023,-6,0.97590977
Measure 650,Measure,2017,2,ATCM38_wp026_e,2015,2,0.8182857036590576,ATCM40_wp038_e,2017,0,0.9757254
Measure 650,Measure,2017,3,ATCM36_wp030_e,2013,4,0.8144218921661377,ATCM28_wp042_e,2005,12,0.9152822
Measure 650,Measure,2017,4,ATCM46_wp023_e,2024,-7,0.808681845664978,ATCM38_wp026_e,2015,2,0.9123674
Measure 650,Measure,2017,5,ATCM39_wp026_e,2016,1,0.8077428936958313,ATCM33_wp034_e,2010,7,0.88879734
Measure 650,Measure,2017,6,ATCM40_wp038_e,2017,0,0.8021003007888794,ATCM43_wp025_rev1_e,2021,-4,0.88743895
Measure 650,Measure,2017,7,ATCM35_wp060_e,2012,5,0.7990829944610596,ATCM39_wp026_e,2016,1,0.886263
Measure 650,Measure,2017,8,ATCM28_wp042_e,2005,12,0.7941585779190063,ATCM46_wp023_e,2024,-7,0.88347745
Measure 650,Measure,2017,9,ATCM33_wp034_e,2010,7,0.7937530875205994,ATCM36_wp030_e,2013,4,0.8775188
Measure 650,Measure,2017,10,ATCM43_wp025_rev1_e,2021,-4,0.7932040691375732,ATCM35_wp060_e,2012,5,0.8575773
Decision 674,Decision,2018,1,ATCM30_wp044_e,2007,11,0.907235860824585,ATCM26_wp005_e,2003,15,0.93357635
Decision 674,Decision,2018,2,ATCM28_wp068_e,2005,13,0.872649073600769,ATCM26_wp011_e,2003,15,0.9330902
Decision 674,Decision,2018,3,ATCM26_wp011_e,2003,15,0.8119928240776062,ATCM30_wp044_e,2007,11,0.9251217
Decision 674,Decision,2018,4,ATCM26_wp005_e,2003,15,0.7220651507377625,ATCM28_wp068_e,2005,13,0.92313623
Decision 674,Decision,2018,5,ATCM27_wp030_rev1_e,2004,14,0.7094722390174866,ATCM24_wp037_e,2001,17,0.8627453
Decision 674,Decision,2018,6,ATCM24_wp037_e,2001,17,0.7017381191253662,ATCM25_wp044_e,2002,16,0.8395235
Decision 674,Decision,2018,7,ATCM18_wp008_e,1994,24,0.6993709206581116,ATCM25_wp049_e,2002,16,0.8126295
Decision 674,Decision,2018,8,ATCM25_wp044_e,2002,16,0.698493480682373,ATCM27_wp030_rev1_e,2004,14,0.8059989
Decision 674,Decision,2018,9,ATCM25_wp049_e,2002,16,0.6932035684585571,ATCM18_wp008_e,1994,24,0.7810635
Decision 674,Decision,2018,10,ATCM27_wp047_rev1_e,2004,14,0.6750519275665283,ATCM27_wp047_rev1_e,2004,14,0.7770292
Measure 688,Measure,2019,1,ATCM46_wp032_e,2024,-5,0.8749082088470459,ATCM42_wp049_e,2019,0,0.97478276
Measure 688,Measure,2019,2,ATCM36_wp060_e,2013,6,0.8737632036209106,ATCM46_wp032_e,2024,-5,0.9721621
Measure 688,Measure,2019,3,ATCM42_wp049_e,2019,0,0.8736933469772339,ATCM36_wp060_e,2013,6,0.9710852
Measure 688,Measure,2019,4,ATCM31_wp007_e,2008,11,0.8127970099449158,ATCM31_wp007_e,2008,11,0.9598525
Measure 688,Measure,2019,5,ATCM39_wp026_e,2016,3,0.8061879873275757,ATCM42_wp007_e,2019,0,0.91462684
Measure 688,Measure,2019,6,ATCM36_wp030_e,2013,6,0.8050991296768188,ATCM46_wp025_e,2024,-5,0.8858686
Measure 688,Measure,2019,7,ATCM46_wp023_e,2024,-5,0.8038243055343628,ATCM46_wp023_e,2024,-5,0.88246834
Measure 688,Measure,2019,8,ATCM42_wp007_e,2019,0,0.8019629716873169,ATCM36_wp030_e,2013,6,0.87582946
Measure 688,Measure,2019,9,ATCM35_wp060_e,2012,7,0.8009799122810364,ATCM39_wp026_e,2016,3,0.8745494
Measure 688,Measure,2019,10,ATCM46_wp025_e,2024,-5,0.7960689067840576,ATCM35_wp060_e,2012,7,0.8457387
Decision 696,Decision,2019,1,ATCM27_wp030_rev1_e,2004,15,0.8433394432067871,ATCM26_wp005_e,2003,16,0.9287585
Decision 696,Decision,2019,2,ATCM26_wp011_e,2003,16,0.8302509188652039,ATCM27_wp029_e,2004,15,0.9149884
Decision 696,Decision,2019,3,ATCM26_wp005_e,2003,16,0.8175022602081299,ATCM24_wp037_e,2001,18,0.9124722
Decision 696,Decision,2019,4,ATCM18_wp008_e,1994,25,0.7901499271392822,ATCM26_wp011_e,2003,16,0.91123104
Decision 696,Decision,2019,5,ATCM24_wp037_e,2001,18,0.7869338989257812,ATCM27_wp030_rev1_e,2004,15,0.91023874
Decision 696,Decision,2019,6,ATCM25_wp049_e,2002,17,0.7773988246917725,ATCM25_wp046_e,2002,17,0.9042201
Decision 696,Decision,2019,7,ATCM25_wp044_e,2002,17,0.7709725499153137,ATCM25_wp049_e,2002,17,0.8971018
Decision 696,Decision,2019,8,ATCM27_wp029_e,2004,15,0.7691217660903931,ATCM25_wp044_e,2002,17,0.8762537
Decision 696,Decision,2019,9,ATCM25_wp046_e,2002,17,0.7629472017288208,ATCM18_wp008_e,1994,25,0.86088455
Decision 696,Decision,2019,10,ATCM17_wp019_e,1992,27,0.7593103647232056,ATCM17_wp019_e,1992,27,0.8566205
Decision 736,Decision,2021,1,ATCM27_wp047_rev1_e,2004,17,0.8212977647781372,ATCM46_wp017_e,2024,-3,0.9488415
Decision 736,Decision,2021,2,ATCM46_wp017_e,2024,-3,0.7934449911117554,ATCM39_wp042_e,2016,5,0.93665683
Decision 736,Decision,2021,3,ATCM39_wp042_e,2016,5,0.7787294983863831,ATCM25_wp042_e,2002,19,0.92940193
Decision 736,Decision,2021,4,ATCM31_wp063_rev1_e,2008,13,0.771672785282135,ATCM27_wp047_rev1_e,2004,17,0.9283699
Decision 736,Decision,2021,5,ATCM31_wp063_e,2008,13,0.770145058631897,ATCM31_wp063_e,2008,13,0.9204256
Decision 736,Decision,2021,6,ATCM26_wp041_e,2003,18,0.7005792856216431,ATCM31_wp063_rev1_e,2008,13,0.92010313
Decision 736,Decision,2021,7,ATCM25_wp042_e,2002,19,0.6972461938858032,ATCM26_wp012_e,2003,18,0.90332824
Decision 736,Decision,2021,8,ATCM18_wp008_e,1994,27,0.6814541220664978,ATCM26_wp041_e,2003,18,0.8828729
Decision 736,Decision,2021,9,ATCM25_wp044_e,2002,19,0.6792550086975098,ATCM25_wp044_e,2002,19,0.86797863
Decision 736,Decision,2021,10,ATCM26_wp012_e,2003,18,0.6631960868835449,ATCM18_wp008_e,1994,27,0.8622821
Resolution 415,Resolution,2008,1,ATCM33_wp046_e,2010,-2,0.9162994623184204,ATCM31_wp020_e,2008,0,0.9791637
Resolution 415,Resolution,2008,2,ATCM31_wp020_e,2008,0,0.8727235794067383,ATCM33_wp046_e,2010,-2,0.9762744
Resolution 415,Resolution,2008,3,ATCM30_wp023_e,2007,1,0.8460062742233276,ATCM30_wp023_e,2007,1,0.94199663
Resolution 415,Resolution,2008,4,ATCM33_wp069_e,2010,-2,0.845633327960968,ATCM33_wp001_e,2010,-2,0.935958
Resolution 415,Resolution,2008,5,ATCM33_wp001_e,2010,-2,0.8310950994491577,ATCM33_wp069_e,2010,-2,0.9334551
Resolution 415,Resolution,2008,6,ATCM35_wp051_e,2012,-4,0.8072744607925415,ATCM35_wp051_e,2012,-4,0.9304836
Resolution 415,Resolution,2008,7,ATCM31_wp043_e,2008,0,0.8067611455917358,ATCM31_wp033_e,2008,0,0.9245107
Resolution 415,Resolution,2008,8,ATCM31_wp036_e,2008,0,0.7983377575874329,ATCM31_wp036_e,2008,0,0.9162146
Resolution 415,Resolution,2008,9,ATCM31_wp033_e,2008,0,0.7974141836166382,ATCM33_wp068_rev1_e,2010,-2,0.9003021
Resolution 415,Resolution,2008,10,ATCM33_wp068_rev1_e,2010,-2,0.7924292087554932,ATCM31_wp043_e,2008,0,0.8931604
Recommendation 201,Recommendation,1991,1,ATCM16_wp015_e,1991,0,0.9261532425880432,ATCM16_wp015_e,1991,0,0.96545935
Recommendation 201,Recommendation,1991,2,ATCM24_wp021_e,2001,-10,0.8464951515197754,ATCM15_wp035_rev1_e,1989,2,0.93814665
Recommendation 201,Recommendation,1991,3,ATCM36_wp012_e,2013,-22,0.8284564018249512,ATCM24_wp021_e,2001,-10,0.9323548
Recommendation 201,Recommendation,1991,4,ATCM45_wp006_e,2023,-32,0.8204842209815979,ATCM45_wp006_e,2023,-32,0.9064795
Recommendation 201,Recommendation,1991,5,ATCM41_wp004_e,2018,-27,0.8196282982826233,ATCM36_wp012_e,2013,-22,0.9019552
Recommendation 201,Recommendation,1991,6,ATCM4_wp047_rev1_e,1966,25,0.8028805255889893,ATCM41_wp004_e,2018,-27,0.89959866
Recommendation 201,Recommendation,1991,7,ATCM4_wp047_e,1966,25,0.7896025776863098,ATCM4_wp047_rev1_e,1966,25,0.8682022
Recommendation 201,Recommendation,1991,8,ATCM4_wp028_e,1966,25,0.7802170515060425,ATCM4_wp048_rev1_e,1966,25,0.8657243
Recommendation 201,Recommendation,1991,9,ATCM4_wp048_rev1_e,1966,25,0.7783017754554749,ATCM4_wp028_e,1966,25,0.86041605
Recommendation 201,Recommendation,1991,10,ATCM15_wp035_rev1_e,1989,2,0.7759714126586914,ATCM4_wp047_e,1966,25,0.8527394
Resolution 352,Resolution,2005,1,ATCM28_wp013_e,2005,0,0.874130368232727,ATCM28_wp013_e,2005,0,0.9685721
Resolution 352,Resolution,2005,2,ATCM32_wp018_e,2009,-4,0.8449549078941345,ATCM32_wp026_e,2009,-4,0.9484609
Resolution 352,Resolution,2005,3,ATCM33_wp013_e,2010,-5,0.8188798427581787,ATCM41_wp025_e,2018,-13,0.94572115
Resolution 352,Resolution,2005,4,ATCM32_wp026_e,2009,-4,0.8155987858772278,ATCM30_wp036_e,2007,-2,0.9452176
Resolution 352,Resolution,2005,5,ATCM25_wp043_e,2002,3,0.8136271834373474,ATCM32_wp018_e,2009,-4,0.9448117
Resolution 352,Resolution,2005,6,ATCM31_wp004_e,2008,-3,0.8123470544815063,ATCM25_wp043_e,2002,3,0.9422097
Resolution 352,Resolution,2005,7,ATCM41_wp025_e,2018,-13,0.7942261695861816,ATCM31_wp004_e,2008,-3,0.9357234
Resolution 352,Resolution,2005,8,ATCM32_wp049_rev2_e,2009,-4,0.7932682633399963,ATCM33_wp013_e,2010,-5,0.93537015
Resolution 352,Resolution,2005,9,ATCM30_wp036_e,2007,-2,0.7920781373977661,ATCM37_wp012_e,2014,-9,0.933212
Resolution 352,Resolution,2005,10,ATCM37_wp012_e,2014,-9,0.7833715081214905,ATCM32_wp049_rev2_e,2009,-4,0.9329682
Recommendation 112,Recommendation,1975,1,ATCM8_wp029_rev3_e,1975,0,0.9403481483459473,ATCM8_wp029_rev3_e,1975,0,0.97400314
Recommendation 112,Recommendation,1975,2,ATCM8_wp029_rev1_e,1975,0,0.922531008720398,ATCM8_wp029_rev1_e,1975,0,0.9648021
Recommendation 112,Recommendation,1975,3,ATCM19_wp011_rev1_e,1995,-20,0.8454152345657349,ATCM19_wp011_rev1_e,1995,-20,0.9532054
Recommendation 112,Recommendation,1975,4,ATCM15_wp010_e,1989,-14,0.7711296081542969,ATCM15_wp010_e,1989,-14,0.93223155
Recommendation 112,Recommendation,1975,5,ATCM15_wp063_e,1989,-14,0.7660996317863464,ATCM15_wp063_e,1989,-14,0.92444247
Recommendation 112,Recommendation,1975,6,ATCM15_wp016_e,1989,-14,0.7571269869804382,ATCM9_wp049_e,1977,-2,0.9199595
Recommendation 112,Recommendation,1975,7,ATCM9_wp049_e,1977,-2,0.746040940284729,ATCM15_wp016_e,1989,-14,0.9159143
Recommendation 112,Recommendation,1975,8,ATCM8_wp009_rev1_e,1975,0,0.7419821619987488,ATCM8_wp009_rev1_e,1975,0,0.91041803
Recommendation 112,Recommendation,1975,9,ATCM12_wp007_e,1983,-8,0.7361608743667603,ATCM10_wp044_e,1979,-4,0.90602314
Recommendation 112,Recommendation,1975,10,ATCM10_wp044_e,1979,-4,0.7238170504570007,ATCM12_wp007_e,1983,-8,0.9056065
Decision 734,Decision,2021,1,ATCM25_wp035_e,2002,19,0.7684836387634277,ATCM26_wp012_e,2003,18,0.9547488
Decision 734,Decision,2021,2,ATCM26_wp012_e,2003,18,0.7251875400543213,ATCM26_wp005_e,2003,18,0.9505213
Decision 734,Decision,2021,3,ATCM25_wp028_e,2002,19,0.7139357328414917,ATCM25_wp035_e,2002,19,0.9378058
Decision 734,Decision,2021,4,ATCM25_wp044_e,2002,19,0.7113291025161743,ATCM24_wp037_e,2001,20,0.9080406
Decision 734,Decision,2021,5,ATCM26_wp005_e,2003,18,0.7054688334465027,ATCM27_wp047_rev1_e,2004,17,0.90713954
Decision 734,Decision,2021,6,ATCM24_wp037_e,2001,20,0.7046160697937012,ATCM25_wp028_e,2002,19,0.902214
Decision 734,Decision,2021,7,ATCM27_wp047_rev1_e,2004,17,0.6986218690872192,ATCM19_wp013_e,1995,26,0.8917545
Decision 734,Decision,2021,8,ATCM18_wp008_e,1994,27,0.6913747787475586,ATCM25_wp044_e,2002,19,0.8848775
Decision 734,Decision,2021,9,ATCM18_wp016_e,1994,27,0.6847000122070312,ATCM18_wp008_e,1994,27,0.85994625
Decision 734,Decision,2021,10,ATCM19_wp013_e,1995,26,0.6736457347869873,ATCM18_wp016_e,1994,27,0.8457387
Resolution 680,Resolution,2018,1,ATCM38_wp035_e,2015,3,0.8094465732574463,ATCM38_wp035_e,2015,3,0.9480776
Resolution 680,Resolution,2018,2,ATCM12_wp018_e,1983,35,0.7728831171989441,ATCM40_wp036_e,2017,1,0.9163083
Resolution 680,Resolution,2018,3,ATCM18_wp019_e,1994,24,0.7441056370735168,ATCM7_wp029_rev2_e,1972,46,0.89701164
Resolution 680,Resolution,2018,4,ATCM17_wp003_e,1992,26,0.7417474389076233,ATCM18_wp019_e,1994,24,0.86595124
Resolution 680,Resolution,2018,5,ATCM7_wp029_rev2_e,1972,46,0.7400004863739014,ATCM17_wp003_e,1992,26,0.85994625
Resolution 680,Resolution,2018,6,ATCM6_wp019_e,1970,48,0.7365624904632568,ATCM12_wp018_e,1983,35,0.8522482
Resolution 680,Resolution,2018,7,ATCM12_wp001_rev1_e,1983,35,0.7342332601547241,ATCM12_wp001_rev1_e,1983,35,0.8457387
Resolution 680,Resolution,2018,8,ATCM6_wp019_rev1_e,1970,48,0.7323697805404663,ATCM6_wp019_e,1970,48,0.8416174
Resolution 680,Resolution,2018,9,ATCM12_wp025_e,1983,35,0.7321549654006958,ATCM12_wp025_e,1983,35,0.8405733
Resolution 680,Resolution,2018,10,ATCM40_wp036_e,2017,1,0.7315504550933838,ATCM6_wp019_rev1_e,1970,48,0.8352686
Recommendation 92,Recommendation,1972,1,ATCM7_wp029_rev2_e,1972,0,0.9198439121246338,ATCM7_wp029_rev2_e,1972,0,0.9642677
Recommendation 92,Recommendation,1972,2,ATCM8_wp009_e,1975,-3,0.8701698780059814,ATCM8_wp009_e,1975,-3,0.9503373
Recommendation 92,Recommendation,1972,3,ATCM7_wp029_rev1_e,1972,0,0.8551288843154907,ATCM7_wp029_rev1_e,1972,0,0.9453187
Recommendation 92,Recommendation,1972,4,ATCM7_wp029_e,1972,0,0.8517686128616333,ATCM7_wp029_e,1972,0,0.94357675
Recommendation 92,Recommendation,1972,5,ATCM9_wp049_rev1_e,1977,-5,0.8177827596664429,ATCM9_wp049_rev1_e,1977,-5,0.9427391
Recommendation 92,Recommendation,1972,6,ATCM6_wp019_rev1_e,1970,2,0.815108060836792,ATCM12_wp018_e,1983,-11,0.942422
Recommendation 92,Recommendation,1972,7,ATCM6_wp019_e,1970,2,0.8057279586791992,ATCM6_wp019_e,1970,2,0.94210327
Recommendation 92,Recommendation,1972,8,ATCM8_wp046_e,1975,-3,0.7939231395721436,ATCM6_wp019_rev1_e,1970,2,0.9400456
Recommendation 92,Recommendation,1972,9,ATCM12_wp018_e,1983,-11,0.7921907901763916,ATCM8_wp046_e,1975,-3,0.93848586
Recommendation 92,Recommendation,1972,10,ATCM3_wp003_rev2_e,1964,8,0.7883325219154358,ATCM3_wp003_rev2_e,1964,8,0.90939736
Measure 686,Measure,2019,1,ATCM35_wp002_e,2012,7,0.8817774057388306,ATCM42_wp053_e,2019,0,0.9836975
Measure 686,Measure,2019,2,ATCM46_wp064_e,2024,-5,0.881242036819458,ATCM46_wp064_e,2024,-5,0.98198617
Measure 686,Measure,2019,3,ATCM42_wp053_e,2019,0,0.8806985020637512,ATCM35_wp002_e,2012,7,0.981282
Measure 686,Measure,2019,4,ATCM16_wp012_e,1991,28,0.8460695743560791,ATCM16_wp012_e,1991,28,0.9346581
Measure 686,Measure,2019,5,ATCM37_wp058_rev1_e,2014,5,0.8033192157745361,ATCM38_wp026_e,2015,4,0.92686176
Measure 686,Measure,2019,6,ATCM38_wp026_e,2015,4,0.8009923696517944,ATCM37_wp058_rev1_e,2014,5,0.9179595
Measure 686,Measure,2019,7,ATCM35_wp044_e,2012,7,0.7992756962776184,ATCM35_wp044_e,2012,7,0.91349053
Measure 686,Measure,2019,8,ATCM44_wp043_e,2022,-3,0.7987839579582214,ATCM36_wp059_e,2013,6,0.91035825
Measure 686,Measure,2019,9,ATCM36_wp059_e,2013,6,0.7982384562492371,ATCM44_wp043_e,2022,-3,0.8962877
Measure 686,Measure,2019,10,ATCM35_wp060_e,2012,7,0.7976548671722412,ATCM35_wp060_e,2012,7,0.8791883
Recommendation 137,Recommendation,1983,1,ATCM12_wp023_e,1983,0,0.9524074792861938,ATCM12_wp023_e,1983,0,0.9658481
Recommendation 137,Recommendation,1983,2,ATCM7_wp022_e,1972,11,0.8440869450569153,ATCM6_wp010_rev1_e,1970,13,0.9473031
Recommendation 137,Recommendation,1983,3,ATCM6_wp010_rev1_e,1970,13,0.8352681398391724,ATCM7_wp052_e,1972,11,0.94651765
Recommendation 137,Recommendation,1983,4,ATCM5_wp009_e,1968,15,0.8340091705322266,ATCM7_wp040_e,1972,11,0.9461207
Recommendation 137,Recommendation,1983,5,ATCM10_wp011_e,1979,4,0.8298053741455078,ATCM10_wp011_e,1979,4,0.94199663
Recommendation 137,Recommendation,1983,6,ATCM7_wp052_e,1972,11,0.827764093875885,ATCM9_wp079_rev1_e,1977,6,0.9409202
Recommendation 137,Recommendation,1983,7,ATCM7_wp040_e,1972,11,0.82621830701828,ATCM5_wp009_e,1968,15,0.9405936
Recommendation 137,Recommendation,1983,8,ATCM1_wp031_e,1961,22,0.8257285356521606,ATCM9_wp076_rev1_e,1977,6,0.93971455
Recommendation 137,Recommendation,1983,9,ATCM9_wp079_rev1_e,1977,6,0.8255855441093445,ATCM7_wp022_e,1972,11,0.9387109
Recommendation 137,Recommendation,1983,10,ATCM9_wp076_rev1_e,1977,6,0.8230233192443848,ATCM1_wp031_e,1961,22,0.9150737
Recommendation 51,Recommendation,1966,1,ATCM30_wp031_e,2007,-41,0.8127967119216919,ATCM30_wp031_e,2007,-41,0.9501526
Recommendation 51,Recommendation,1966,2,ATCM35_wp009_e,2012,-46,0.7902184128761292,ATCM4_wp042_rev2_e,1966,0,0.9356059
Recommendation 51,Recommendation,1966,3,ATCM4_wp042_e,1966,0,0.7682818174362183,ATCM4_wp042_rev1_e,1966,0,0.92984915
Recommendation 51,Recommendation,1966,4,ATCM44_wp040_e,2022,-56,0.7504888772964478,ATCM16_wp019_e,1991,-25,0.92984915
Recommendation 51,Recommendation,1966,5,ATCM4_wp042_rev2_e,1966,0,0.7238318920135498,ATCM35_wp009_e,2012,-46,0.92869383
Recommendation 51,Recommendation,1966,6,ATCM4_wp042_rev1_e,1966,0,0.7227498888969421,ATCM4_wp042_e,1966,0,0.9215979
Recommendation 51,Recommendation,1966,7,ATCM40_wp012_rev1_e,2017,-51,0.7147822976112366,ATCM40_wp012_rev1_e,2017,-51,0.903371
Recommendation 51,Recommendation,1966,8,ATCM16_wp019_e,1991,-25,0.7113702297210693,ATCM44_wp040_e,2022,-56,0.9020415
Recommendation 51,Recommendation,1966,9,ATCM4_wp055_rev1_e,1966,0,0.7083956003189087,ATCM4_wp055_rev1_e,1966,0,0.8636677
Recommendation 51,Recommendation,1966,10,ATCM4_wp047_rev1_e,1966,0,0.7014120817184448,ATCM4_wp047_rev1_e,1966,0,0.85947514
Resolution 744,Resolution,2021,1,ATCM43_wp063_e,2021,0,0.90973299741745,ATCM43_wp063_e,2021,0,0.95088744
Resolution 744,Resolution,2021,2,ATCM23_wp001_e,1999,22,0.7003990411758423,ATCM46_wp047_rev1_e,2024,-3,0.84368914
Resolution 744,Resolution,2021,3,ATCM23_wp032_e,1999,22,0.7001217603683472,ATCM47_wp049_e,2025,-4,0.84317327
Resolution 744,Resolution,2021,4,ATCM47_wp050_e,2025,-4,0.6972945928573608,ATCM47_wp050_e,2025,-4,0.82816195
Resolution 744,Resolution,2021,5,ATCM33_wp063_e,2010,11,0.693234384059906,ATCM32_wp046_e,2009,12,0.77018833
Resolution 744,Resolution,2021,6,ATCM11_wp033_rev2_e,1981,40,0.6887407302856445,ATCM11_wp033_rev2_e,1981,40,0.7502601
Resolution 744,Resolution,2021,7,ATCM32_wp046_e,2009,12,0.688079297542572,ATCM23_wp032_e,1999,22,0.7353376
Resolution 744,Resolution,2021,8,ATCM46_wp047_rev1_e,2024,-3,0.6880420446395874,ATCM4_wp014_e,1966,55,0.7166947
Resolution 744,Resolution,2021,9,ATCM47_wp049_e,2025,-4,0.6861478090286255,ATCM33_wp063_e,2010,11,0.7103069
Resolution 744,Resolution,2021,10,ATCM4_wp014_e,1966,55,0.6811650991439819,ATCM23_wp001_e,1999,22,0.5979366
Measure 398,Measure,2008,1,ATCM46_wp026_e,2024,-16,0.8980814814567566,ATCM46_wp026_e,2024,-16,0.97590977
Measure 398,Measure,2008,2,ATCM35_wp044_e,2012,-4,0.8327718377113342,ATCM36_wp036_e,2013,-5,0.9573736
Measure 398,Measure,2008,3,ATCM31_wp031_e,2008,0,0.8327332139015198,ATCM31_wp031_e,2008,0,0.95541906
Measure 398,Measure,2008,4,ATCM46_wp027_e,2024,-16,0.8237372636795044,ATCM38_wp026_e,2015,-7,0.910059
Measure 398,Measure,2008,5,ATCM36_wp036_e,2013,-5,0.8219482898712158,ATCM46_wp027_e,2024,-16,0.9070573
Measure 398,Measure,2008,6,ATCM46_wp023_e,2024,-16,0.8189992308616638,ATCM36_wp059_e,2013,-5,0.8992453
Measure 398,Measure,2008,7,ATCM45_wp054_rev1_e,2023,-15,0.8169879913330078,ATCM35_wp044_e,2012,-4,0.8985352
Measure 398,Measure,2008,8,ATCM36_wp059_e,2013,-5,0.8130091428756714,ATCM45_wp054_rev1_e,2023,-15,0.89835703
Measure 398,Measure,2008,9,ATCM41_wp031_e,2018,-10,0.8128073811531067,ATCM41_wp031_e,2018,-10,0.89737195
Measure 398,Measure,2008,10,ATCM38_wp026_e,2015,-7,0.8127202391624451,ATCM46_wp023_e,2024,-16,0.88267076
nan 750,Untyped,2021,1,ATCM38_wp015_e,2015,6,0.7745076417922974,ATCM37_wp059_e,2014,7,0.91500735
nan 750,Untyped,2021,2,ATCM41_wp002_e,2018,3,0.7646870613098145,ATCM38_wp015_e,2015,6,0.90459996
nan 750,Untyped,2021,3,ATCM45_wp047_e,2023,-2,0.7624359130859375,ATCM40_wp045_e,2017,4,0.90212786
nan 750,Untyped,2021,4,ATCM40_wp045_e,2017,4,0.7504487037658691,ATCM45_wp047_e,2023,-2,0.897282
nan 750,Untyped,2021,5,ATCM31_wp058_e,2008,13,0.7491636276245117,ATCM39_wp031_e,2016,5,0.8889902
nan 750,Untyped,2021,6,ATCM34_wp047_e,2011,10,0.7482777237892151,ATCM37_wp031_e,2014,7,0.87604177
nan 750,Untyped,2021,7,ATCM39_wp031_e,2016,5,0.7465929985046387,ATCM41_wp002_e,2018,3,0.8715186
nan 750,Untyped,2021,8,ATCM32_wp051_rev1_e,2009,12,0.745071530342102,ATCM31_wp058_e,2008,13,0.85709965
nan 750,Untyped,2021,9,ATCM37_wp031_e,2014,7,0.7446675300598145,ATCM32_wp051_rev1_e,2009,12,0.8566205
nan 750,Untyped,2021,10,ATCM37_wp059_e,2014,7,0.7436977028846741,ATCM34_wp047_e,2011,10,0.8270472
Decision 278,Decision,2001,1,ATCM22_wp008_e,1998,3,0.8446418046951294,ATCM24_wp037_e,2001,0,0.9583199
Decision 278,Decision,2001,2,ATCM24_wp037_e,2001,0,0.8026834726333618,ATCM25_wp044_e,2002,-1,0.9378058
Decision 278,Decision,2001,3,ATCM18_wp016_e,1994,7,0.7920877933502197,ATCM17_wp007_e,1992,9,0.9364246
Decision 278,Decision,2001,4,ATCM25_wp044_e,2002,-1,0.7662686705589294,ATCM17_wp019_e,1992,9,0.93247795
Decision 278,Decision,2001,5,ATCM18_wp008_e,1994,7,0.7607052326202393,ATCM25_wp028_e,2002,-1,0.9255267
Decision 278,Decision,2001,6,ATCM1_wp024_e,1961,40,0.7517479062080383,ATCM22_wp008_e,1998,3,0.91617715
Decision 278,Decision,2001,7,ATCM25_wp028_e,2002,-1,0.7442274689674377,ATCM18_wp016_e,1994,7,0.9110235
Decision 278,Decision,2001,8,ATCM17_wp019_e,1992,9,0.7305973768234253,ATCM18_wp008_e,1994,7,0.909518
Decision 278,Decision,2001,9,ATCM17_wp007_e,1992,9,0.7290728092193604,ATCM16_wp010_e,1991,10,0.87646526
Decision 278,Decision,2001,10,ATCM16_wp010_e,1991,10,0.724232017993927,ATCM1_wp024_e,1961,40,0.84317327
Resolution 748,Resolution,2021,1,ATCM42_wp043_e,2019,2,0.8901190757751465,ATCM43_wp041_e,2021,0,0.97716254
Resolution 748,Resolution,2021,2,ATCM43_wp041_e,2021,0,0.881636381149292,ATCM42_wp043_e,2019,2,0.9666128
Resolution 748,Resolution,2021,3,ATCM33_wp048_e,2010,11,0.8486436009407043,ATCM46_wp058_e,2024,-3,0.9372338
Resolution 748,Resolution,2021,4,ATCM26_wp023_e,2003,18,0.8469505310058594,ATCM18_wp020_e,1994,27,0.93272346
Resolution 748,Resolution,2021,5,ATCM18_wp020_e,1994,27,0.8326097726821899,ATCM26_wp023_e,2003,18,0.92606336
Resolution 748,Resolution,2021,6,ATCM46_wp058_e,2024,-3,0.8295321464538574,ATCM33_wp048_e,2010,11,0.92525697
Resolution 748,Resolution,2021,7,ATCM18_wp011_e,1994,27,0.8272267580032349,ATCM42_wp019_e,2019,2,0.92471486
Resolution 748,Resolution,2021,8,ATCM17_wp002_e,1992,29,0.8136533498764038,ATCM18_wp018_e,1994,27,0.92067564
Resolution 748,Resolution,2021,9,ATCM42_wp019_e,2019,2,0.8129230737686157,ATCM17_wp002_e,1992,29,0.9089134
Resolution 748,Resolution,2021,10,ATCM18_wp018_e,1994,27,0.8119384050369263,ATCM18_wp011_e,1994,27,0.9057317
Measure 752,Measure,2022,1,ATCM44_wp040_e,2022,0,0.8969228267669678,ATCM30_wp031_e,2007,15,0.9869594
Measure 752,Measure,2022,2,ATCM35_wp009_e,2012,10,0.8712016344070435,ATCM35_wp009_e,2012,10,0.9778496
Measure 752,Measure,2022,3,ATCM30_wp031_e,2007,15,0.8650778532028198,ATCM40_wp012_rev1_e,2017,5,0.9757254
Measure 752,Measure,2022,4,ATCM40_wp012_rev1_e,2017,5,0.8477133512496948,ATCM44_wp040_e,2022,0,0.9755397
Measure 752,Measure,2022,5,ATCM36_wp059_e,2013,9,0.8052122592926025,ATCM44_wp041_e,2022,0,0.9214919
Measure 752,Measure,2022,6,ATCM44_wp041_e,2022,0,0.8034563064575195,ATCM36_wp059_e,2013,9,0.9144646
Measure 752,Measure,2022,7,ATCM35_wp060_e,2012,10,0.8029695153236389,ATCM35_wp044_e,2012,10,0.9138323
Measure 752,Measure,2022,8,ATCM35_wp044_e,2012,10,0.802903413772583,ATCM44_wp046_e,2022,0,0.9091557
Measure 752,Measure,2022,9,ATCM35_wp058_e,2012,10,0.8025578260421753,ATCM35_wp058_e,2012,10,0.88743895
Measure 752,Measure,2022,10,ATCM44_wp046_e,2022,0,0.7999383807182312,ATCM35_wp060_e,2012,10,0.8864597
Resolution 384,Resolution,2007,1,ATCM15_wp060_e,1989,18,0.7738173007965088,ATCM32_wp006_e,2009,-2,0.9342993
Resolution 384,Resolution,2007,2,ATCM15_wp021_e,1989,18,0.7643863558769226,ATCM31_wp035_e,2008,-1,0.92725796
Resolution 384,Resolution,2007,3,ATCM32_wp006_e,2009,-2,0.744081974029541,ATCM45_wp031_e,2023,-16,0.9243743
Resolution 384,Resolution,2007,4,ATCM37_wp040_e,2014,-7,0.7434781193733215,ATCM30_wp029_e,2007,0,0.92278904
Resolution 384,Resolution,2007,5,ATCM30_wp029_e,2007,0,0.7336685657501221,ATCM46_wp045_e,2024,-17,0.90681005
Resolution 384,Resolution,2007,6,ATCM17_wp030_e,1992,15,0.7194076180458069,ATCM15_wp060_e,1989,18,0.9035839
Resolution 384,Resolution,2007,7,ATCM23_wp030_e,1999,8,0.7171867489814758,ATCM15_wp021_e,1989,18,0.90117526
Resolution 384,Resolution,2007,8,ATCM46_wp045_e,2024,-17,0.7125446796417236,ATCM37_wp040_e,2014,-7,0.894458
Resolution 384,Resolution,2007,9,ATCM31_wp035_e,2008,-1,0.7105978727340698,ATCM17_wp030_e,1992,15,0.86458504
Resolution 384,Resolution,2007,10,ATCM45_wp031_e,2023,-16,0.707908034324646,ATCM23_wp030_e,1999,8,0.84927243
Resolution 411,Resolution,2008,1,ATCM28_wp031_e,2005,3,0.8530022501945496,ATCM46_wp052_e,2024,-16,0.9538974
Resolution 411,Resolution,2008,2,ATCM46_wp052_e,2024,-16,0.845048189163208,ATCM28_wp031_e,2005,3,0.9461207
Resolution 411,Resolution,2008,3,ATCM29_wp001_e,2006,2,0.8206807374954224,ATCM41_wp032_e,2018,-10,0.9440945
Resolution 411,Resolution,2008,4,ATCM36_wp015_e,2013,-5,0.8188234567642212,ATCM30_wp022_e,2007,1,0.94284445
Resolution 411,Resolution,2008,5,ATCM42_wp055_e,2019,-11,0.8089317083358765,ATCM42_wp055_e,2019,-11,0.9422097
Resolution 411,Resolution,2008,6,ATCM29_wp002_e,2006,2,0.8049231767654419,ATCM29_wp001_e,2006,2,0.93665683
Resolution 411,Resolution,2008,7,ATCM41_wp032_e,2018,-10,0.8046629428863525,ATCM27_wp026_e,2004,4,0.9354881
Resolution 411,Resolution,2008,8,ATCM36_wp020_e,2013,-5,0.7967473864555359,ATCM36_wp020_e,2013,-5,0.93537015
Resolution 411,Resolution,2008,9,ATCM27_wp026_e,2004,4,0.7958841323852539,ATCM36_wp015_e,2013,-5,0.93537015
Resolution 411,Resolution,2008,10,ATCM30_wp022_e,2007,1,0.7942659854888916,ATCM29_wp002_e,2006,2,0.9301036
Decision 245,Decision,1997,1,ATCM14_wp003_e,1987,10,0.8785015344619751,ATCM40_wp003_e,2017,-20,0.9473031
Decision 245,Decision,1997,2,ATCM28_wp057_e,2005,-8,0.858109712600708,ATCM28_wp057_e,2005,-8,0.9211025
Decision 245,Decision,1997,3,ATCM14_wp026_e,1987,10,0.8540821671485901,ATCM14_wp003_e,1987,10,0.9000389
Decision 245,Decision,1997,4,ATCM40_wp003_e,2017,-20,0.8327564001083374,ATCM14_wp026_e,1987,10,0.89213103
Decision 245,Decision,1997,5,ATCM3_wp022_rev1_e,1964,33,0.8139575123786926,ATCM15_wp045_e,1989,8,0.88879734
Decision 245,Decision,1997,6,ATCM15_wp045_e,1989,8,0.8123489618301392,ATCM3_wp022_rev1_e,1964,33,0.8796026
Decision 245,Decision,1997,7,ATCM3_wp022_e,1964,33,0.8007921576499939,ATCM28_wp054_e,2005,-8,0.87939554
Decision 245,Decision,1997,8,ATCM3_wp014_e,1964,33,0.7952381372451782,ATCM3_wp025_rev2_e,1964,33,0.8736898
Decision 245,Decision,1997,9,ATCM28_wp054_e,2005,-8,0.7891858816146851,ATCM3_wp022_e,1964,33,0.8730417
Decision 245,Decision,1997,10,ATCM3_wp025_rev2_e,1964,33,0.7769027948379517,ATCM3_wp014_e,1964,33,0.87195534
Measure 399,Measure,2008,1,ATCM45_wp020_e,2023,-15,0.8766216039657593,ATCM31_wp009_e,2008,0,0.981282
Measure 399,Measure,2008,2,ATCM36_wp002_e,2013,-5,0.8558831214904785,ATCM45_wp020_e,2023,-15,0.973403
Measure 399,Measure,2008,3,ATCM41_wp002_e,2018,-10,0.8447753190994263,ATCM36_wp002_e,2013,-5,0.9706433
Measure 399,Measure,2008,4,ATCM31_wp009_e,2008,0,0.8045587539672852,ATCM46_wp051_e,2024,-16,0.9695095
Measure 399,Measure,2008,5,ATCM46_wp051_e,2024,-16,0.7958495616912842,ATCM41_wp002_e,2018,-10,0.9255267
Measure 399,Measure,2008,6,ATCM46_wp023_e,2024,-16,0.7940517663955688,ATCM38_wp026_e,2015,-7,0.9115563
Measure 399,Measure,2008,7,ATCM36_wp059_e,2013,-5,0.7933737635612488,ATCM36_wp059_e,2013,-5,0.8901415
Measure 399,Measure,2008,8,ATCM36_wp030_e,2013,-5,0.790958046913147,ATCM36_wp030_e,2013,-5,0.88407934
Measure 399,Measure,2008,9,ATCM38_wp026_e,2015,-7,0.7895514965057373,ATCM44_wp046_e,2022,-14,0.8836784
Measure 399,Measure,2008,10,ATCM44_wp046_e,2022,-14,0.7892894744873047,ATCM46_wp023_e,2024,-16,0.8741202
Resolution 702,Resolution,2019,1,ATCM46_wp052_e,2024,-5,0.8465615510940552,ATCM46_wp052_e,2024,-5,0.95491725
Resolution 702,Resolution,2019,2,ATCM42_wp054_e,2019,0,0.8383883237838745,ATCM42_wp054_e,2019,0,0.9525035
Resolution 702,Resolution,2019,3,ATCM28_wp031_e,2005,14,0.8374319076538086,ATCM47_wp021_rev1_e,2025,-6,0.9453187
Resolution 702,Resolution,2019,4,ATCM47_wp021_rev1_e,2025,-6,0.8284997344017029,ATCM28_wp031_e,2005,14,0.94491345
Resolution 702,Resolution,2019,5,ATCM41_wp032_e,2018,1,0.8198444843292236,ATCM41_wp032_e,2018,1,0.94188976
Resolution 702,Resolution,2019,6,ATCM36_wp020_e,2013,6,0.8161762952804565,ATCM42_wp055_e,2019,0,0.9402653
Resolution 702,Resolution,2019,7,ATCM27_wp026_e,2004,15,0.8150697946548462,ATCM27_wp026_e,2004,15,0.9370036
Resolution 702,Resolution,2019,8,ATCM36_wp015_e,2013,6,0.8143231272697449,ATCM36_wp020_e,2013,6,0.9329682
Resolution 702,Resolution,2019,9,ATCM30_wp040_e,2007,12,0.8070986270904541,ATCM36_wp015_e,2013,6,0.9317363
Resolution 702,Resolution,2019,10,ATCM42_wp055_e,2019,0,0.802527666091919,ATCM30_wp040_e,2007,12,0.9223006
Measure 569,Measure,2014,1,ATCM47_wp009_e,2025,-11,0.9074674248695374,ATCM47_wp009_e,2025,-11,0.9802507
Measure 569,Measure,2014,2,ATCM37_wp030_e,2014,0,0.8871101140975952,ATCM37_wp030_e,2014,0,0.96532893
Measure 569,Measure,2014,3,ATCM32_wp040_e,2009,5,0.867239773273468,ATCM32_wp040_e,2009,5,0.9623348
Measure 569,Measure,2014,4,ATCM38_wp026_e,2015,-1,0.8306576013565063,ATCM27_wp014_e,2004,10,0.9552524
Measure 569,Measure,2014,5,ATCM46_wp023_e,2024,-10,0.823738157749176,ATCM27_wp014_rev1_e,2004,10,0.9519705
Measure 569,Measure,2014,6,ATCM27_wp014_e,2004,10,0.8217257857322693,ATCM38_wp026_e,2015,-1,0.9200673
Measure 569,Measure,2014,7,ATCM33_wp035_e,2010,4,0.8206763863563538,ATCM33_wp034_e,2010,4,0.9057317
Measure 569,Measure,2014,8,ATCM27_wp014_rev1_e,2004,10,0.8189716339111328,ATCM33_wp033_e,2010,4,0.9012622
Measure 569,Measure,2014,9,ATCM33_wp034_e,2010,4,0.8130250573158264,ATCM33_wp035_e,2010,4,0.90038973
Measure 569,Measure,2014,10,ATCM33_wp033_e,2010,4,0.8104883432388306,ATCM46_wp023_e,2024,-10,0.89737195
Decision 610,Decision,2015,1,ATCM28_wp070_e,2005,10,0.9387122392654419,ATCM28_wp047_e,2005,10,0.97590977
Decision 610,Decision,2015,2,ATCM38_wp036_e,2015,0,0.9063326120376587,ATCM28_wp070_e,2005,10,0.9617643
Decision 610,Decision,2015,3,ATCM28_wp048_rev3_e,2005,10,0.8603278398513794,ATCM26_wp033_e,2003,12,0.9586308
Decision 610,Decision,2015,4,ATCM45_wp030_rev2_e,2023,-8,0.8407039642333984,ATCM38_wp036_e,2015,0,0.9584756
Decision 610,Decision,2015,5,ATCM17_wp011_e,1992,23,0.8328870534896851,ATCM45_wp030_rev2_e,2023,-8,0.9538974
Decision 610,Decision,2015,6,ATCM17_wp008_e,1992,23,0.8296340703964233,ATCM28_wp048_rev3_e,2005,10,0.94491345
Decision 610,Decision,2015,7,ATCM23_wp015_e,1999,16,0.8249349594116211,ATCM28_wp049_e,2005,10,0.92895204
Decision 610,Decision,2015,8,ATCM26_wp033_e,2003,12,0.8242474794387817,ATCM23_wp015_e,1999,16,0.8641271
Decision 610,Decision,2015,9,ATCM28_wp047_e,2005,10,0.8237276673316956,ATCM17_wp011_e,1992,23,0.84368914
Decision 610,Decision,2015,10,ATCM28_wp049_e,2005,10,0.8226263523101807,ATCM17_wp008_e,1992,23,0.8374073
Measure 563,Measure,2014,1,ATCM37_wp026_e,2014,0,0.8751340508460999,ATCM31_wp014_e,2008,6,0.9878341
Measure 563,Measure,2014,2,ATCM44_wp004_e,2022,-8,0.8667861819267273,ATCM44_wp004_e,2022,-8,0.98478764
Measure 563,Measure,2014,3,ATCM43_wp004_e,2021,-7,0.865161657333374,ATCM43_wp004_e,2021,-7,0.98467004
Measure 563,Measure,2014,4,ATCM31_wp014_e,2008,6,0.8377729654312134,ATCM37_wp026_e,2014,0,0.9839462
Measure 563,Measure,2014,5,ATCM43_wp003_e,2021,-7,0.8242768049240112,ATCM38_wp026_e,2015,-1,0.9279139
Measure 563,Measure,2014,6,ATCM38_wp026_e,2015,-1,0.8193492293357849,ATCM37_wp007_e,2014,0,0.91738784
Measure 563,Measure,2014,7,ATCM24_wp033_e,2001,13,0.8183413147926331,ATCM43_wp003_e,2021,-7,0.917147
Measure 563,Measure,2014,8,ATCM46_wp023_e,2024,-10,0.8179072141647339,ATCM24_wp033_e,2001,13,0.9061477
Measure 563,Measure,2014,9,ATCM39_wp026_e,2016,-2,0.8145490884780884,ATCM39_wp026_e,2016,-2,0.8992453
Measure 563,Measure,2014,10,ATCM37_wp007_e,2014,0,0.8136284351348877,ATCM46_wp023_e,2024,-10,0.89427346
Measure 684,Measure,2019,1,ATCM46_wp005_e,2024,-5,0.8912708759307861,ATCM36_wp006_e,2013,6,0.9776798
Measure 684,Measure,2019,2,ATCM36_wp006_e,2013,6,0.8656777739524841,ATCM42_wp020_e,2019,0,0.9762744
Measure 684,Measure,2019,3,ATCM42_wp020_e,2019,0,0.849287748336792,ATCM46_wp005_e,2024,-5,0.97478276
Measure 684,Measure,2019,4,ATCM35_wp061_e,2012,7,0.8083286285400391,ATCM31_wp032_e,2008,11,0.94996727
Measure 684,Measure,2019,5,ATCM31_wp032_e,2008,11,0.8078769445419312,ATCM35_wp054_e,2012,7,0.9144552
Measure 684,Measure,2019,6,ATCM46_wp023_e,2024,-5,0.8046175241470337,ATCM36_wp059_e,2013,6,0.90598154
Measure 684,Measure,2019,7,ATCM35_wp060_e,2012,7,0.8025670051574707,ATCM35_wp044_e,2012,7,0.9054394
Measure 684,Measure,2019,8,ATCM36_wp059_e,2013,6,0.7970490455627441,ATCM46_wp023_e,2024,-5,0.89897954
Measure 684,Measure,2019,9,ATCM35_wp054_e,2012,7,0.7936646938323975,ATCM35_wp061_e,2012,7,0.8852749
Measure 684,Measure,2019,10,ATCM35_wp044_e,2012,7,0.7917738556861877,ATCM35_wp060_e,2012,7,0.87497735
Measure 271,Measure,2000,1,ATCM24_wp033_e,2001,-1,0.9150129556655884,ATCM24_wp033_e,2001,-1,0.9455202
Measure 271,Measure,2000,2,ATCM10_wp031_rev1_e,1979,21,0.8565773963928223,ATCM10_wp031_rev1_e,1979,21,0.9344191
Measure 271,Measure,2000,3,ATCM10_wp031_e,1979,21,0.8551414012908936,ATCM20_wp026_e,1996,4,0.931612
Measure 271,Measure,2000,4,ATCM20_wp026_e,1996,4,0.8435999751091003,ATCM16_wp020_e,1991,9,0.9291452
Measure 271,Measure,2000,5,ATCM16_wp020_e,1991,9,0.8429267406463623,ATCM10_wp031_e,1979,21,0.9291452
Measure 271,Measure,2000,6,ATCM10_wp004_e,1979,21,0.8419493436813354,ATCM8_wp002_e,1975,25,0.91435
Measure 271,Measure,2000,7,ATCM12_wp017_rev1_e,1983,17,0.8394029140472412,ATCM12_wp017_rev1_e,1983,17,0.9058983
Measure 271,Measure,2000,8,ATCM8_wp002_e,1975,25,0.8330414891242981,ATCM10_wp004_e,1979,21,0.90518826
Measure 271,Measure,2000,9,ATCM16_wp057_e,1991,9,0.8204183578491211,ATCM10_wp039_rev1_e,1979,21,0.9017824
Measure 271,Measure,2000,10,ATCM10_wp039_rev1_e,1979,21,0.8200100660324097,ATCM16_wp057_e,1991,9,0.86730576
Measure 621,Measure,2016,1,ATCM43_wp054_e,2021,-5,0.8854892253875732,ATCM39_wp036_e,2016,0,0.98198617
Measure 621,Measure,2016,2,ATCM34_wp003_e,2011,5,0.8697818517684937,ATCM43_wp054_e,2021,-5,0.97948
Measure 621,Measure,2016,3,ATCM39_wp036_e,2016,0,0.8645793199539185,ATCM34_wp003_e,2011,5,0.9708651
Measure 621,Measure,2016,4,ATCM35_wp044_e,2012,4,0.8265026211738586,ATCM37_wp054_e,2014,2,0.9173508
Measure 621,Measure,2016,5,ATCM37_wp054_e,2014,2,0.8258944749832153,ATCM41_wp031_e,2018,-2,0.9166447
Measure 621,Measure,2016,6,ATCM36_wp059_e,2013,3,0.8190065622329712,ATCM45_wp054_rev1_e,2023,-7,0.9157637
Measure 621,Measure,2016,7,ATCM46_wp023_e,2024,-8,0.814588189125061,ATCM35_wp044_e,2012,4,0.91230637
Measure 621,Measure,2016,8,ATCM35_wp058_e,2012,4,0.8129509687423706,ATCM36_wp059_e,2013,3,0.9122673
Measure 621,Measure,2016,9,ATCM45_wp054_rev1_e,2023,-7,0.8107806444168091,ATCM46_wp023_e,2024,-8,0.89737195
Measure 621,Measure,2016,10,ATCM41_wp031_e,2018,-2,0.804145336151123,ATCM35_wp058_e,2012,4,0.87476355
Recommendation 161,Recommendation,1987,1,ATCM12_wp018_e,1983,4,0.9148483276367188,ATCM23_wp007_rev2_e,1999,-12,0.93677264
Recommendation 161,Recommendation,1987,2,ATCM15_wp050_e,1989,-2,0.8740435242652893,ATCM23_wp007_e,1999,-12,0.9319843
Recommendation 161,Recommendation,1987,3,ATCM12_wp001_rev1_e,1983,4,0.8667584657669067,ATCM22_wp014_e,1998,-11,0.91697985
Recommendation 161,Recommendation,1987,4,ATCM23_wp007_rev2_e,1999,-12,0.8650012612342834,ATCM37_wp024_e,2014,-27,0.9162146
Recommendation 161,Recommendation,1987,5,ATCM23_wp007_e,1999,-12,0.8621307611465454,ATCM12_wp001_rev1_e,1983,4,0.91619587
Recommendation 161,Recommendation,1987,6,ATCM15_wp066_rev2_e,1989,-2,0.8493653535842896,ATCM15_wp066_rev2_e,1989,-2,0.9159331
Recommendation 161,Recommendation,1987,7,ATCM15_wp034_e,1989,-2,0.8424568176269531,ATCM15_wp050_e,1989,-2,0.91452193
Recommendation 161,Recommendation,1987,8,ATCM7_wp032_e,1972,15,0.8337289094924927,ATCM15_wp034_e,1989,-2,0.911861
Recommendation 161,Recommendation,1987,9,ATCM22_wp014_e,1998,-11,0.8042892217636108,ATCM12_wp018_e,1983,4,0.90230006
Recommendation 161,Recommendation,1987,10,ATCM37_wp024_e,2014,-27,0.7965040802955627,ATCM7_wp032_e,1972,15,0.8791883
Measure 531,Measure,2013,1,ATCM46_wp026_e,2024,-11,0.8930150270462036,ATCM46_wp026_e,2024,-11,0.98099285
Measure 531,Measure,2013,2,ATCM35_wp044_e,2012,1,0.8303002119064331,ATCM36_wp036_e,2013,0,0.9639975
Measure 531,Measure,2013,3,ATCM46_wp027_e,2024,-11,0.8262764811515808,ATCM31_wp031_e,2008,5,0.9598525
Measure 531,Measure,2013,4,ATCM46_wp023_e,2024,-11,0.8237481117248535,ATCM38_wp026_e,2015,-2,0.9253245
Measure 531,Measure,2013,5,ATCM31_wp031_e,2008,5,0.8231592178344727,ATCM46_wp027_e,2024,-11,0.92120886
Measure 531,Measure,2013,6,ATCM38_wp026_e,2015,-2,0.8182089328765869,ATCM41_wp031_e,2018,-5,0.9110235
Measure 531,Measure,2013,7,ATCM36_wp036_e,2013,0,0.8168824911117554,ATCM45_wp054_rev1_e,2023,-10,0.9103982
Measure 531,Measure,2013,8,ATCM36_wp059_e,2013,0,0.8144673109054565,ATCM36_wp059_e,2013,0,0.90836626
Measure 531,Measure,2013,9,ATCM45_wp054_rev1_e,2023,-10,0.8100152015686035,ATCM35_wp044_e,2012,1,0.90459996
Measure 531,Measure,2013,10,ATCM41_wp031_e,2018,-5,0.808755099773407,ATCM46_wp023_e,2024,-11,0.8992453
Decision 550,Decision,2013,1,ATCM26_wp011_e,2003,10,0.8006358742713928,ATCM26_wp005_e,2003,10,0.9281097
Decision 550,Decision,2013,2,ATCM27_wp030_rev1_e,2004,9,0.7983879446983337,ATCM27_wp030_rev1_e,2004,9,0.90750915
Decision 550,Decision,2013,3,ATCM25_wp049_e,2002,11,0.7664661407470703,ATCM27_wp029_e,2004,9,0.906438
Decision 550,Decision,2013,4,ATCM26_wp005_e,2003,10,0.7664086222648621,ATCM24_wp037_e,2001,12,0.904389
Decision 550,Decision,2013,5,ATCM24_wp037_e,2001,12,0.7594464421272278,ATCM26_wp011_e,2003,10,0.89871323
Decision 550,Decision,2013,6,ATCM18_wp008_e,1994,19,0.758992075920105,ATCM25_wp049_e,2002,11,0.88606596
Decision 550,Decision,2013,7,ATCM30_wp044_e,2007,6,0.7462751269340515,ATCM30_wp044_e,2007,6,0.8808381
Decision 550,Decision,2013,8,ATCM17_wp007_e,1992,21,0.7391473054885864,ATCM18_wp008_e,1994,19,0.8566205
Decision 550,Decision,2013,9,ATCM17_wp019_e,1992,21,0.7381397485733032,ATCM17_wp019_e,1992,21,0.8477662
Decision 550,Decision,2013,10,ATCM27_wp029_e,2004,9,0.732214093208313,ATCM17_wp007_e,1992,21,0.8358054
Measure 625,Measure,2016,1,ATCM44_wp032_e,2022,-6,0.8865634799003601,ATCM29_wp024_e,2006,10,0.9805509
Measure 625,Measure,2016,2,ATCM39_wp040_e,2016,0,0.8453065156936646,ATCM39_wp040_e,2016,0,0.9785164
Measure 625,Measure,2016,3,ATCM29_wp024_e,2006,10,0.8387540578842163,ATCM34_wp058_e,2011,5,0.9769875
Measure 625,Measure,2016,4,ATCM34_wp058_e,2011,5,0.8253436088562012,ATCM44_wp032_e,2022,-6,0.9749741
Measure 625,Measure,2016,5,ATCM35_wp058_e,2012,4,0.8052939772605896,ATCM36_wp059_e,2013,3,0.91023874
Measure 625,Measure,2016,6,ATCM36_wp059_e,2013,3,0.8042550683021545,ATCM35_wp044_e,2012,4,0.90689254
Measure 625,Measure,2016,7,ATCM37_wp054_e,2014,2,0.8014684915542603,ATCM37_wp054_e,2014,2,0.90639657
Measure 625,Measure,2016,8,ATCM35_wp044_e,2012,4,0.800216555595398,ATCM46_wp023_e,2024,-8,0.8933466
Measure 625,Measure,2016,9,ATCM35_wp060_e,2012,4,0.7973270416259766,ATCM35_wp060_e,2012,4,0.8756169
Measure 625,Measure,2016,10,ATCM46_wp023_e,2024,-8,0.7937978506088257,ATCM35_wp058_e,2012,4,0.85947514
Measure 529,Measure,2013,1,ATCM35_wp044_e,2012,1,0.8665494918823242,ATCM41_wp031_e,2018,-5,0.9790037
Measure 529,Measure,2013,2,ATCM45_wp054_rev1_e,2023,-10,0.8380177617073059,ATCM35_wp044_e,2012,1,0.9778496
Measure 529,Measure,2013,3,ATCM41_wp031_e,2018,-5,0.8379268646240234,ATCM45_wp054_rev1_e,2023,-10,0.97716254
Measure 529,Measure,2013,4,ATCM21_wp030_e,1997,16,0.8228070735931396,ATCM21_wp030_e,1997,16,0.95491725
Measure 529,Measure,2013,5,ATCM37_wp054_e,2014,-1,0.8136584758758545,ATCM36_wp059_e,2013,0,0.9150832
Measure 529,Measure,2013,6,ATCM29_wp029_e,2006,7,0.8114091753959656,ATCM37_wp054_e,2014,-1,0.91333115
Measure 529,Measure,2013,7,ATCM36_wp059_e,2013,0,0.8074707984924316,ATCM29_wp029_e,2006,7,0.91189533
Measure 529,Measure,2013,8,ATCM37_wp058_rev1_e,2014,-1,0.8067193031311035,ATCM37_wp058_rev1_e,2014,-1,0.9117382
Measure 529,Measure,2013,9,ATCM31_wp047_e,2008,5,0.8055194616317749,ATCM31_wp047_e,2008,5,0.90459996
Measure 529,Measure,2013,10,ATCM35_wp058_e,2012,1,0.8037863969802856,ATCM35_wp058_e,2012,1,0.88347745
Resolution 517,Resolution,2012,1,ATCM35_wp064_e,2012,0,0.8112915754318237,ATCM36_wp066_e,2013,-1,0.9598525
Resolution 517,Resolution,2012,2,ATCM16_wp004_e,1991,21,0.803925096988678,ATCM35_wp064_e,2012,0,0.9473031
Resolution 517,Resolution,2012,3,ATCM15_wp046_rev2_e,1989,23,0.7978063225746155,ATCM37_wp056_e,2014,-2,0.9354881
Resolution 517,Resolution,2012,4,ATCM36_wp066_e,2013,-1,0.7928088307380676,ATCM16_wp004_e,1991,21,0.9151022
Resolution 517,Resolution,2012,5,ATCM23_wp011_e,1999,13,0.7858692407608032,ATCM23_wp011_e,1999,13,0.9003021
Resolution 517,Resolution,2012,6,ATCM12_wp019_e,1983,29,0.7856234908103943,ATCM23_wp027_e,1999,13,0.8988908
Resolution 517,Resolution,2012,7,ATCM23_wp027_e,1999,13,0.7844110131263733,ATCM15_wp006_e,1989,23,0.8946423
Resolution 517,Resolution,2012,8,ATCM11_wp033_rev2_e,1981,31,0.7792885303497314,ATCM15_wp046_rev2_e,1989,23,0.88246834
Resolution 517,Resolution,2012,9,ATCM15_wp006_e,1989,23,0.7764479517936707,ATCM11_wp033_rev2_e,1981,31,0.8648136
Resolution 517,Resolution,2012,10,ATCM37_wp056_e,2014,-2,0.7714047431945801,ATCM12_wp019_e,1983,29,0.8575773
Measure 359,Measure,2006,1,ATCM29_wp019_e,2006,0,0.8300517797470093,ATCM29_wp019_e,2006,0,0.9555851
Measure 359,Measure,2006,2,ATCM12_wp016_rev1_e,1983,23,0.6542115211486816,ATCM26_wp017_rev1_e,2003,3,0.9301036
Measure 359,Measure,2006,3,ATCM5_wp031_rev1_e,1968,38,0.6475144624710083,ATCM26_wp017_e,2003,3,0.92984915
Measure 359,Measure,2006,4,ATCM5_wp031_e,1968,38,0.6413276195526123,ATCM15_wp041_e,1989,17,0.8777285
Measure 359,Measure,2006,5,ATCM20_wp014_e,1996,10,0.6402320861816406,ATCM5_wp031_rev1_e,1968,38,0.8677546
Measure 359,Measure,2006,6,ATCM21_wp027_e,1997,9,0.637588381767273,ATCM5_wp031_e,1968,38,0.86685556
Measure 359,Measure,2006,7,ATCM26_wp017_rev1_e,2003,3,0.6312833428382874,ATCM20_wp014_e,1996,10,0.86041605
Measure 359,Measure,2006,8,ATCM15_wp041_e,1989,17,0.6275522708892822,ATCM21_wp027_e,1997,9,0.84265614
Measure 359,Measure,2006,9,ATCM26_wp017_e,2003,3,0.6268787384033203,ATCM5_wp032_e,1968,38,0.8352686
Measure 359,Measure,2006,10,ATCM5_wp032_e,1968,38,0.6261003017425537,ATCM12_wp016_rev1_e,1983,23,0.8314717
Decision 409,Decision,2008,1,ATCM33_wp041_e,2010,-2,0.8664689064025879,ATCM28_wp029_e,2005,3,0.92978543
Decision 409,Decision,2008,2,ATCM27_wp012_e,2004,4,0.813409149646759,ATCM35_wp029_e,2012,-4,0.9154241
Decision 409,Decision,2008,3,ATCM43_wp038_e,2021,-13,0.8129339218139648,ATCM33_wp041_e,2010,-2,0.91366404
Decision 409,Decision,2008,4,ATCM46_wp054_e,2024,-16,0.8069561719894409,ATCM44_wp009_e,2022,-14,0.8951933
Decision 409,Decision,2008,5,ATCM35_wp029_e,2012,-4,0.8048664331436157,ATCM46_wp054_e,2024,-16,0.8938109
Decision 409,Decision,2008,6,ATCM23_wp033_e,1999,9,0.8018912076950073,ATCM47_wp015_e,2025,-17,0.88995034
Decision 409,Decision,2008,7,ATCM28_wp029_e,2005,3,0.8016567230224609,ATCM27_wp012_e,2004,4,0.8828729
Decision 409,Decision,2008,8,ATCM12_wp013_e,1983,25,0.7980458736419678,ATCM43_wp038_e,2021,-13,0.8781472
Decision 409,Decision,2008,9,ATCM44_wp009_e,2022,-14,0.7926597595214844,ATCM23_wp033_e,1999,9,0.80843043
Decision 409,Decision,2008,10,ATCM47_wp015_e,2025,-17,0.7891665697097778,ATCM12_wp013_e,1983,25,0.79027146
Resolution 638,Resolution,2016,1,ATCM46_wp052_e,2024,-8,0.8532229065895081,ATCM46_wp052_e,2024,-8,0.9526798
Resolution 638,Resolution,2016,2,ATCM28_wp031_e,2005,11,0.8506290912628174,ATCM42_wp054_e,2019,-3,0.9517915
Resolution 638,Resolution,2016,3,ATCM47_wp021_rev1_e,2025,-9,0.8347471952438354,ATCM28_wp031_e,2005,11,0.94903076
Resolution 638,Resolution,2016,4,ATCM27_wp026_e,2004,12,0.8330520391464233,ATCM47_wp021_rev1_e,2025,-9,0.9452176
Resolution 638,Resolution,2016,5,ATCM36_wp015_e,2013,3,0.8330370187759399,ATCM41_wp032_e,2018,-2,0.9437843
Resolution 638,Resolution,2016,6,ATCM42_wp054_e,2019,-3,0.8287882804870605,ATCM36_wp015_e,2013,3,0.9388232
Resolution 638,Resolution,2016,7,ATCM36_wp020_e,2013,3,0.826667070388794,ATCM27_wp026_e,2004,12,0.93825984
Resolution 638,Resolution,2016,8,ATCM41_wp032_e,2018,-2,0.8260970711708069,ATCM36_wp020_e,2013,3,0.9370036
Resolution 638,Resolution,2016,9,ATCM29_wp001_e,2006,10,0.8223150968551636,ATCM29_wp001_e,2006,10,0.9308616
Resolution 638,Resolution,2016,10,ATCM29_wp002_e,2006,10,0.8182045221328735,ATCM29_wp002_e,2006,10,0.92485076
Decision 634,Decision,2016,1,ATCM26_wp041_e,2003,13,0.9556530714035034,ATCM46_wp017_e,2024,-8,0.981138
Decision 634,Decision,2016,2,ATCM39_wp042_e,2016,0,0.9516621828079224,ATCM39_wp042_e,2016,0,0.98009884
Decision 634,Decision,2016,3,ATCM31_wp063_rev1_e,2008,8,0.9515218734741211,ATCM31_wp063_e,2008,8,0.9706433
Decision 634,Decision,2016,4,ATCM31_wp063_e,2008,8,0.9514128565788269,ATCM31_wp063_rev1_e,2008,8,0.9706433
Decision 634,Decision,2016,5,ATCM46_wp017_e,2024,-8,0.9441277980804443,ATCM25_wp042_e,2002,14,0.96833336
Decision 634,Decision,2016,6,ATCM25_wp042_e,2002,14,0.9385332465171814,ATCM26_wp041_e,2003,13,0.9497813
Decision 634,Decision,2016,7,ATCM27_wp047_rev1_e,2004,12,0.8086003065109253,ATCM27_wp047_rev1_e,2004,12,0.9365409
Decision 634,Decision,2016,8,ATCM18_wp008_e,1994,22,0.7471957206726074,ATCM40_wp027_e,2017,-1,0.93272346
Decision 634,Decision,2016,9,ATCM40_wp027_e,2017,-1,0.724371075630188,ATCM18_wp008_e,1994,22,0.9040931
Decision 634,Decision,2016,10,ATCM25_wp028_e,2002,14,0.7240773439407349,ATCM25_wp028_e,2002,14,0.8832763
Measure 629,Measure,2016,1,ATCM39_wp047_rev2_e,2016,0,0.9410384297370911,ATCM39_wp047_rev2_e,2016,0,0.9839462
Measure 629,Measure,2016,2,ATCM17_wp027_rev2_e,1992,24,0.8186866044998169,ATCM26_wp017_rev1_e,2003,13,0.95088744
Measure 629,Measure,2016,3,ATCM39_wp048_rev1_e,2016,0,0.7768338918685913,ATCM26_wp017_e,2003,13,0.94996727
Measure 629,Measure,2016,4,ATCM6_wp009_e,1970,46,0.7571092844009399,ATCM17_wp027_rev2_e,1992,24,0.94430023
Measure 629,Measure,2016,5,ATCM26_wp017_rev1_e,2003,13,0.7570923566818237,ATCM39_wp048_rev1_e,2016,0,0.9372338
Measure 629,Measure,2016,6,ATCM6_wp009_rev1_e,1970,46,0.7559674978256226,ATCM7_wp034_rev2_e,1972,44,0.9296579
Measure 629,Measure,2016,7,ATCM7_wp034_rev3_e,1972,44,0.7555263042449951,ATCM7_wp034_rev1_e,1972,44,0.92464685
Measure 629,Measure,2016,8,ATCM26_wp017_e,2003,13,0.7544058561325073,ATCM7_wp034_rev3_e,1972,44,0.9192012
Measure 629,Measure,2016,9,ATCM7_wp034_rev2_e,1972,44,0.7542228698730469,ATCM6_wp009_rev1_e,1970,46,0.9052302
Measure 629,Measure,2016,10,ATCM7_wp034_rev1_e,1972,44,0.7535253167152405,ATCM6_wp009_e,1970,46,0.902644
Measure 648,Measure,2017,1,ATCM44_wp045_e,2022,-5,0.8990709781646729,ATCM30_wp030_e,2007,10,0.9854741
Measure 648,Measure,2017,2,ATCM35_wp008_e,2012,5,0.8972482681274414,ATCM44_wp045_e,2022,-5,0.9755397
Measure 648,Measure,2017,3,ATCM30_wp030_e,2007,10,0.8726613521575928,ATCM40_wp009_rev1_e,2017,0,0.97478276
Measure 648,Measure,2017,4,ATCM40_wp009_rev1_e,2017,0,0.8562568426132202,ATCM35_wp008_e,2012,5,0.9743959
Measure 648,Measure,2017,5,ATCM36_wp059_e,2013,4,0.825440526008606,ATCM38_wp026_e,2015,2,0.92712605
Measure 648,Measure,2017,6,ATCM35_wp044_e,2012,5,0.8207669258117676,ATCM45_wp054_rev1_e,2023,-6,0.92038983
Measure 648,Measure,2017,7,ATCM38_wp026_e,2015,2,0.8159431219100952,ATCM35_wp044_e,2012,5,0.91523486
Measure 648,Measure,2017,8,ATCM29_wp029_e,2006,11,0.8126364350318909,ATCM36_wp059_e,2013,4,0.9143213
Measure 648,Measure,2017,9,ATCM45_wp054_rev1_e,2023,-6,0.8118162155151367,ATCM29_wp029_e,2006,11,0.9048104
Measure 648,Measure,2017,10,ATCM35_wp058_e,2012,5,0.8091232180595398,ATCM35_wp058_e,2012,5,0.87582946
Resolution 614,Resolution,2015,1,ATCM35_wp057_e,2012,3,0.8779230117797852,ATCM42_wp052_e,2019,-4,0.96785074
Resolution 614,Resolution,2015,2,ATCM39_wp010_e,2016,-1,0.8708673715591431,ATCM35_wp057_e,2012,3,0.9661048
Resolution 614,Resolution,2015,3,ATCM38_wp021_e,2015,0,0.8617706298828125,ATCM39_wp010_e,2016,-1,0.9627573
Resolution 614,Resolution,2015,4,ATCM37_wp010_e,2014,1,0.8524109125137329,ATCM38_wp021_e,2015,0,0.961331
Resolution 614,Resolution,2015,5,ATCM36_wp028_e,2013,2,0.8379793167114258,ATCM37_wp010_e,2014,1,0.9603016
Resolution 614,Resolution,2015,6,ATCM42_wp052_e,2019,-4,0.8229465484619141,ATCM40_wp025_e,2017,-2,0.96015245
Resolution 614,Resolution,2015,7,ATCM36_wp058_e,2013,2,0.7997522354125977,ATCM36_wp028_e,2013,2,0.9572139
Resolution 614,Resolution,2015,8,ATCM40_wp025_e,2017,-2,0.7898721098899841,ATCM36_wp058_e,2013,2,0.9336973
Resolution 614,Resolution,2015,9,ATCM28_wp001_e,2005,10,0.7692050933837891,ATCM28_wp001_e,2005,10,0.7783799
Resolution 614,Resolution,2015,10,ATCM12_wp018_e,1983,32,0.7437659502029419,ATCM12_wp018_e,1983,32,0.7546258
Resolution 704,Resolution,2019,1,ATCM1_wp025_e,1961,58,0.7661321759223938,ATCM7_wp029_rev2_e,1972,47,0.9027726
Resolution 704,Resolution,2019,2,ATCM7_wp029_rev2_e,1972,47,0.7597435712814331,ATCM1_wp025_e,1961,58,0.89574176
Resolution 704,Resolution,2019,3,ATCM1_wp034_e,1961,58,0.7581515908241272,ATCM30_wp019_e,2007,12,0.8878285
Resolution 704,Resolution,2019,4,ATCM1_wp013_e,1961,58,0.7507725954055786,ATCM3_wp003_rev2_e,1964,55,0.8804275
Resolution 704,Resolution,2019,5,ATCM30_wp019_e,2007,12,0.7491924166679382,ATCM1_wp013_e,1961,58,0.87129974
Resolution 704,Resolution,2019,6,ATCM3_wp003_rev2_e,1964,55,0.748202919960022,ATCM18_wp019_e,1994,25,0.8682022
Resolution 704,Resolution,2019,7,ATCM7_wp058_e,1972,47,0.7465348243713379,ATCM7_wp058_e,1972,47,0.8650418
Resolution 704,Resolution,2019,8,ATCM17_wp003_e,1992,27,0.7464471459388733,ATCM17_wp003_e,1992,27,0.8636677
Resolution 704,Resolution,2019,9,ATCM7_wp041_e,1972,47,0.7458025813102722,ATCM1_wp034_e,1961,58,0.86181754
Resolution 704,Resolution,2019,10,ATCM18_wp019_e,1994,25,0.7453417181968689,ATCM7_wp041_e,1972,47,0.84726137
Decision 362,Decision,2006,1,ATCM29_wp005_rev1_e,2006,0,0.8486494421958923,ATCM29_wp005_rev1_e,2006,0,0.9405936
Decision 362,Decision,2006,2,ATCM26_wp004_e,2003,3,0.7489458322525024,ATCM33_wp022_e,2010,-4,0.875404
Decision 362,Decision,2006,3,ATCM24_wp026_e,2001,5,0.7463531494140625,ATCM45_wp014_e,2023,-17,0.8566205
Decision 362,Decision,2006,4,ATCM25_wp041_e,2002,4,0.7416353821754456,ATCM24_wp026_e,2001,5,0.8102388
Decision 362,Decision,2006,5,ATCM45_wp014_e,2023,-17,0.7402770519256592,ATCM26_wp037_e,2003,3,0.7797246
Decision 362,Decision,2006,6,ATCM33_wp022_e,2010,-4,0.739871084690094,ATCM26_wp037_rev1_e,2003,3,0.7783799
Decision 362,Decision,2006,7,ATCM23_wp040_e,1999,7,0.7382704019546509,ATCM26_wp004_e,2003,3,0.7783799
Decision 362,Decision,2006,8,ATCM27_wp003_e,2004,2,0.7231380939483643,ATCM23_wp040_e,1999,7,0.7589396
Decision 362,Decision,2006,9,ATCM26_wp037_e,2003,3,0.7127393484115601,ATCM27_wp003_e,2004,2,0.7546258
Decision 362,Decision,2006,10,ATCM26_wp037_rev1_e,2003,3,0.7126836776733398,ATCM25_wp041_e,2002,4,0.74879336
Recommendation 96,Recommendation,1972,1,ATCM7_wp056_e,1972,0,0.9347341060638428,ATCM7_wp056_e,1972,0,0.9753525
Recommendation 96,Recommendation,1972,2,ATCM3_wp033_e,1964,8,0.7964671850204468,ATCM3_wp033_e,1964,8,0.94113696
Recommendation 96,Recommendation,1972,3,ATCM27_wp022_e,2004,-32,0.7718720436096191,ATCM27_wp022_e,2004,-32,0.93971455
Recommendation 96,Recommendation,1972,4,ATCM7_wp058_e,1972,0,0.7329585552215576,ATCM7_wp058_e,1972,0,0.93148744
Recommendation 96,Recommendation,1972,5,ATCM28_wp028_e,2005,-33,0.7278835773468018,ATCM27_wp017_e,2004,-32,0.9089134
Recommendation 96,Recommendation,1972,6,ATCM27_wp017_e,2004,-32,0.7240380644798279,ATCM1_wp025_e,1961,11,0.9056065
Recommendation 96,Recommendation,1972,7,ATCM1_wp013_e,1961,11,0.7139307260513306,ATCM1_wp013_e,1961,11,0.89683104
Recommendation 96,Recommendation,1972,8,ATCM7_wp041_e,1972,0,0.709291398525238,ATCM7_wp041_e,1972,0,0.896106
Recommendation 96,Recommendation,1972,9,ATCM1_wp034_e,1961,11,0.7075369358062744,ATCM28_wp028_e,2005,-33,0.8950099
Recommendation 96,Recommendation,1972,10,ATCM1_wp025_e,1961,11,0.7071145176887512,ATCM1_wp034_e,1961,11,0.8715186
Recommendation 73,Recommendation,1968,1,ATCM5_wp042_rev3_e,1968,0,0.8918174505233765,ATCM5_wp042_rev3_e,1968,0,0.9776798
Recommendation 73,Recommendation,1968,2,ATCM5_wp040_e,1968,0,0.8889246582984924,ATCM5_wp022_e,1968,0,0.9742002
Recommendation 73,Recommendation,1968,3,ATCM5_wp042_rev1_e,1968,0,0.8725253343582153,ATCM5_wp042_rev1_e,1968,0,0.9637254
Recommendation 73,Recommendation,1968,4,ATCM4_wp060_e,1966,2,0.8717659711837769,ATCM5_wp042_e,1968,0,0.9600028
Recommendation 73,Recommendation,1968,5,ATCM5_wp041_e,1968,0,0.8676707148551941,ATCM5_wp040_e,1968,0,0.9519705
Recommendation 73,Recommendation,1968,6,ATCM5_wp041_rev1_e,1968,0,0.8634489178657532,ATCM4_wp060_rev1_e,1966,2,0.93223155
Recommendation 73,Recommendation,1968,7,ATCM4_wp060_rev1_e,1966,2,0.862342119216919,ATCM5_wp041_rev1_e,1968,0,0.9212444
Recommendation 73,Recommendation,1968,8,ATCM5_wp022_e,1968,0,0.8585464358329773,ATCM4_wp060_e,1966,2,0.9177387
Recommendation 73,Recommendation,1968,9,ATCM3_wp004_rev1_e,1964,4,0.8573591709136963,ATCM5_wp041_e,1968,0,0.91244054
Recommendation 73,Recommendation,1968,10,ATCM5_wp042_e,1968,0,0.8527318239212036,ATCM3_wp004_rev1_e,1964,4,0.88665617
Recommendation 147,Recommendation,1985,1,ATCM12_wp025_e,1983,2,0.8633424043655396,ATCM8_wp009_rev1_e,1975,10,0.9641328
Recommendation 147,Recommendation,1985,2,ATCM12_wp007_e,1983,2,0.8581033945083618,ATCM12_wp007_e,1983,2,0.9586308
Recommendation 147,Recommendation,1985,3,ATCM15_wp016_e,1989,-4,0.8481326699256897,ATCM7_wp015_e,1972,13,0.9538974
Recommendation 147,Recommendation,1985,4,ATCM8_wp009_rev1_e,1975,10,0.846961259841919,ATCM15_wp016_e,1989,-4,0.95070475
Recommendation 147,Recommendation,1985,5,ATCM7_wp015_e,1972,13,0.8203163743019104,ATCM15_wp063_e,1989,-4,0.94651765
Recommendation 147,Recommendation,1985,6,ATCM15_wp010_e,1989,-4,0.8180705904960632,ATCM12_wp025_e,1983,2,0.94651765
Recommendation 147,Recommendation,1985,7,ATCM15_wp063_e,1989,-4,0.8167991638183594,ATCM15_wp010_e,1989,-4,0.93677264
Recommendation 147,Recommendation,1985,8,ATCM12_wp018_e,1983,2,0.7852475643157959,ATCM12_wp018_e,1983,2,0.9319843
Recommendation 147,Recommendation,1985,9,ATCM35_wp021_e,2012,-27,0.7768226861953735,ATCM6_wp019_e,1970,15,0.9238263
Recommendation 147,Recommendation,1985,10,ATCM6_wp019_e,1970,15,0.7738141417503357,ATCM35_wp021_e,2012,-27,0.9008268
Resolution 224,Resolution,1995,1,ATCM19_wp011_rev1_e,1995,0,0.8992749452590942,ATCM19_wp011_rev1_e,1995,0,0.95784926
Resolution 224,Resolution,1995,2,ATCM8_wp029_rev1_e,1975,20,0.8300796747207642,ATCM8_wp029_rev3_e,1975,20,0.9344191
Resolution 224,Resolution,1995,3,ATCM8_wp029_rev3_e,1975,20,0.8277568221092224,ATCM8_wp029_rev1_e,1975,20,0.92498636
Resolution 224,Resolution,1995,4,ATCM15_wp010_e,1989,6,0.7399266958236694,ATCM20_wp030_e,1996,-1,0.9152254
Resolution 224,Resolution,1995,5,ATCM15_wp063_e,1989,6,0.7272955179214478,ATCM20_wp010_e,1996,-1,0.8932535
Resolution 224,Resolution,1995,6,ATCM15_wp016_e,1989,6,0.7103817462921143,ATCM15_wp063_e,1989,6,0.88246834
Resolution 224,Resolution,1995,7,ATCM20_wp030_e,1996,-1,0.7070188522338867,ATCM15_wp010_e,1989,6,0.86953735
Resolution 224,Resolution,1995,8,ATCM15_wp059_e,1989,6,0.6899819374084473,ATCM15_wp016_e,1989,6,0.8622821
Resolution 224,Resolution,1995,9,ATCM20_wp010_e,1996,-1,0.6854385137557983,ATCM15_wp059_e,1989,6,0.85994625
Resolution 224,Resolution,1995,10,ATCM12_wp007_e,1983,12,0.6706872582435608,ATCM12_wp007_e,1983,12,0.84726137
Recommendation 144,Recommendation,1985,1,ATCM12_wp026_e,1983,2,0.8632042407989502,ATCM14_wp009_e,1987,-2,0.94252783
Recommendation 144,Recommendation,1985,2,ATCM12_wp010_e,1983,2,0.8271582126617432,ATCM13_wp034_e,1985,0,0.9336973
Recommendation 144,Recommendation,1985,3,ATCM11_wp005_e,1981,4,0.8233535289764404,ATCM15_wp013_e,1989,-4,0.91742486
Recommendation 144,Recommendation,1985,4,ATCM14_wp009_e,1987,-2,0.8132984042167664,ATCM16_wp008_e,1991,-6,0.9150263
Recommendation 144,Recommendation,1985,5,ATCM16_wp008_e,1991,-6,0.8117467164993286,ATCM12_wp010_e,1983,2,0.8846785
Recommendation 144,Recommendation,1985,6,ATCM13_wp031_e,1985,0,0.8078612089157104,ATCM12_wp026_e,1983,2,0.8836784
Recommendation 144,Recommendation,1985,7,ATCM14_wp021_e,1987,-2,0.8069889545440674,ATCM13_wp031_e,1985,0,0.8688713
Recommendation 144,Recommendation,1985,8,ATCM11_wp038_e,1981,4,0.8042691946029663,ATCM14_wp021_e,1987,-2,0.8652696
Recommendation 144,Recommendation,1985,9,ATCM15_wp013_e,1989,-4,0.8026250004768372,ATCM11_wp005_e,1981,4,0.85517514
Recommendation 144,Recommendation,1985,10,ATCM13_wp034_e,1985,0,0.8004350662231445,ATCM11_wp038_e,1981,4,0.85126173
Resolution 248,Resolution,1997,1,ATCM21_wp025_e,1997,0,0.9087575674057007,ATCM21_wp025_e,1997,0,0.9416756
Resolution 248,Resolution,1997,2,ATCM31_wp034_e,2008,-11,0.7959508299827576,ATCM21_wp041_e,1997,0,0.9319843
Resolution 248,Resolution,1997,3,ATCM18_wp009_e,1994,3,0.7871459722518921,ATCM31_wp034_e,2008,-11,0.9274553
Resolution 248,Resolution,1997,4,ATCM42_wp066_e,2019,-22,0.7812281847000122,ATCM18_wp020_e,1994,3,0.92237055
Resolution 248,Resolution,1997,5,ATCM21_wp041_e,1997,0,0.7787220478057861,ATCM18_wp009_e,1994,3,0.90685123
Resolution 248,Resolution,1997,6,ATCM16_wp029_e,1991,6,0.7775040864944458,ATCM43_wp061_e,2021,-24,0.8925063
Resolution 248,Resolution,1997,7,ATCM43_wp061_e,2021,-24,0.7763338685035706,ATCM36_wp033_e,2013,-16,0.8911876
Resolution 248,Resolution,1997,8,ATCM17_wp014_e,1992,5,0.7750245332717896,ATCM16_wp029_e,1991,6,0.88447905
Resolution 248,Resolution,1997,9,ATCM18_wp020_e,1994,3,0.7533830404281616,ATCM17_wp014_e,1992,5,0.8820626
Resolution 248,Resolution,1997,10,ATCM36_wp033_e,2013,-16,0.7509954571723938,ATCM42_wp066_e,2019,-22,0.8721733
Resolution 581,Resolution,2014,1,ATCM15_wp049_e,1989,25,0.8242932558059692,ATCM10_wp025_rev1_e,1979,35,0.9308616
Resolution 581,Resolution,2014,2,ATCM15_wp052_rev3_e,1989,25,0.815139889717102,ATCM10_wp025_e,1979,35,0.9211025
Resolution 581,Resolution,2014,3,ATCM6_wp011_rev3_e,1970,44,0.8128859400749207,ATCM15_wp052_rev3_e,1989,25,0.91806984
Resolution 581,Resolution,2014,4,ATCM10_wp025_e,1979,35,0.8060504198074341,ATCM15_wp024_e,1989,25,0.91303664
Resolution 581,Resolution,2014,5,ATCM10_wp025_rev1_e,1979,35,0.8032098412513733,ATCM15_wp049_e,1989,25,0.9091557
Resolution 581,Resolution,2014,6,ATCM15_wp024_e,1989,25,0.8012353181838989,ATCM6_wp011_rev3_e,1970,44,0.9085287
Resolution 581,Resolution,2014,7,ATCM14_wp023_e,1987,27,0.7911189198493958,ATCM14_wp023_e,1987,27,0.90324295
Resolution 581,Resolution,2014,8,ATCM10_wp006_rev1_e,1979,35,0.7891383171081543,ATCM6_wp011_rev1_e,1970,44,0.8982678
Resolution 581,Resolution,2014,9,ATCM10_wp006_e,1979,35,0.7822895050048828,ATCM10_wp006_rev1_e,1979,35,0.8842793
Resolution 581,Resolution,2014,10,ATCM6_wp011_rev1_e,1970,44,0.7784687280654907,ATCM10_wp006_e,1979,35,0.88267076
Measure 622,Measure,2016,1,ATCM39_wp026_e,2016,0,0.922636866569519,ATCM34_wp031_e,2011,5,0.9755397
Measure 622,Measure,2016,2,ATCM46_wp025_e,2024,-8,0.8835800886154175,ATCM46_wp025_e,2024,-8,0.9755397
Measure 622,Measure,2016,3,ATCM34_wp031_e,2011,5,0.8739758729934692,ATCM39_wp026_e,2016,0,0.97360456
Measure 622,Measure,2016,4,ATCM38_wp026_e,2015,1,0.8215548992156982,ATCM29_wp031_e,2006,10,0.9559155
Measure 622,Measure,2016,5,ATCM46_wp023_e,2024,-8,0.8181986808776855,ATCM38_wp026_e,2015,1,0.9236199
Measure 622,Measure,2016,6,ATCM35_wp058_e,2012,4,0.8165542483329773,ATCM43_wp003_e,2021,-5,0.9221605
Measure 622,Measure,2016,7,ATCM35_wp060_e,2012,4,0.8126161098480225,ATCM46_wp027_e,2024,-8,0.91284686
Measure 622,Measure,2016,8,ATCM43_wp003_e,2021,-5,0.8073501586914062,ATCM46_wp023_e,2024,-8,0.90186876
Measure 622,Measure,2016,9,ATCM29_wp031_e,2006,10,0.8049113750457764,ATCM35_wp060_e,2012,4,0.8886042
Measure 622,Measure,2016,10,ATCM46_wp027_e,2024,-8,0.803840160369873,ATCM35_wp058_e,2012,4,0.87347406
Measure 261,Measure,1999,1,ATCM32_wp042_e,2009,-10,0.8152174353599548,ATCM27_wp024_rev1_e,2004,-5,0.9642677
Measure 261,Measure,1999,2,ATCM8_wp002_e,1975,24,0.8076863884925842,ATCM46_wp039_e,2024,-25,0.95575064
Measure 261,Measure,1999,3,ATCM8_wp005_e,1975,24,0.7946274280548096,ATCM42_wp040_e,2019,-20,0.9550851
Measure 261,Measure,1999,4,ATCM42_wp040_e,2019,-20,0.7850654125213623,ATCM37_wp011_e,2014,-15,0.94769174
Measure 261,Measure,1999,5,ATCM15_wp032_rev1_e,1989,10,0.7837479710578918,ATCM32_wp042_e,2009,-10,0.9415683
Measure 261,Measure,1999,6,ATCM37_wp011_e,2014,-15,0.7798642516136169,ATCM22_wp003_e,1998,1,0.92251027
Measure 261,Measure,1999,7,ATCM8_wp035_e,1975,24,0.7777230739593506,ATCM15_wp032_rev1_e,1989,10,0.8905229
Measure 261,Measure,1999,8,ATCM22_wp003_e,1998,1,0.7766885757446289,ATCM8_wp035_e,1975,24,0.88165563
Measure 261,Measure,1999,9,ATCM46_wp039_e,2024,-25,0.7712799310684204,ATCM8_wp002_e,1975,24,0.87195534
Measure 261,Measure,1999,10,ATCM27_wp024_rev1_e,2004,-5,0.7690988183021545,ATCM8_wp005_e,1975,24,0.8264878
Measure 545,Measure,2013,1,ATCM36_wp062_e,2013,0,0.8825478553771973,ATCM36_wp062_e,2013,0,0.9704198
Measure 545,Measure,2013,2,ATCM21_wp003_e,1997,16,0.7088088989257812,ATCM26_wp017_rev1_e,2003,10,0.93688816
Measure 545,Measure,2013,3,ATCM5_wp031_rev1_e,1968,45,0.705437183380127,ATCM21_wp003_e,1997,16,0.85947514
Measure 545,Measure,2013,4,ATCM21_wp004_rev1_e,1997,16,0.7044628858566284,ATCM15_wp069_e,1989,24,0.8502698
Measure 545,Measure,2013,5,ATCM5_wp031_e,1968,45,0.7030364871025085,ATCM15_wp041_e,1989,24,0.84265614
Measure 545,Measure,2013,6,ATCM5_wp032_e,1968,45,0.6973625421524048,ATCM5_wp031_e,1968,45,0.8368747
Measure 545,Measure,2013,7,ATCM5_wp039_e,1968,45,0.6941990852355957,ATCM5_wp031_rev1_e,1968,45,0.82816195
Measure 545,Measure,2013,8,ATCM15_wp041_e,1989,24,0.6888008117675781,ATCM21_wp004_rev1_e,1997,16,0.8090347
Measure 545,Measure,2013,9,ATCM15_wp069_e,1989,24,0.6787782311439514,ATCM5_wp032_e,1968,45,0.79027146
Measure 545,Measure,2013,10,ATCM26_wp017_rev1_e,2003,10,0.6756898164749146,ATCM5_wp039_e,1968,45,0.79027146
Decision 632,Decision,2016,1,ATCM27_wp008_e,2004,12,0.8510974645614624,ATCM39_wp007_e,2016,0,0.9610396
Decision 632,Decision,2016,2,ATCM39_wp007_e,2016,0,0.8485045433044434,ATCM39_wp019_e,2016,0,0.94284445
Decision 632,Decision,2016,3,ATCM21_wp001_e,1997,19,0.8415430784225464,ATCM34_wp022_e,2011,5,0.94284445
Decision 632,Decision,2016,4,ATCM28_wp046_e,2005,11,0.820103645324707,ATCM28_wp046_e,2005,11,0.92984915
Decision 632,Decision,2016,5,ATCM34_wp022_e,2011,5,0.8154560327529907,ATCM26_wp040_e,2003,13,0.9283699
Decision 632,Decision,2016,6,ATCM26_wp040_e,2003,13,0.8128446936607361,ATCM21_wp001_e,1997,19,0.926994
Decision 632,Decision,2016,7,ATCM39_wp019_e,2016,0,0.8106403350830078,ATCM27_wp008_e,2004,12,0.90713954
Decision 632,Decision,2016,8,ATCM21_wp033_e,1997,19,0.8097885847091675,ATCM21_wp033_e,1997,19,0.8938109
Decision 632,Decision,2016,9,ATCM10_wp015_e,1979,37,0.8055856227874756,ATCM17_wp024_rev2_e,1992,24,0.8832763
Decision 632,Decision,2016,10,ATCM17_wp024_rev2_e,1992,24,0.8042043447494507,ATCM10_wp015_e,1979,37,0.7928494
Decision 658,Decision,2017,1,ATCM35_wp030_e,2012,5,0.8557640314102173,ATCM35_wp030_e,2012,5,0.967361
Decision 658,Decision,2017,2,ATCM36_wp067_e,2013,4,0.7912272810935974,ATCM35_wp047_e,2012,5,0.93982506
Decision 658,Decision,2017,3,ATCM45_wp015_rev2_e,2023,-6,0.7667509317398071,ATCM45_wp015_rev2_e,2023,-6,0.93904716
Decision 658,Decision,2017,4,ATCM36_wp031_e,2013,4,0.7505258917808533,ATCM36_wp067_e,2013,4,0.9311125
Decision 658,Decision,2017,5,ATCM35_wp047_e,2012,5,0.7379462718963623,ATCM36_wp031_e,2013,4,0.92862916
Decision 658,Decision,2017,6,ATCM40_wp030_e,2017,0,0.7215709686279297,ATCM40_wp030_e,2017,0,0.9189469
Decision 658,Decision,2017,7,ATCM38_wp005_e,2015,2,0.7108033895492554,ATCM32_wp046_e,2009,8,0.8613517
Decision 658,Decision,2017,8,ATCM32_wp046_e,2009,8,0.7102120518684387,ATCM36_wp007_e,2013,4,0.83634084
Decision 658,Decision,2017,9,ATCM36_wp007_e,2013,4,0.7099320292472839,ATCM38_wp005_e,2015,2,0.8102388
Decision 658,Decision,2017,10,ATCM16_wp056_e,1991,26,0.7020566463470459,ATCM16_wp056_e,1991,26,0.7546258
Measure 722,Measure,2021,1,ATCM43_wp023_rev1_e,2021,0,0.8885154724121094,ATCM33_wp032_e,2010,11,0.9708651
Measure 722,Measure,2021,2,ATCM33_wp032_e,2010,11,0.8564785718917847,ATCM43_wp023_rev1_e,2021,0,0.9690442
Measure 722,Measure,2021,3,ATCM38_wp026_e,2015,6,0.8564255833625793,ATCM31_wp025_rev1_e,2008,13,0.95491725
Measure 722,Measure,2021,4,ATCM33_wp033_e,2010,11,0.8216975331306458,ATCM38_wp026_e,2015,6,0.9542397
Measure 722,Measure,2021,5,ATCM43_wp024_rev1_e,2021,0,0.8202087879180908,ATCM43_wp025_rev1_e,2021,0,0.89897954
Measure 722,Measure,2021,6,ATCM43_wp025_rev1_e,2021,0,0.8179887533187866,ATCM33_wp033_e,2010,11,0.8976414
Measure 722,Measure,2021,7,ATCM33_wp035_e,2010,11,0.8160327076911926,ATCM43_wp024_rev1_e,2021,0,0.8940887
Measure 722,Measure,2021,8,ATCM36_wp030_e,2013,8,0.8147377967834473,ATCM33_wp035_e,2010,11,0.8932535
Measure 722,Measure,2021,9,ATCM31_wp025_rev1_e,2008,13,0.8128470778465271,ATCM36_wp030_e,2013,8,0.8901415
Measure 722,Measure,2021,10,ATCM46_wp023_e,2024,-3,0.8114324808120728,ATCM46_wp023_e,2024,-3,0.8878285
Resolution 559,Resolution,2013,1,ATCM33_wp013_e,2010,3,0.84587562084198,ATCM41_wp025_e,2018,-5,0.97868
Resolution 559,Resolution,2013,2,ATCM41_wp025_e,2018,-5,0.8407124280929565,ATCM28_wp013_e,2005,8,0.97835165
Resolution 559,Resolution,2013,3,ATCM28_wp013_e,2005,8,0.8390027284622192,ATCM32_wp026_e,2009,4,0.9655894
Resolution 559,Resolution,2013,4,ATCM31_wp004_e,2008,5,0.835745096206665,ATCM33_wp013_e,2010,3,0.964402
Resolution 559,Resolution,2013,5,ATCM32_wp026_e,2009,4,0.8310260772705078,ATCM37_wp012_e,2014,-1,0.9641328
Resolution 559,Resolution,2013,6,ATCM42_wp012_e,2019,-6,0.8264957666397095,ATCM32_wp018_e,2009,4,0.96289706
Resolution 559,Resolution,2013,7,ATCM30_wp036_e,2007,6,0.824061393737793,ATCM30_wp036_e,2007,6,0.9623348
Resolution 559,Resolution,2013,8,ATCM37_wp012_e,2014,-1,0.8169947862625122,ATCM31_wp004_e,2008,5,0.9617643
Resolution 559,Resolution,2013,9,ATCM32_wp018_e,2009,4,0.8167757987976074,ATCM42_wp012_e,2019,-6,0.9572139
Resolution 559,Resolution,2013,10,ATCM32_wp049_rev2_e,2009,4,0.814002275466919,ATCM32_wp049_rev2_e,2009,4,0.9484609
Decision 405,Decision,2008,1,ATCM21_wp001_e,1997,11,0.7924816012382507,ATCM31_wp001_e,2008,0,0.96760666
Decision 405,Decision,2008,2,ATCM32_wp007_e,2009,-1,0.7896814346313477,ATCM1_wp002_e,1961,47,0.9279139
Decision 405,Decision,2008,3,ATCM31_wp001_e,2008,0,0.7808398008346558,ATCM27_wp048_rev1_e,2004,4,0.9232747
Decision 405,Decision,2008,4,ATCM27_wp048_rev1_e,2004,4,0.7720766067504883,ATCM21_wp001_e,1997,11,0.9104678
Decision 405,Decision,2008,5,ATCM1_wp002_e,1961,47,0.7717846632003784,ATCM32_wp007_e,2009,-1,0.89959866
Decision 405,Decision,2008,6,ATCM27_wp008_e,2004,4,0.7688401341438293,ATCM26_wp040_e,2003,5,0.8886042
Decision 405,Decision,2008,7,ATCM26_wp040_e,2003,5,0.7558435201644897,ATCM21_wp040_e,1997,11,0.87497735
Decision 405,Decision,2008,8,ATCM21_wp033_e,1997,11,0.7446585893630981,ATCM21_wp033_e,1997,11,0.8721733
Decision 405,Decision,2008,9,ATCM21_wp040_e,1997,11,0.7434790134429932,ATCM27_wp008_e,2004,4,0.8648136
Decision 405,Decision,2008,10,ATCM10_wp015_e,1979,29,0.7300211191177368,ATCM10_wp015_e,1979,29,0.75750744
Measure 275,Measure,2001,1,ATCM24_wp015_e,2001,0,0.9140711426734924,ATCM24_wp015_e,2001,0,0.9661048
Measure 275,Measure,2001,2,ATCM5_wp031_e,1968,33,0.773665189743042,ATCM46_wp021_e,2024,-23,0.9501526
Measure 275,Measure,2001,3,ATCM46_wp021_e,2024,-23,0.77308589220047,ATCM5_wp031_e,1968,33,0.88763386
Measure 275,Measure,2001,4,ATCM5_wp032_e,1968,33,0.7607599496841431,ATCM7_wp018_e,1972,29,0.88704807
Measure 275,Measure,2001,5,ATCM7_wp018_e,1972,29,0.7561253905296326,ATCM15_wp041_e,1989,12,0.88387895
Measure 275,Measure,2001,6,ATCM5_wp031_rev1_e,1968,33,0.7553361654281616,ATCM5_wp031_rev1_e,1968,33,0.87582946
Measure 275,Measure,2001,7,ATCM3_wp032_e,1964,37,0.7534961700439453,ATCM32_wp035_rev1_e,2009,-8,0.8650418
Measure 275,Measure,2001,8,ATCM32_wp035_rev1_e,2009,-8,0.7510005235671997,ATCM5_wp032_e,1968,33,0.8627453
Measure 275,Measure,2001,9,ATCM15_wp041_e,1989,12,0.7503384351730347,ATCM32_wp036_rev1_e,2009,-8,0.85126173
Measure 275,Measure,2001,10,ATCM32_wp036_rev1_e,2009,-8,0.7431690692901611,ATCM3_wp032_e,1964,37,0.84726137
Recommendation 189,Recommendation,1989,1,ATCM14_wp015_e,1987,2,0.8734295964241028,ATCM42_wp023_e,2019,-30,0.93746316
Recommendation 189,Recommendation,1989,2,ATCM14_wp004_e,1987,2,0.8327862620353699,ATCM14_wp015_e,1987,2,0.92187965
Recommendation 189,Recommendation,1989,3,ATCM14_wp001_e,1987,2,0.8257172703742981,ATCM14_wp001_e,1987,2,0.9170542
Recommendation 189,Recommendation,1989,4,ATCM3_wp020_rev1_e,1964,25,0.8225593566894531,ATCM14_wp004_e,1987,2,0.9062307
Recommendation 189,Recommendation,1989,5,ATCM42_wp023_e,2019,-30,0.8044697046279907,ATCM45_wp044_e,2023,-34,0.9046842
Recommendation 189,Recommendation,1989,6,ATCM42_wp060_e,2019,-30,0.788932740688324,ATCM15_wp052_rev3_e,1989,0,0.90362644
Recommendation 189,Recommendation,1989,7,ATCM15_wp052_rev3_e,1989,0,0.7852374315261841,ATCM42_wp060_e,2019,-30,0.9002144
Recommendation 189,Recommendation,1989,8,ATCM3_wp020_e,1964,25,0.7827990055084229,ATCM3_wp020_rev1_e,1964,25,0.894458
Recommendation 189,Recommendation,1989,9,ATCM45_wp044_e,2023,-34,0.7719032168388367,ATCM3_wp020_e,1964,25,0.8717371
Recommendation 189,Recommendation,1989,10,ATCM5_wp019_e,1968,21,0.7665321230888367,ATCM5_wp019_e,1968,21,0.84726137
Resolution 268,Resolution,1999,1,ATCM23_wp042_e,1999,0,0.898533284664154,ATCM23_wp021_e,1999,0,0.94450533
Resolution 268,Resolution,1999,2,ATCM23_wp035_e,1999,0,0.8379628658294678,ATCM18_wp002_e,1994,5,0.93904716
Resolution 268,Resolution,1999,3,ATCM23_wp021_e,1999,0,0.8349363803863525,ATCM23_wp035_e,1999,0,0.93079865
Resolution 268,Resolution,1999,4,ATCM27_wp006_e,2004,-5,0.8321651816368103,ATCM28_wp047_e,2005,-6,0.9281748
Resolution 268,Resolution,1999,5,ATCM22_wp015_e,1998,1,0.8318456411361694,ATCM27_wp006_e,2004,-5,0.92464685
Resolution 268,Resolution,1999,6,ATCM26_wp033_e,2003,-4,0.8306151628494263,ATCM22_wp015_e,1998,1,0.92233557
Resolution 268,Resolution,1999,7,ATCM28_wp047_e,2005,-6,0.8275809288024902,ATCM25_wp014_e,2002,-3,0.91927373
Resolution 268,Resolution,1999,8,ATCM25_wp014_e,2002,-3,0.8232555389404297,ATCM26_wp033_e,2003,-4,0.918546
Resolution 268,Resolution,1999,9,ATCM18_wp002_e,1994,5,0.8178123235702515,ATCM28_wp069_e,2005,-6,0.9171098
Resolution 268,Resolution,1999,10,ATCM28_wp069_e,2005,-6,0.8154597282409668,ATCM23_wp042_e,1999,0,0.9004773
Resolution 617,Resolution,2015,1,ATCM38_wp016_e,2015,0,0.8849135637283325,ATCM38_wp016_e,2015,0,0.9894132
Resolution 617,Resolution,2015,2,ATCM15_wp011_rev2_e,1989,26,0.7866337299346924,ATCM43_wp032_e,2021,-6,0.94940734
Resolution 617,Resolution,2015,3,ATCM41_wp003_e,2018,-3,0.7662647366523743,ATCM41_wp003_e,2018,-3,0.94903076
Resolution 617,Resolution,2015,4,ATCM31_wp035_e,2008,7,0.7425984740257263,ATCM15_wp011_rev2_e,1989,26,0.93993545
Resolution 617,Resolution,2015,5,ATCM17_wp028_rev1_e,1992,23,0.7399054765701294,ATCM44_wp029_e,2022,-7,0.92972165
Resolution 617,Resolution,2015,6,ATCM30_wp028_e,2007,8,0.712385356426239,ATCM31_wp035_e,2008,7,0.92592955
Resolution 617,Resolution,2015,7,ATCM45_wp043_e,2023,-8,0.7112770080566406,ATCM30_wp028_e,2007,8,0.925594
Resolution 617,Resolution,2015,8,ATCM8_wp046_e,1975,40,0.7078485488891602,ATCM45_wp043_e,2023,-8,0.92471486
Resolution 617,Resolution,2015,9,ATCM44_wp029_e,2022,-7,0.7064093947410583,ATCM17_wp028_rev1_e,1992,23,0.91876495
Resolution 617,Resolution,2015,10,ATCM43_wp032_e,2021,-6,0.7051560878753662,ATCM8_wp046_e,1975,40,0.8949181
Recommendation 120,Recommendation,1977,1,ATCM9_wp059_rev1_e,1977,0,0.9234031438827515,ATCM9_wp059_e,1977,0,0.9409202
Recommendation 120,Recommendation,1977,2,ATCM9_wp059_rev2_e,1977,0,0.9094130992889404,ATCM9_wp059_rev1_e,1977,0,0.9364246
Recommendation 120,Recommendation,1977,3,ATCM9_wp059_e,1977,0,0.8934956192970276,ATCM9_wp059_rev2_e,1977,0,0.9351336
Recommendation 120,Recommendation,1977,4,ATCM8_wp014_rev1_e,1975,2,0.8475867509841919,ATCM8_wp014_e,1975,2,0.93186045
Recommendation 120,Recommendation,1977,5,ATCM8_wp014_e,1975,2,0.8178133964538574,ATCM8_wp014_rev1_e,1975,2,0.92505413
Recommendation 120,Recommendation,1977,6,ATCM7_wp033_e,1972,5,0.8014920949935913,ATCM7_wp033_e,1972,5,0.9229976
Recommendation 120,Recommendation,1977,7,ATCM7_wp055_e,1972,5,0.7795461416244507,ATCM7_wp055_rev1_e,1972,5,0.9211379
Recommendation 120,Recommendation,1977,8,ATCM7_wp047_e,1972,5,0.7761333584785461,ATCM7_wp055_e,1972,5,0.92031825
Recommendation 120,Recommendation,1977,9,ATCM8_wp015_e,1975,2,0.774637758731842,ATCM8_wp015_e,1975,2,0.91314864
Recommendation 120,Recommendation,1977,10,ATCM7_wp055_rev1_e,1972,5,0.7710601687431335,ATCM7_wp047_e,1972,5,0.9037539
Decision 345,Decision,2005,1,ATCM27_wp012_e,2004,1,0.8131317496299744,ATCM28_wp029_e,2005,0,0.9555851
Decision 345,Decision,2005,2,ATCM33_wp041_e,2010,-5,0.8068575859069824,ATCM46_wp054_e,2024,-19,0.9436807
Decision 345,Decision,2005,3,ATCM23_wp033_e,1999,6,0.7932357788085938,ATCM33_wp041_e,2010,-5,0.92908084
Decision 345,Decision,2005,4,ATCM17_wp013_e,1992,13,0.7896878719329834,ATCM16_wp008_e,1991,14,0.9065208
Decision 345,Decision,2005,5,ATCM28_wp029_e,2005,0,0.7856206893920898,ATCM27_wp012_e,2004,1,0.9056482
Decision 345,Decision,2005,6,ATCM24_wp024_e,2001,4,0.7657909393310547,ATCM17_wp013_e,1992,13,0.896106
Decision 345,Decision,2005,7,ATCM46_wp054_e,2024,-19,0.7631419897079468,ATCM23_wp022_e,1999,6,0.88347745
Decision 345,Decision,2005,8,ATCM23_wp022_e,1999,6,0.7599791288375854,ATCM24_wp024_e,2001,4,0.8781472
Decision 345,Decision,2005,9,ATCM12_wp013_e,1983,22,0.7582342624664307,ATCM23_wp033_e,1999,6,0.87129974
Decision 345,Decision,2005,10,ATCM16_wp008_e,1991,14,0.7574462890625,ATCM12_wp013_e,1983,22,0.8374073
Measure 647,Measure,2017,1,ATCM44_wp043_e,2022,-5,0.9086199402809143,ATCM35_wp011_e,2012,5,0.9760927
Measure 647,Measure,2017,2,ATCM35_wp011_e,2012,5,0.8873516917228699,ATCM40_wp011_rev1_e,2017,0,0.9721621
Measure 647,Measure,2017,3,ATCM40_wp011_rev1_e,2017,0,0.8699541687965393,ATCM44_wp043_e,2022,-5,0.9715208
Measure 647,Measure,2017,4,ATCM46_wp023_e,2024,-7,0.8124791979789734,ATCM38_wp026_e,2015,2,0.9236199
Measure 647,Measure,2017,5,ATCM35_wp044_e,2012,5,0.81171715259552,ATCM37_wp054_e,2014,3,0.9177387
Measure 647,Measure,2017,6,ATCM38_wp026_e,2015,2,0.8113309144973755,ATCM35_wp044_e,2012,5,0.911753
Measure 647,Measure,2017,7,ATCM35_wp058_e,2012,5,0.8096632957458496,ATCM46_wp023_e,2024,-7,0.9016092
Measure 647,Measure,2017,8,ATCM35_wp060_e,2012,5,0.8093230724334717,ATCM43_wp022_e,2021,-4,0.89399624
Measure 647,Measure,2017,9,ATCM43_wp022_e,2021,-4,0.8067358732223511,ATCM35_wp060_e,2012,5,0.8880229
Measure 647,Measure,2017,10,ATCM37_wp054_e,2014,3,0.805614709854126,ATCM35_wp058_e,2012,5,0.8768876
Measure 762,Measure,2022,1,ATCM44_wp045_e,2022,0,0.9004327654838562,ATCM30_wp030_e,2007,15,0.9858058
Measure 762,Measure,2022,2,ATCM35_wp008_e,2012,10,0.8986292481422424,ATCM44_wp045_e,2022,0,0.9766336
Measure 762,Measure,2022,3,ATCM30_wp030_e,2007,15,0.8732202649116516,ATCM40_wp009_rev1_e,2017,5,0.9753525
Measure 762,Measure,2022,4,ATCM40_wp009_rev1_e,2017,5,0.8551110625267029,ATCM35_wp008_e,2012,10,0.9742002
Measure 762,Measure,2022,5,ATCM36_wp059_e,2013,9,0.8193088173866272,ATCM38_wp026_e,2015,7,0.92732376
Measure 762,Measure,2022,6,ATCM35_wp044_e,2012,10,0.8145389556884766,ATCM45_wp054_rev1_e,2023,-1,0.92198503
Measure 762,Measure,2022,7,ATCM38_wp026_e,2015,7,0.8137772679328918,ATCM35_wp003_e,2012,10,0.92003137
Measure 762,Measure,2022,8,ATCM29_wp029_e,2006,16,0.8084592819213867,ATCM35_wp044_e,2012,10,0.91720253
Measure 762,Measure,2022,9,ATCM45_wp054_rev1_e,2023,-1,0.8071202039718628,ATCM36_wp059_e,2013,9,0.91688687
Measure 762,Measure,2022,10,ATCM35_wp003_e,2012,10,0.8048567175865173,ATCM29_wp029_e,2006,16,0.9054812
Resolution 274,Resolution,2000,1,ATCM30_wp045_rev1_e,2007,-7,0.8334619998931885,ATCM30_wp045_rev1_e,2007,-7,0.935252
Resolution 274,Resolution,2000,2,ATCM23_wp001_e,1999,1,0.7586934566497803,ATCM23_wp025_e,1999,1,0.8919429
Resolution 274,Resolution,2000,3,ATCM23_wp025_e,1999,1,0.7572351694107056,ATCM29_wp014_e,2006,-6,0.8546907
Resolution 274,Resolution,2000,4,ATCM10_wp052_rev1_e,1979,21,0.733325719833374,ATCM23_wp001_e,1999,1,0.8196625
Resolution 274,Resolution,2000,5,ATCM9_wp058_e,1977,23,0.7224462032318115,ATCM9_wp058_e,1977,23,0.79793495
Resolution 274,Resolution,2000,6,ATCM29_wp014_e,2006,-6,0.7218986749649048,ATCM36_wp049_e,2013,-13,0.7966724
Resolution 274,Resolution,2000,7,ATCM10_wp052_e,1979,21,0.7184362411499023,ATCM9_wp073_e,1977,23,0.7743104
Resolution 274,Resolution,2000,8,ATCM9_wp043_e,1977,23,0.7167636752128601,ATCM9_wp043_e,1977,23,0.76178664
Resolution 274,Resolution,2000,9,ATCM36_wp049_e,2013,-13,0.7159421443939209,ATCM10_wp052_rev1_e,1979,21,0.7531763
Resolution 274,Resolution,2000,10,ATCM9_wp073_e,1977,23,0.714900016784668,ATCM10_wp052_e,1979,21,0.7383673
Decision 772,Decision,2022,1,ATCM38_wp016_e,2015,7,0.7432518005371094,ATCM33_wp063_e,2010,12,0.8937182
Decision 772,Decision,2022,2,ATCM33_wp063_e,2010,12,0.7398370504379272,ATCM38_wp016_e,2015,7,0.8931604
Decision 772,Decision,2022,3,ATCM31_wp035_e,2008,14,0.7383826375007629,ATCM45_wp038_rev1_e,2023,-1,0.8907132
Decision 772,Decision,2022,4,ATCM35_wp032_e,2012,10,0.7186650037765503,ATCM34_wp044_e,2011,11,0.88387895
Decision 772,Decision,2022,5,ATCM44_wp029_e,2022,0,0.7166295051574707,ATCM31_wp035_e,2008,14,0.8818593
Decision 772,Decision,2022,6,ATCM45_wp038_rev1_e,2023,-1,0.7165384888648987,ATCM35_wp032_e,2012,10,0.8690936
Decision 772,Decision,2022,7,ATCM34_wp044_e,2011,11,0.7114574909210205,ATCM41_wp003_e,2018,4,0.8462476
Decision 772,Decision,2022,8,ATCM37_wp008_e,2014,8,0.7100023627281189,ATCM37_wp008_e,2014,8,0.8416174
Decision 772,Decision,2022,9,ATCM35_wp039_e,2012,10,0.7081723213195801,ATCM44_wp029_e,2022,0,0.8374073
Decision 772,Decision,2022,10,ATCM41_wp003_e,2018,4,0.7018826007843018,ATCM35_wp039_e,2012,10,0.8336498
Measure 645,Measure,2017,1,ATCM44_wp041_e,2022,-5,0.9046174883842468,ATCM35_wp012_e,2012,5,0.9762744
Measure 645,Measure,2017,2,ATCM40_wp010_rev1_e,2017,0,0.8597835898399353,ATCM40_wp010_rev1_e,2017,0,0.973403
Measure 645,Measure,2017,3,ATCM44_wp042_e,2022,-5,0.8055213689804077,ATCM44_wp041_e,2022,-5,0.9717361
Measure 645,Measure,2017,4,ATCM35_wp058_e,2012,5,0.801760733127594,ATCM28_wp042_e,2005,12,0.9253245
Measure 645,Measure,2017,5,ATCM28_wp042_e,2005,12,0.8013007044792175,ATCM44_wp042_e,2022,-5,0.91883785
Measure 645,Measure,2017,6,ATCM36_wp059_e,2013,4,0.8012409806251526,ATCM36_wp059_e,2013,4,0.9066862
Measure 645,Measure,2017,7,ATCM35_wp012_e,2012,5,0.8008031845092773,ATCM44_wp040_e,2022,-5,0.9016092
Measure 645,Measure,2017,8,ATCM44_wp046_e,2022,-5,0.7952950596809387,ATCM44_wp046_e,2022,-5,0.8961969
Measure 645,Measure,2017,9,ATCM44_wp040_e,2022,-5,0.7943389415740967,ATCM35_wp058_e,2012,5,0.8820626
Measure 645,Measure,2017,10,ATCM35_wp060_e,2012,5,0.7922509908676147,ATCM35_wp060_e,2012,5,0.87730867
Resolution 260,Resolution,1998,1,ATCM21_wp009_e,1997,1,0.8697205781936646,ATCM22_wp012_e,1998,0,0.9255267
Resolution 260,Resolution,1998,2,ATCM22_wp002_e,1998,0,0.8658180236816406,ATCM21_wp009_e,1997,1,0.92237055
Resolution 260,Resolution,1998,3,ATCM22_wp012_e,1998,0,0.8627104759216309,ATCM22_wp002_e,1998,0,0.9197075
Resolution 260,Resolution,1998,4,ATCM15_wp031_e,1989,9,0.8190872669219971,ATCM22_wp016_e,1998,0,0.9179595
Resolution 260,Resolution,1998,5,ATCM22_wp016_e,1998,0,0.7977440357208252,ATCM31_wp033_e,2008,-10,0.90759104
Resolution 260,Resolution,1998,6,ATCM29_wp017_e,2006,-8,0.7952117919921875,ATCM9_wp046_e,1977,21,0.9006522
Resolution 260,Resolution,1998,7,ATCM31_wp033_e,2008,-10,0.7950377464294434,ATCM29_wp017_e,2006,-8,0.8958329
Resolution 260,Resolution,1998,8,ATCM9_wp046_rev1_e,1977,21,0.7638667821884155,ATCM9_wp046_rev1_e,1977,21,0.8948262
Resolution 260,Resolution,1998,9,ATCM9_wp046_e,1977,21,0.745701789855957,ATCM10_wp040_rev3_e,1979,19,0.89033234
Resolution 260,Resolution,1998,10,ATCM10_wp040_rev3_e,1979,19,0.7443236112594604,ATCM15_wp031_e,1989,9,0.8800156
Recommendation 208,Recommendation,1991,1,ATCM16_wp045_rev1_e,1991,0,0.8263372778892517,ATCM16_wp045_rev1_e,1991,0,0.9704198
Recommendation 208,Recommendation,1991,2,ATCM16_wp038_e,1991,0,0.7982227206230164,ATCM16_wp039_e,1991,0,0.96331346
Recommendation 208,Recommendation,1991,3,ATCM16_wp040_e,1991,0,0.773293137550354,ATCM7_wp034_rev2_e,1972,19,0.96219295
Recommendation 208,Recommendation,1991,4,ATCM5_wp031_rev1_e,1968,23,0.759528636932373,ATCM7_wp034_rev3_e,1972,19,0.96219295
Recommendation 208,Recommendation,1991,5,ATCM26_wp024_e,2003,-12,0.7456867694854736,ATCM16_wp040_e,1991,0,0.9610396
Recommendation 208,Recommendation,1991,6,ATCM5_wp031_e,1968,23,0.7429409623146057,ATCM16_wp038_e,1991,0,0.9584756
Recommendation 208,Recommendation,1991,7,ATCM6_wp009_e,1970,21,0.739922285079956,ATCM6_wp009_e,1970,21,0.94903076
Recommendation 208,Recommendation,1991,8,ATCM7_wp034_rev3_e,1972,19,0.7393782138824463,ATCM26_wp024_e,2003,-12,0.9455202
Recommendation 208,Recommendation,1991,9,ATCM16_wp039_e,1991,0,0.7370692491531372,ATCM5_wp031_rev1_e,1968,23,0.9439912
Recommendation 208,Recommendation,1991,10,ATCM7_wp034_rev2_e,1972,19,0.7368841171264648,ATCM5_wp031_e,1968,23,0.9434727
Measure 758,Measure,2022,1,ATCM45_wp002_rev1_e,2023,-1,0.854638934135437,ATCM44_wp003_e,2022,0,0.9833174
Measure 758,Measure,2022,2,ATCM34_wp009_e,2011,11,0.8433263301849365,ATCM39_wp003_e,2016,6,0.9825308
Measure 758,Measure,2022,3,ATCM43_wp025_rev1_e,2021,1,0.8368264436721802,ATCM34_wp009_e,2011,11,0.9822605
Measure 758,Measure,2022,4,ATCM33_wp034_e,2010,12,0.8359324932098389,ATCM45_wp002_rev1_e,2023,-1,0.9797918
Measure 758,Measure,2022,5,ATCM39_wp003_e,2016,6,0.834460437297821,ATCM38_wp026_e,2015,7,0.92464685
Measure 758,Measure,2022,6,ATCM38_wp026_e,2015,7,0.8268561363220215,ATCM33_wp034_e,2010,12,0.9084069
Measure 758,Measure,2022,7,ATCM44_wp003_e,2022,0,0.8229156732559204,ATCM35_wp044_e,2012,10,0.9049785
Measure 758,Measure,2022,8,ATCM35_wp044_e,2012,10,0.8205786347389221,ATCM43_wp025_rev1_e,2021,1,0.9005648
Measure 758,Measure,2022,9,ATCM35_wp058_e,2012,10,0.8176640272140503,ATCM33_wp033_e,2010,12,0.8969214
Measure 758,Measure,2022,10,ATCM33_wp033_e,2010,12,0.8065256476402283,ATCM35_wp058_e,2012,10,0.85994625
Measure 603,Measure,2015,1,ATCM38_wp041_e,2015,0,0.9017996788024902,ATCM45_wp037_rev1_e,2023,-8,0.9831887
Measure 603,Measure,2015,2,ATCM45_wp037_rev1_e,2023,-8,0.8878082036972046,ATCM38_wp041_e,2015,0,0.96973956
Measure 603,Measure,2015,3,ATCM31_wp052_e,2008,7,0.8425198793411255,ATCM30_wp032_rev1_e,2007,8,0.96809286
Measure 603,Measure,2015,4,ATCM30_wp032_rev1_e,2007,8,0.7805792093276978,ATCM31_wp052_e,2008,7,0.9671134
Measure 603,Measure,2015,5,ATCM43_wp009_rev1_e,2021,-6,0.7741355895996094,ATCM47_wp009_e,2025,-10,0.910756
Measure 603,Measure,2015,6,ATCM35_wp058_e,2012,3,0.7740530967712402,ATCM35_wp044_e,2012,3,0.88246834
Measure 603,Measure,2015,7,ATCM39_wp027_e,2016,-1,0.7737100124359131,ATCM43_wp045_e,2021,-6,0.8802217
Measure 603,Measure,2015,8,ATCM43_wp045_e,2021,-6,0.772531270980835,ATCM43_wp009_rev1_e,2021,-6,0.87898064
Measure 603,Measure,2015,9,ATCM35_wp044_e,2012,3,0.7724922895431519,ATCM39_wp027_e,2016,-1,0.87856454
Measure 603,Measure,2015,10,ATCM47_wp009_e,2025,-10,0.7721836566925049,ATCM35_wp058_e,2012,3,0.84213746
Measure 794,Measure,2023,1,ATCM45_wp001_e,2023,0,0.8708371520042419,ATCM45_wp001_e,2023,0,0.9785164
Measure 794,Measure,2023,2,ATCM38_wp026_e,2015,8,0.8114503622055054,ATCM34_wp050_e,2011,12,0.97459
Measure 794,Measure,2023,3,ATCM36_wp030_e,2013,10,0.8031073808670044,ATCM40_wp038_e,2017,6,0.97258186
Measure 794,Measure,2023,4,ATCM40_wp038_e,2017,6,0.7997640371322632,ATCM38_wp026_e,2015,8,0.91172355
Measure 794,Measure,2023,5,ATCM46_wp023_e,2024,-1,0.79859459400177,ATCM47_wp009_e,2025,-2,0.91077584
Measure 794,Measure,2023,6,ATCM39_wp026_e,2016,7,0.7944451570510864,ATCM33_wp033_e,2010,13,0.8872437
Measure 794,Measure,2023,7,ATCM34_wp050_e,2011,12,0.7872676849365234,ATCM39_wp026_e,2016,7,0.88447905
Measure 794,Measure,2023,8,ATCM35_wp060_e,2012,11,0.7863231301307678,ATCM46_wp023_e,2024,-1,0.8828729
Measure 794,Measure,2023,9,ATCM33_wp033_e,2010,13,0.7840816974639893,ATCM36_wp030_e,2013,10,0.87856454
Measure 794,Measure,2023,10,ATCM47_wp009_e,2025,-2,0.7837573289871216,ATCM35_wp060_e,2012,11,0.8467552
nan 780,Untyped,2014,1,ATCM45_wp022_e,2023,-9,0.7686947584152222,ATCM45_wp022_e,2023,-9,0.97868
nan 780,Untyped,2014,2,ATCM40_wp027_e,2017,-3,0.5504034161567688,ATCM22_wp024_e,1998,16,0.93859845
nan 780,Untyped,2014,3,ATCM17_wp010_e,1992,22,0.5336383581161499,ATCM17_wp010_e,1992,22,0.93489623
nan 780,Untyped,2014,4,ATCM23_wp038_e,1999,15,0.5110754370689392,ATCM40_wp027_e,2017,-3,0.92278904
nan 780,Untyped,2014,5,ATCM1_wp002_e,1961,53,0.5011187791824341,ATCM32_wp007_e,2009,5,0.9129449
nan 780,Untyped,2014,6,ATCM22_wp024_e,1998,16,0.4954431653022766,ATCM45_wp021_rev1_e,2023,-9,0.8566205
nan 780,Untyped,2014,7,ATCM27_wp048_rev1_e,2004,10,0.48595157265663147,ATCM23_wp038_e,1999,15,0.8202392
nan 780,Untyped,2014,8,ATCM32_wp007_e,2009,5,0.48348188400268555,ATCM1_wp002_e,1961,53,0.75750744
nan 780,Untyped,2014,9,ATCM25_wp042_e,2002,12,0.48159635066986084,ATCM27_wp048_rev1_e,2004,10,0.7502601
nan 780,Untyped,2014,10,ATCM45_wp021_rev1_e,2023,-9,0.4811738133430481,ATCM25_wp042_e,2002,12,0.73685527
Measure 782,Measure,2023,1,ATCM36_wp011_e,2013,10,0.8811377286911011,ATCM36_wp011_e,2013,10,0.9768113
Measure 782,Measure,2023,2,ATCM41_wp006_e,2018,5,0.8779955506324768,ATCM45_wp005_e,2023,0,0.9727894
Measure 782,Measure,2023,3,ATCM45_wp005_e,2023,0,0.8717019557952881,ATCM41_wp006_e,2018,5,0.96973956
Measure 782,Measure,2023,4,ATCM28_wp042_e,2005,18,0.7922788858413696,ATCM28_wp042_e,2005,18,0.9257955
Measure 782,Measure,2023,5,ATCM44_wp043_e,2022,1,0.7922177314758301,ATCM35_wp044_e,2012,11,0.89862424
Measure 782,Measure,2023,6,ATCM44_wp040_e,2022,1,0.7906832695007324,ATCM44_wp040_e,2022,1,0.8901415
Measure 782,Measure,2023,7,ATCM35_wp058_e,2012,11,0.7882689833641052,ATCM44_wp043_e,2022,1,0.88918287
Measure 782,Measure,2023,8,ATCM43_wp020_e,2021,2,0.7882339358329773,ATCM43_wp020_e,2021,2,0.886263
Measure 782,Measure,2023,9,ATCM43_wp022_e,2021,2,0.7881800532341003,ATCM43_wp022_e,2021,2,0.87582946
Measure 782,Measure,2023,10,ATCM35_wp044_e,2012,11,0.787606954574585,ATCM35_wp058_e,2012,11,0.87020063
Recommendation 83,Recommendation,1970,1,ATCM6_wp015_rev1_e,1970,0,0.9212688207626343,ATCM6_wp015_rev1_e,1970,0,0.9254594
Recommendation 83,Recommendation,1970,2,ATCM6_wp015_e,1970,0,0.9121431708335876,ATCM6_wp015_e,1970,0,0.9176096
Recommendation 83,Recommendation,1970,3,ATCM15_wp032_rev1_e,1989,-19,0.8483766317367554,ATCM8_wp026_e,1975,-5,0.915839
Recommendation 83,Recommendation,1970,4,ATCM8_wp026_e,1975,-5,0.8332916498184204,ATCM15_wp039_e,1989,-19,0.9101988
Recommendation 83,Recommendation,1970,5,ATCM15_wp053_e,1989,-19,0.8234965801239014,ATCM15_wp053_e,1989,-19,0.90285826
Recommendation 83,Recommendation,1970,6,ATCM3_wp001_e,1964,6,0.81074059009552,ATCM3_wp001_e,1964,6,0.8814517
Recommendation 83,Recommendation,1970,7,ATCM15_wp039_e,1989,-19,0.8081541061401367,ATCM8_wp010_e,1975,-5,0.86685556
Recommendation 83,Recommendation,1970,8,ATCM8_wp005_e,1975,-5,0.7876060009002686,ATCM15_wp032_rev1_e,1989,-19,0.8622821
Recommendation 83,Recommendation,1970,9,ATCM7_wp014_e,1972,-2,0.787003219127655,ATCM7_wp014_e,1972,-2,0.8522482
Recommendation 83,Recommendation,1970,10,ATCM8_wp010_e,1975,-5,0.7843968868255615,ATCM8_wp005_e,1975,-5,0.8447167
Measure 756,Measure,2022,1,ATCM44_wp043_e,2022,0,0.9109865427017212,ATCM35_wp011_e,2012,10,0.97750866
Measure 756,Measure,2022,2,ATCM35_wp011_e,2012,10,0.8922569751739502,ATCM44_wp043_e,2022,0,0.9738046
Measure 756,Measure,2022,3,ATCM40_wp011_rev1_e,2017,5,0.8645676970481873,ATCM40_wp011_rev1_e,2017,5,0.973403
Measure 756,Measure,2022,4,ATCM38_wp026_e,2015,7,0.7987490296363831,ATCM38_wp026_e,2015,7,0.93004006
Measure 756,Measure,2022,5,ATCM46_wp023_e,2024,-2,0.7981135845184326,ATCM35_wp044_e,2012,10,0.9155374
Measure 756,Measure,2022,6,ATCM35_wp044_e,2012,10,0.7937583923339844,ATCM46_wp023_e,2024,-2,0.9077138
Measure 756,Measure,2022,7,ATCM43_wp022_e,2021,1,0.7917370200157166,ATCM43_wp022_e,2021,1,0.8995105
Measure 756,Measure,2022,8,ATCM35_wp060_e,2012,10,0.7909557819366455,ATCM35_wp061_e,2012,10,0.8985352
Measure 756,Measure,2022,9,ATCM35_wp061_e,2012,10,0.7907401919364929,ATCM35_wp060_e,2012,10,0.89213103
Measure 756,Measure,2022,10,ATCM35_wp058_e,2012,10,0.7896928787231445,ATCM35_wp058_e,2012,10,0.8858686
Resolution 774,Resolution,2022,1,ATCM31_wp061_e,2008,14,0.9031203985214233,ATCM41_wp020_e,2018,4,0.97963655
Resolution 774,Resolution,2022,2,ATCM32_wp003_e,2009,13,0.884486973285675,ATCM44_wp028_e,2022,0,0.97948
Resolution 774,Resolution,2022,3,ATCM30_wp038_e,2007,15,0.8615944385528564,ATCM42_wp058_e,2019,3,0.9620506
Resolution 774,Resolution,2022,4,ATCM41_wp020_e,2018,4,0.8536669015884399,ATCM40_wp047_e,2017,5,0.9608931
Resolution 774,Resolution,2022,5,ATCM44_wp028_e,2022,0,0.8508968353271484,ATCM31_wp061_e,2008,14,0.9380332
Resolution 774,Resolution,2022,6,ATCM24_wp016_e,2001,21,0.8477599024772644,ATCM24_wp016_e,2001,21,0.93489623
Resolution 774,Resolution,2022,7,ATCM20_wp013_e,1996,26,0.8461973667144775,ATCM30_wp038_e,2007,15,0.9308616
Resolution 774,Resolution,2022,8,ATCM42_wp058_e,2019,3,0.8388769626617432,ATCM33_wp047_e,2010,12,0.92471486
Resolution 774,Resolution,2022,9,ATCM40_wp047_e,2017,5,0.8375871181488037,ATCM32_wp003_e,2009,13,0.91613966
Resolution 774,Resolution,2022,10,ATCM33_wp047_e,2010,12,0.8373843431472778,ATCM20_wp013_e,1996,26,0.9020415
Resolution 282,Resolution,2001,1,ATCM30_wp045_rev1_e,2007,-6,0.8618398904800415,ATCM30_wp045_rev1_e,2007,-6,0.9589395
Resolution 282,Resolution,2001,2,ATCM23_wp025_e,1999,2,0.770214319229126,ATCM23_wp025_e,1999,2,0.9143787
Resolution 282,Resolution,2001,3,ATCM23_wp001_e,1999,2,0.7635941505432129,ATCM29_wp014_e,2006,-5,0.88387895
Resolution 282,Resolution,2001,4,ATCM10_wp052_rev1_e,1979,22,0.7306206226348877,ATCM9_wp058_e,1977,24,0.84877175
Resolution 282,Resolution,2001,5,ATCM9_wp058_e,1977,24,0.7173475027084351,ATCM36_wp049_e,2013,-12,0.8358054
Resolution 282,Resolution,2001,6,ATCM9_wp043_e,1977,24,0.7165963053703308,ATCM9_wp043_e,1977,24,0.8264878
Resolution 282,Resolution,2001,7,ATCM10_wp052_e,1979,22,0.7144632935523987,ATCM23_wp001_e,1999,2,0.8242356
Resolution 282,Resolution,2001,8,ATCM29_wp014_e,2006,-5,0.7108573913574219,ATCM9_wp073_e,1977,24,0.823101
Resolution 282,Resolution,2001,9,ATCM9_wp073_e,1977,24,0.7087515592575073,ATCM10_wp052_rev1_e,1979,22,0.8096374
Resolution 282,Resolution,2001,10,ATCM36_wp049_e,2013,-12,0.7081996202468872,ATCM10_wp052_e,1979,22,0.8004425
Recommendation 122,Recommendation,1977,1,ATCM9_wp046_rev1_e,1977,0,0.9099620580673218,ATCM10_wp040_rev2_e,1979,-2,0.9304836
Recommendation 122,Recommendation,1977,2,ATCM10_wp040_e,1979,-2,0.8973073363304138,ATCM10_wp040_rev3_e,1979,-2,0.9279792
Recommendation 122,Recommendation,1977,3,ATCM10_wp040_rev1_e,1979,-2,0.8844370245933533,ATCM10_wp040_e,1979,-2,0.9265301
Recommendation 122,Recommendation,1977,4,ATCM10_wp040_rev2_e,1979,-2,0.8771631717681885,ATCM10_wp040_rev1_e,1979,-2,0.9257955
Recommendation 122,Recommendation,1977,5,ATCM10_wp040_rev3_e,1979,-2,0.8730500936508179,ATCM9_wp046_rev1_e,1977,0,0.9189834
Recommendation 122,Recommendation,1977,6,ATCM9_wp046_e,1977,0,0.8086810111999512,ATCM10_wp043_e,1979,-2,0.8949181
Recommendation 122,Recommendation,1977,7,ATCM10_wp043_rev1_e,1979,-2,0.7716631889343262,ATCM10_wp043_rev1_e,1979,-2,0.8946423
Recommendation 122,Recommendation,1977,8,ATCM10_wp043_e,1979,-2,0.7694252729415894,ATCM9_wp046_e,1977,0,0.88975894
Recommendation 122,Recommendation,1977,9,ATCM3_wp005_e,1964,13,0.7619085311889648,ATCM3_wp005_rev1_e,1964,13,0.88387895
Recommendation 122,Recommendation,1977,10,ATCM3_wp005_rev1_e,1964,13,0.7578259706497192,ATCM3_wp005_e,1964,13,0.8808381
Measure 754,Measure,2022,1,ATCM44_wp042_e,2022,0,0.9002406597137451,ATCM35_wp010_e,2012,10,0.9755397
Measure 754,Measure,2022,2,ATCM35_wp010_e,2012,10,0.8788379430770874,ATCM40_wp007_rev1_e,2017,5,0.97459
Measure 754,Measure,2022,3,ATCM40_wp007_rev1_e,2017,5,0.8684695959091187,ATCM44_wp042_e,2022,0,0.97459
Measure 754,Measure,2022,4,ATCM44_wp041_e,2022,0,0.8219507336616516,ATCM28_wp042_e,2005,17,0.93357635
Measure 754,Measure,2022,5,ATCM35_wp058_e,2012,10,0.8207910060882568,ATCM44_wp041_e,2022,0,0.91518754
Measure 754,Measure,2022,6,ATCM35_wp044_e,2012,10,0.8176790475845337,ATCM36_wp059_e,2013,9,0.9136159
Measure 754,Measure,2022,7,ATCM28_wp042_e,2005,17,0.813683032989502,ATCM35_wp044_e,2012,10,0.9117726
Measure 754,Measure,2022,8,ATCM35_wp060_e,2012,10,0.8128125667572021,ATCM35_wp058_e,2012,10,0.8916602
Measure 754,Measure,2022,9,ATCM36_wp059_e,2013,9,0.8111281394958496,ATCM35_wp061_e,2012,10,0.88879734
Measure 754,Measure,2022,10,ATCM35_wp061_e,2012,10,0.8047389388084412,ATCM35_wp060_e,2012,10,0.8846785
Measure 766,Measure,2022,1,ATCM34_wp006_e,2011,11,0.8774611949920654,ATCM44_wp002_e,2022,0,0.98478764
Measure 766,Measure,2022,2,ATCM39_wp002_e,2016,6,0.8657032251358032,ATCM34_wp006_e,2011,11,0.9836975
Measure 766,Measure,2022,3,ATCM44_wp002_e,2022,0,0.8630109429359436,ATCM39_wp002_e,2016,6,0.983445
Measure 766,Measure,2022,4,ATCM45_wp045_e,2023,-1,0.8240208625793457,ATCM45_wp045_e,2023,-1,0.98198617
Measure 766,Measure,2022,5,ATCM35_wp060_e,2012,10,0.808064341545105,ATCM38_wp026_e,2015,7,0.9148743
Measure 766,Measure,2022,6,ATCM35_wp061_e,2012,10,0.8074818253517151,ATCM36_wp059_e,2013,9,0.8994221
Measure 766,Measure,2022,7,ATCM44_wp046_e,2022,0,0.8060648441314697,ATCM44_wp046_e,2022,0,0.89222497
Measure 766,Measure,2022,8,ATCM38_wp026_e,2015,7,0.8055887222290039,ATCM35_wp061_e,2012,10,0.8739052
Measure 766,Measure,2022,9,ATCM36_wp059_e,2013,9,0.8043179512023926,ATCM35_wp060_e,2012,10,0.86685556
Measure 766,Measure,2022,10,ATCM35_wp058_e,2012,10,0.8005449175834656,ATCM35_wp058_e,2012,10,0.86595124
Decision 770,Decision,2022,1,ATCM28_wp070_e,2005,17,0.9424049258232117,ATCM28_wp047_e,2005,17,0.9776798
Decision 770,Decision,2022,2,ATCM38_wp036_e,2015,7,0.8939883708953857,ATCM28_wp070_e,2005,17,0.9641328
Decision 770,Decision,2022,3,ATCM28_wp048_rev3_e,2005,17,0.8716346025466919,ATCM38_wp036_e,2015,7,0.9639975
Decision 770,Decision,2022,4,ATCM45_wp030_rev2_e,2023,-1,0.8374329805374146,ATCM26_wp033_e,2003,19,0.96303636
Decision 770,Decision,2022,5,ATCM17_wp011_e,1992,30,0.8370330333709717,ATCM45_wp030_rev2_e,2023,-1,0.96074593
Decision 770,Decision,2022,6,ATCM28_wp047_e,2005,17,0.8363796472549438,ATCM28_wp048_rev3_e,2005,17,0.9484609
Decision 770,Decision,2022,7,ATCM17_wp008_e,1992,30,0.8362439870834351,ATCM28_wp049_e,2005,17,0.935958
Decision 770,Decision,2022,8,ATCM28_wp049_e,2005,17,0.8352266550064087,ATCM23_wp015_e,1999,23,0.885671
Decision 770,Decision,2022,9,ATCM23_wp015_e,1999,23,0.8323938846588135,ATCM17_wp011_e,1992,30,0.86640406
Decision 770,Decision,2022,10,ATCM26_wp033_e,2003,19,0.8322774171829224,ATCM17_wp008_e,1992,30,0.85805386
Measure 784,Measure,2023,1,ATCM45_wp002_rev1_e,2023,0,0.8567036390304565,ATCM44_wp003_e,2022,1,0.98357177
Measure 784,Measure,2023,2,ATCM34_wp009_e,2011,12,0.8439961671829224,ATCM34_wp009_e,2011,12,0.9829285
Measure 784,Measure,2023,3,ATCM43_wp025_rev1_e,2021,2,0.835369348526001,ATCM39_wp003_e,2016,7,0.9825308
Measure 784,Measure,2023,4,ATCM33_wp034_e,2010,13,0.8352396488189697,ATCM45_wp002_rev1_e,2023,0,0.9817077
Measure 784,Measure,2023,5,ATCM39_wp003_e,2016,7,0.834324836730957,ATCM38_wp026_e,2015,8,0.9279139
Measure 784,Measure,2023,6,ATCM38_wp026_e,2015,8,0.8270241022109985,ATCM47_wp009_e,2025,-2,0.9236199
Measure 784,Measure,2023,7,ATCM44_wp003_e,2022,1,0.8238427639007568,ATCM33_wp034_e,2010,13,0.9095381
Measure 784,Measure,2023,8,ATCM35_wp044_e,2012,11,0.8215658068656921,ATCM35_wp044_e,2012,11,0.90672743
Measure 784,Measure,2023,9,ATCM35_wp058_e,2012,11,0.818636417388916,ATCM43_wp025_rev1_e,2021,2,0.90073955
Measure 784,Measure,2023,10,ATCM47_wp009_e,2025,-2,0.8084883689880371,ATCM35_wp058_e,2012,11,0.85994625
Measure 725,Measure,2021,1,ATCM33_wp035_e,2010,11,0.874045729637146,ATCM33_wp035_e,2010,11,0.9715208
Measure 725,Measure,2021,2,ATCM43_wp026_rev1_e,2021,0,0.8653119802474976,ATCM43_wp026_rev1_e,2021,0,0.9713038
Measure 725,Measure,2021,3,ATCM38_wp026_e,2015,6,0.858354389667511,ATCM38_wp026_e,2015,6,0.9555851
Measure 725,Measure,2021,4,ATCM43_wp023_rev1_e,2021,0,0.8181250095367432,ATCM47_wp009_e,2025,-4,0.92712605
Measure 725,Measure,2021,5,ATCM46_wp023_e,2024,-3,0.8134855031967163,ATCM37_wp007_e,2014,7,0.9130124
Measure 725,Measure,2021,6,ATCM47_wp009_e,2025,-4,0.8098415732383728,ATCM34_wp006_e,2011,10,0.9105971
Measure 725,Measure,2021,7,ATCM43_wp024_rev1_e,2021,0,0.8037415742874146,ATCM33_wp033_e,2010,11,0.90038973
Measure 725,Measure,2021,8,ATCM34_wp006_e,2011,10,0.800991952419281,ATCM43_wp023_rev1_e,2021,0,0.89791036
Measure 725,Measure,2021,9,ATCM37_wp007_e,2014,7,0.8007882237434387,ATCM43_wp024_rev1_e,2021,0,0.89222497
Measure 725,Measure,2021,10,ATCM33_wp033_e,2010,11,0.8002692461013794,ATCM46_wp023_e,2024,-3,0.88841075
Measure 719,Measure,2021,1,ATCM39_wp027_e,2016,5,0.8939595222473145,ATCM34_wp033_e,2011,10,0.9717361
Measure 719,Measure,2021,2,ATCM43_wp045_e,2021,0,0.8919224143028259,ATCM39_wp027_e,2016,5,0.96996796
Measure 719,Measure,2021,3,ATCM34_wp033_e,2011,10,0.8578827977180481,ATCM43_wp045_e,2021,0,0.9695095
Measure 719,Measure,2021,4,ATCM45_wp024_e,2023,-2,0.7964710593223572,ATCM29_wp031_e,2006,15,0.94691175
Measure 719,Measure,2021,5,ATCM35_wp044_e,2012,9,0.7945084571838379,ATCM41_wp010_e,2018,3,0.93073577
Measure 719,Measure,2021,6,ATCM41_wp010_e,2018,3,0.7928394079208374,ATCM45_wp024_e,2023,-2,0.9275866
Measure 719,Measure,2021,7,ATCM35_wp058_e,2012,9,0.783119797706604,ATCM35_wp044_e,2012,9,0.91821665
Measure 719,Measure,2021,8,ATCM29_wp031_e,2006,15,0.7823615074157715,ATCM39_wp026_e,2016,5,0.90290105
Measure 719,Measure,2021,9,ATCM39_wp026_e,2016,5,0.7814040184020996,ATCM46_wp023_e,2024,-3,0.8999509
Measure 719,Measure,2021,10,ATCM46_wp023_e,2024,-3,0.7805795669555664,ATCM35_wp058_e,2012,9,0.86797863
Resolution 701,Resolution,2019,1,ATCM35_wp021_e,2012,7,0.8946306705474854,ATCM42_wp046_e,2019,0,0.981282
Resolution 701,Resolution,2019,2,ATCM36_wp032_e,2013,6,0.8766204714775085,ATCM36_wp032_e,2013,6,0.9645359
Resolution 701,Resolution,2019,3,ATCM40_wp028_e,2017,2,0.866016149520874,ATCM35_wp021_e,2012,7,0.96303636
Resolution 701,Resolution,2019,4,ATCM42_wp046_e,2019,0,0.8088061809539795,ATCM40_wp028_e,2017,2,0.95491725
Resolution 701,Resolution,2019,5,ATCM15_wp010_e,1989,30,0.7855592370033264,ATCM37_wp028_e,2014,5,0.92639697
Resolution 701,Resolution,2019,6,ATCM15_wp063_e,1989,30,0.7852587699890137,ATCM15_wp063_e,1989,30,0.9027726
Resolution 701,Resolution,2019,7,ATCM37_wp028_e,2014,5,0.7809417247772217,ATCM15_wp010_e,1989,30,0.886263
Resolution 701,Resolution,2019,8,ATCM15_wp016_e,1989,30,0.7735809683799744,ATCM15_wp016_e,1989,30,0.8804275
Resolution 701,Resolution,2019,9,ATCM47_wp045_e,2025,-6,0.7616567611694336,ATCM47_wp045_e,2025,-6,0.8590027
Resolution 701,Resolution,2019,10,ATCM12_wp025_e,1983,36,0.7608286142349243,ATCM12_wp025_e,1983,36,0.73228556
Resolution 228,Resolution,1995,1,ATCM24_wp024_e,2001,-6,0.823340654373169,ATCM23_wp007_rev2_e,1999,-4,0.942422
Resolution 228,Resolution,1995,2,ATCM15_wp066_rev2_e,1989,6,0.8166216611862183,ATCM21_wp036_e,1997,-2,0.9409202
Resolution 228,Resolution,1995,3,ATCM21_wp036_e,1997,-2,0.8067425489425659,ATCM23_wp007_e,1999,-4,0.935252
Resolution 228,Resolution,1995,4,ATCM33_wp041_e,2010,-15,0.8056741952896118,ATCM15_wp066_rev2_e,1989,6,0.935015
Resolution 228,Resolution,1995,5,ATCM23_wp033_e,1999,-4,0.7965683341026306,ATCM15_wp034_e,1989,6,0.9257955
Resolution 228,Resolution,1995,6,ATCM27_wp012_e,2004,-9,0.7937443256378174,ATCM27_wp012_e,2004,-9,0.919056
Resolution 228,Resolution,1995,7,ATCM23_wp007_e,1999,-4,0.7904980182647705,ATCM21_wp038_e,1997,-2,0.9124796
Resolution 228,Resolution,1995,8,ATCM15_wp034_e,1989,6,0.786576509475708,ATCM24_wp024_e,2001,-6,0.91138893
Resolution 228,Resolution,1995,9,ATCM23_wp007_rev2_e,1999,-4,0.7821234464645386,ATCM23_wp033_e,1999,-4,0.8917545
Resolution 228,Resolution,1995,10,ATCM21_wp038_e,1997,-2,0.7762485146522522,ATCM33_wp041_e,2010,-15,0.8846785
Resolution 613,Resolution,2015,1,ATCM6_wp010_rev1_e,1970,45,0.815644383430481,ATCM12_wp023_e,1983,32,0.9440945
Resolution 613,Resolution,2015,2,ATCM12_wp023_e,1983,32,0.812075138092041,ATCM6_wp010_rev1_e,1970,45,0.9095782
Resolution 613,Resolution,2015,3,ATCM9_wp079_e,1977,38,0.8028146028518677,ATCM7_wp040_e,1972,43,0.9089336
Resolution 613,Resolution,2015,4,ATCM9_wp076_e,1977,38,0.8026030659675598,ATCM7_wp052_e,1972,43,0.905815
Resolution 613,Resolution,2015,5,ATCM9_wp076_rev1_e,1977,38,0.7986844778060913,ATCM6_wp010_rev2_e,1970,45,0.90272975
Resolution 613,Resolution,2015,6,ATCM6_wp010_rev2_e,1970,45,0.7981070280075073,ATCM9_wp079_e,1977,38,0.8988908
Resolution 613,Resolution,2015,7,ATCM7_wp040_e,1972,43,0.7960622310638428,ATCM9_wp079_rev1_e,1977,38,0.8969214
Resolution 613,Resolution,2015,8,ATCM9_wp079_rev1_e,1977,38,0.7919129133224487,ATCM9_wp076_rev1_e,1977,38,0.8956505
Resolution 613,Resolution,2015,9,ATCM7_wp052_e,1972,43,0.7891733646392822,ATCM9_wp076_e,1977,38,0.8911876
Resolution 613,Resolution,2015,10,ATCM6_wp010_e,1970,45,0.7858986258506775,ATCM6_wp010_e,1970,45,0.8836784
Resolution 661,Resolution,2017,1,ATCM40_wp029_e,2017,0,0.894744873046875,ATCM40_wp029_e,2017,0,0.98040134
Resolution 661,Resolution,2017,2,ATCM35_wp023_rev1_e,2012,5,0.8604390621185303,ATCM35_wp023_rev1_e,2012,5,0.96785074
Resolution 661,Resolution,2017,3,ATCM39_wp005_e,2016,1,0.7909711599349976,ATCM39_wp005_e,2016,1,0.90038973
Resolution 661,Resolution,2017,4,ATCM7_wp045_rev1_e,1972,45,0.7722411751747131,ATCM38_wp003_e,2015,2,0.88743895
Resolution 661,Resolution,2017,5,ATCM7_wp045_e,1972,45,0.7658271789550781,ATCM24_wp012_e,2001,16,0.8566205
Resolution 661,Resolution,2017,6,ATCM8_wp010_e,1975,42,0.7649936676025391,ATCM7_wp045_rev1_e,1972,45,0.8395235
Resolution 661,Resolution,2017,7,ATCM25_wp009_e,2002,15,0.756001889705658,ATCM8_wp010_e,1975,42,0.83634084
Resolution 661,Resolution,2017,8,ATCM38_wp003_e,2015,2,0.7549338340759277,ATCM7_wp045_e,1972,45,0.8336498
Resolution 661,Resolution,2017,9,ATCM24_wp012_e,2001,16,0.7549235224723816,ATCM25_wp009_e,2002,15,0.8167574
Resolution 661,Resolution,2017,10,ATCM8_wp001_e,1975,42,0.7527235150337219,ATCM8_wp001_e,1975,42,0.7973044
Decision 657,Decision,2017,1,ATCM27_wp047_rev1_e,2004,13,0.8178805112838745,ATCM46_wp017_e,2024,-7,0.9617643
Decision 657,Decision,2017,2,ATCM39_wp042_e,2016,1,0.8122804164886475,ATCM39_wp042_e,2016,1,0.9542397
Decision 657,Decision,2017,3,ATCM46_wp017_e,2024,-7,0.8122029304504395,ATCM27_wp047_rev1_e,2004,13,0.9461207
Decision 657,Decision,2017,4,ATCM31_wp063_rev1_e,2008,9,0.7969633340835571,ATCM31_wp063_e,2008,9,0.9455202
Decision 657,Decision,2017,5,ATCM31_wp063_e,2008,9,0.7955676913261414,ATCM31_wp063_rev1_e,2008,9,0.945015
Decision 657,Decision,2017,6,ATCM25_wp042_e,2002,15,0.7260607481002808,ATCM25_wp042_e,2002,15,0.9438879
Decision 657,Decision,2017,7,ATCM26_wp041_e,2003,14,0.7225034236907959,ATCM26_wp041_e,2003,14,0.9178492
Decision 657,Decision,2017,8,ATCM18_wp008_e,1994,23,0.6842248439788818,ATCM24_wp037_e,2001,16,0.90746814
Decision 657,Decision,2017,9,ATCM25_wp044_e,2002,15,0.6735777854919434,ATCM18_wp008_e,1994,23,0.87980926
Decision 657,Decision,2017,10,ATCM24_wp037_e,2001,16,0.6598172187805176,ATCM25_wp044_e,2002,15,0.86685556
nan 643,Untyped,2009,1,ATCM39_wp019_e,2016,-7,0.7090047597885132,ATCM39_wp019_e,2016,-7,0.90169585
nan 643,Untyped,2009,2,ATCM12_wp010_e,1983,26,0.6847144365310669,ATCM38_wp007_e,2015,-6,0.85805386
nan 643,Untyped,2009,3,ATCM34_wp036_e,2011,-2,0.6726869344711304,ATCM26_wp003_e,2003,6,0.8507664
nan 643,Untyped,2009,4,ATCM25_wp045_e,2002,7,0.6662843227386475,ATCM25_wp045_e,2002,7,0.82927084
nan 643,Untyped,2009,5,ATCM24_wp024_e,2001,8,0.6656883358955383,ATCM34_wp036_e,2011,-2,0.81440735
nan 643,Untyped,2009,6,ATCM38_wp007_e,2015,-6,0.6648591756820679,ATCM39_wp046_rev1_e,2016,-7,0.7863604
nan 643,Untyped,2009,7,ATCM26_wp003_e,2003,6,0.6643155813217163,ATCM24_wp024_e,2001,8,0.75750744
nan 643,Untyped,2009,8,ATCM34_wp025_e,2011,-2,0.6616507768630981,ATCM12_wp010_e,1983,26,0.7546258
nan 643,Untyped,2009,9,ATCM11_wp038_e,1981,28,0.6519418954849243,ATCM34_wp025_e,2011,-2,0.73685527
nan 643,Untyped,2009,10,ATCM39_wp046_rev1_e,2016,-7,0.6517359614372253,ATCM11_wp038_e,1981,28,0.56755316
Resolution 776,Resolution,2022,1,ATCM14_wp015_e,1987,35,0.88309246301651,ATCM42_wp023_e,2019,3,0.9372338
Resolution 776,Resolution,2022,2,ATCM42_wp023_e,2019,3,0.8813904523849487,ATCM42_wp060_e,2019,3,0.92258006
Resolution 776,Resolution,2022,3,ATCM42_wp060_e,2019,3,0.8417876362800598,ATCM45_wp044_e,2023,-1,0.92003137
Resolution 776,Resolution,2022,4,ATCM14_wp004_e,1987,35,0.834160327911377,ATCM42_wp024_e,2019,3,0.9194547
Resolution 776,Resolution,2022,5,ATCM14_wp001_e,1987,35,0.8309334516525269,ATCM40_wp046_e,2017,5,0.91738784
Resolution 776,Resolution,2022,6,ATCM3_wp020_rev1_e,1964,58,0.8262869119644165,ATCM14_wp015_e,1987,35,0.89259994
Resolution 776,Resolution,2022,7,ATCM45_wp044_e,2023,-1,0.8255583047866821,ATCM3_wp020_rev1_e,1964,58,0.88918287
Resolution 776,Resolution,2022,8,ATCM40_wp046_e,2017,5,0.8149001598358154,ATCM14_wp001_e,1987,35,0.88665617
Resolution 776,Resolution,2022,9,ATCM42_wp024_e,2019,3,0.8117159605026245,ATCM14_wp004_e,1987,35,0.8697588
Resolution 776,Resolution,2022,10,ATCM3_wp020_e,1964,58,0.7872658371925354,ATCM3_wp020_e,1964,58,0.8410961
Measure 760,Measure,2022,1,ATCM44_wp044_e,2022,0,0.8957602977752686,ATCM39_wp004_e,2016,6,0.9814249
Measure 760,Measure,2022,2,ATCM39_wp004_e,2016,6,0.8723095655441284,ATCM44_wp044_e,2022,0,0.9802507
Measure 760,Measure,2022,3,ATCM33_wp043_e,2010,12,0.8415072560310364,ATCM33_wp043_e,2010,12,0.9778496
Measure 760,Measure,2022,4,ATCM34_wp047_e,2011,11,0.8313860893249512,ATCM34_wp047_e,2011,11,0.9589395
Measure 760,Measure,2022,5,ATCM35_wp058_e,2012,10,0.8104153871536255,ATCM16_wp017_e,1991,31,0.92830485
Measure 760,Measure,2022,6,ATCM35_wp044_e,2012,10,0.808342695236206,ATCM37_wp054_e,2014,8,0.9122037
Measure 760,Measure,2022,7,ATCM35_wp060_e,2012,10,0.8048055171966553,ATCM35_wp044_e,2012,10,0.9120031
Measure 760,Measure,2022,8,ATCM16_wp017_e,1991,31,0.7959227561950684,ATCM39_wp026_e,2016,6,0.8969214
Measure 760,Measure,2022,9,ATCM37_wp054_e,2014,8,0.7935696840286255,ATCM35_wp060_e,2012,10,0.88267076
Measure 760,Measure,2022,10,ATCM39_wp026_e,2016,6,0.791837215423584,ATCM35_wp058_e,2012,10,0.87856454
Resolution 641,Resolution,2016,1,ATCM39_wp005_e,2016,0,0.8952165842056274,ATCM39_wp005_e,2016,0,0.9791637
Resolution 641,Resolution,2016,2,ATCM30_wp043_e,2007,9,0.8655477166175842,ATCM30_wp043_e,2007,9,0.9639975
Resolution 641,Resolution,2016,3,ATCM31_wp041_rev1_e,2008,8,0.8591402769088745,ATCM31_wp041_rev1_e,2008,8,0.95705354
Resolution 641,Resolution,2016,4,ATCM32_wp003_e,2009,7,0.83268141746521,ATCM39_wp006_e,2016,0,0.92444247
Resolution 641,Resolution,2016,5,ATCM39_wp006_e,2016,0,0.8200013637542725,ATCM33_wp050_e,2010,6,0.91158587
Resolution 641,Resolution,2016,6,ATCM25_wp009_e,2002,14,0.8197520971298218,ATCM22_wp005_e,1998,18,0.89574176
Resolution 641,Resolution,2016,7,ATCM33_wp050_e,2010,6,0.8145853281021118,ATCM25_wp009_e,2002,14,0.8756169
Resolution 641,Resolution,2016,8,ATCM14_wp011_e,1987,29,0.8119062185287476,ATCM16_wp001_e,1991,25,0.8693157
Resolution 641,Resolution,2016,9,ATCM22_wp005_e,1998,18,0.81026691198349,ATCM32_wp003_e,2009,7,0.8537177
Resolution 641,Resolution,2016,10,ATCM16_wp001_e,1991,25,0.8102236986160278,ATCM14_wp011_e,1987,29,0.823101
Measure 357,Measure,2006,1,ATCM39_wp026_e,2016,-10,0.8549611568450928,ATCM45_wp001_e,2023,-17,0.97319996
Measure 357,Measure,2006,2,ATCM45_wp001_e,2023,-17,0.8278174996376038,ATCM39_wp026_e,2016,-10,0.9685721
Measure 357,Measure,2006,3,ATCM38_wp026_e,2015,-9,0.8274862766265869,ATCM46_wp025_e,2024,-18,0.9666128
Measure 357,Measure,2006,4,ATCM44_wp032_e,2022,-16,0.8166913390159607,ATCM46_wp027_e,2024,-18,0.965198
Measure 357,Measure,2006,5,ATCM46_wp025_e,2024,-18,0.8162052631378174,ATCM44_wp032_e,2022,-16,0.9598525
Measure 357,Measure,2006,6,ATCM24_wp033_e,2001,5,0.8131166696548462,ATCM37_wp019_e,2014,-8,0.9575327
Measure 357,Measure,2006,7,ATCM37_wp019_e,2014,-8,0.8113645315170288,ATCM38_wp026_e,2015,-9,0.92613024
Measure 357,Measure,2006,8,ATCM46_wp027_e,2024,-18,0.8104462623596191,ATCM24_wp033_e,2001,5,0.90169585
Measure 357,Measure,2006,9,ATCM16_wp057_e,1991,15,0.8097032308578491,ATCM16_wp057_e,1991,15,0.8242356
Measure 357,Measure,2006,10,ATCM16_wp054_e,1991,15,0.8081440925598145,ATCM16_wp054_e,1991,15,0.79027146
nan 812,Untyped,1962,1,ATCM21_wp001_e,1997,-35,0.7016484141349792,ATCM1_wp002_e,1961,1,0.9133384
nan 812,Untyped,1962,2,ATCM27_wp008_e,2004,-42,0.6922840476036072,ATCM2_wp001_e,1962,0,0.9043046
nan 812,Untyped,1962,3,ATCM28_wp056_e,2005,-43,0.6891192197799683,ATCM21_wp001_e,1997,-35,0.8854731
nan 812,Untyped,1962,4,ATCM1_wp002_e,1961,1,0.6866011023521423,ATCM10_wp015_e,1979,-17,0.88267076
nan 812,Untyped,1962,5,ATCM27_wp048_rev1_e,2004,-42,0.678652286529541,ATCM27_wp008_e,2004,-42,0.878356
nan 812,Untyped,1962,6,ATCM10_wp015_e,1979,-17,0.660323977470398,ATCM27_wp048_rev1_e,2004,-42,0.86797863
nan 812,Untyped,1962,7,ATCM26_wp040_e,2003,-41,0.6582791209220886,ATCM21_wp033_e,1997,-35,0.8632072
nan 812,Untyped,1962,8,ATCM28_wp046_e,2005,-43,0.6579817533493042,ATCM28_wp056_e,2005,-43,0.85947514
nan 812,Untyped,1962,9,ATCM2_wp001_e,1962,0,0.6536343097686768,ATCM28_wp046_e,2005,-43,0.85322917
nan 812,Untyped,1962,10,ATCM21_wp033_e,1997,-35,0.6363449692726135,ATCM26_wp040_e,2003,-41,0.8507664
Measure 721,Measure,2021,1,ATCM38_wp034_e,2015,6,0.9303058385848999,ATCM38_wp034_e,2015,6,0.9780182
Measure 721,Measure,2021,2,ATCM43_wp040_e,2021,0,0.9123913049697876,ATCM43_wp040_e,2021,0,0.9742002
Measure 721,Measure,2021,3,ATCM46_wp023_e,2024,-3,0.7970197796821594,ATCM47_wp011_e,2025,-4,0.91009897
Measure 721,Measure,2021,4,ATCM35_wp060_e,2012,9,0.7905596494674683,ATCM37_wp054_e,2014,7,0.9042201
Measure 721,Measure,2021,5,ATCM42_wp010_e,2019,2,0.7894765734672546,ATCM36_wp059_e,2013,8,0.9008268
Measure 721,Measure,2021,6,ATCM36_wp059_e,2013,8,0.7843596339225769,ATCM35_wp044_e,2012,9,0.896015
Measure 721,Measure,2021,7,ATCM47_wp011_e,2025,-4,0.7834357619285583,ATCM42_wp010_e,2019,2,0.8937182
Measure 721,Measure,2021,8,ATCM36_wp029_e,2013,8,0.7832379341125488,ATCM36_wp029_e,2013,8,0.8934396
Measure 721,Measure,2021,9,ATCM35_wp044_e,2012,9,0.7823472023010254,ATCM46_wp023_e,2024,-3,0.8917545
Measure 721,Measure,2021,10,ATCM37_wp054_e,2014,7,0.7807047367095947,ATCM35_wp060_e,2012,9,0.85947514
Measure 333,Measure,2005,1,ATCM27_wp013_e,2004,1,0.8988037109375,ATCM45_wp051_e,2023,-18,0.9755397
Measure 333,Measure,2005,2,ATCM28_wp020_e,2005,0,0.8980594873428345,ATCM42_wp056_e,2019,-14,0.97478276
Measure 333,Measure,2005,3,ATCM44_wp046_e,2022,-17,0.8812720775604248,ATCM35_wp054_e,2012,-7,0.9719499
Measure 333,Measure,2005,4,ATCM34_wp023_e,2011,-6,0.8696750402450562,ATCM43_wp039_rev1_e,2021,-16,0.9717361
Measure 333,Measure,2005,5,ATCM42_wp056_e,2019,-14,0.8623975515365601,ATCM35_wp042_e,2012,-7,0.96973956
Measure 333,Measure,2005,6,ATCM40_wp008_e,2017,-12,0.8585771322250366,ATCM34_wp023_e,2011,-6,0.9695095
Measure 333,Measure,2005,7,ATCM35_wp042_e,2012,-7,0.8518849611282349,ATCM44_wp046_e,2022,-17,0.9692777
Measure 333,Measure,2005,8,ATCM35_wp054_e,2012,-7,0.8504656553268433,ATCM40_wp008_e,2017,-12,0.96785074
Measure 333,Measure,2005,9,ATCM45_wp051_e,2023,-18,0.8422063589096069,ATCM28_wp020_e,2005,0,0.96219295
Measure 333,Measure,2005,10,ATCM43_wp039_rev1_e,2021,-16,0.8388188481330872,ATCM27_wp013_e,2004,1,0.95705354
Resolution 414,Resolution,2008,1,ATCM31_wp038_e,2008,0,0.9483752846717834,ATCM31_wp038_e,2008,0,0.9831887
Resolution 414,Resolution,2008,2,ATCM15_wp026_e,1989,19,0.8777990341186523,ATCM37_wp045_e,2014,-6,0.9685721
Resolution 414,Resolution,2008,3,ATCM37_wp045_e,2014,-6,0.8669917583465576,ATCM42_wp061_e,2019,-11,0.96833336
Resolution 414,Resolution,2008,4,ATCM15_wp055_e,1989,19,0.8627221584320068,ATCM33_wp011_e,2010,-2,0.9492193
Resolution 414,Resolution,2008,5,ATCM42_wp061_e,2019,-11,0.831360399723053,ATCM15_wp026_e,1989,19,0.94081146
Resolution 414,Resolution,2008,6,ATCM15_wp040_e,1989,19,0.825448215007782,ATCM15_wp055_e,1989,19,0.9379197
Resolution 414,Resolution,2008,7,ATCM15_wp005_e,1989,19,0.8230915665626526,ATCM15_wp040_e,1989,19,0.9154053
Resolution 414,Resolution,2008,8,ATCM33_wp011_e,2010,-2,0.7929560542106628,ATCM15_wp005_e,1989,19,0.9052721
Resolution 414,Resolution,2008,9,ATCM16_wp053_rev1_e,1991,17,0.7519149780273438,ATCM16_wp053_e,1991,17,0.87519085
Resolution 414,Resolution,2008,10,ATCM16_wp053_e,1991,17,0.7512272596359253,ATCM16_wp053_rev1_e,1991,17,0.87476355
Measure 728,Measure,2021,1,ATCM42_wp006_e,2019,2,0.8371173143386841,ATCM42_wp006_e,2019,2,0.9666128
Measure 728,Measure,2021,2,ATCM35_wp008_e,2012,9,0.7811126112937927,ATCM28_wp042_e,2005,16,0.9050625
Measure 728,Measure,2021,3,ATCM35_wp060_e,2012,9,0.7808549404144287,ATCM42_wp035_e,2019,2,0.9008268
Measure 728,Measure,2021,4,ATCM35_wp058_e,2012,9,0.7801017761230469,ATCM44_wp045_e,2022,-1,0.8992453
Measure 728,Measure,2021,5,ATCM16_wp054_e,1991,30,0.7729149460792542,ATCM35_wp060_e,2012,9,0.896015
Measure 728,Measure,2021,6,ATCM44_wp045_e,2022,-1,0.7728669047355652,ATCM44_wp053_e,2022,-1,0.8907132
Measure 728,Measure,2021,7,ATCM16_wp054_rev1_e,1991,30,0.7689306735992432,ATCM35_wp058_e,2012,9,0.8907132
Measure 728,Measure,2021,8,ATCM44_wp053_e,2022,-1,0.7661575078964233,ATCM35_wp008_e,2012,9,0.88447905
Measure 728,Measure,2021,9,ATCM42_wp035_e,2019,2,0.7647137641906738,ATCM16_wp054_rev1_e,1991,30,0.8497718
Measure 728,Measure,2021,10,ATCM28_wp042_e,2005,16,0.7643917798995972,ATCM16_wp054_e,1991,30,0.82592696
Measure 786,Measure,2023,1,ATCM35_wp044_e,2012,11,0.8547435998916626,ATCM28_wp008_e,2005,18,0.9762744
Measure 786,Measure,2023,2,ATCM45_wp054_rev1_e,2023,0,0.8253143429756165,ATCM41_wp031_e,2018,5,0.9755397
Measure 786,Measure,2023,3,ATCM41_wp031_e,2018,5,0.8228283524513245,ATCM45_wp054_rev1_e,2023,0,0.97459
Measure 786,Measure,2023,4,ATCM21_wp030_e,1997,26,0.8158226013183594,ATCM35_wp044_e,2012,11,0.97459
Measure 786,Measure,2023,5,ATCM29_wp029_e,2006,17,0.7968418598175049,ATCM21_wp030_e,1997,26,0.9514318
Measure 786,Measure,2023,6,ATCM37_wp058_rev1_e,2014,9,0.7946352958679199,ATCM36_wp059_e,2013,10,0.9116351
Measure 786,Measure,2023,7,ATCM37_wp054_e,2014,9,0.7934567332267761,ATCM37_wp054_e,2014,9,0.9096184
Measure 786,Measure,2023,8,ATCM28_wp008_e,2005,18,0.7909870147705078,ATCM37_wp058_rev1_e,2014,9,0.907632
Measure 786,Measure,2023,9,ATCM36_wp059_e,2013,10,0.7902450561523438,ATCM29_wp029_e,2006,17,0.90602314
Measure 786,Measure,2023,10,ATCM31_wp047_e,2008,15,0.7895254492759705,ATCM31_wp047_e,2008,15,0.89808923
nan 665,Untyped,2017,1,ATCM34_wp022_e,2011,6,0.7040066719055176,ATCM16_wp052_e,1991,26,0.8926935
nan 665,Untyped,2017,2,ATCM27_wp008_e,2004,13,0.6916067600250244,ATCM34_wp022_e,2011,6,0.89109284
nan 665,Untyped,2017,3,ATCM17_wp024_rev2_e,1992,25,0.6904486417770386,ATCM17_wp024_rev2_e,1992,25,0.8901415
nan 665,Untyped,2017,4,ATCM26_wp040_e,2003,14,0.6832356452941895,ATCM20_wp020_e,1996,21,0.8756169
nan 665,Untyped,2017,5,ATCM1_wp023_e,1961,56,0.6812366247177124,ATCM1_wp029_e,1961,56,0.8627453
nan 665,Untyped,2017,6,ATCM20_wp020_e,1996,21,0.678574800491333,ATCM1_wp023_e,1961,56,0.85947514
nan 665,Untyped,2017,7,ATCM1_wp029_e,1961,56,0.678249716758728,ATCM26_wp040_e,2003,14,0.8502698
nan 665,Untyped,2017,8,ATCM16_wp052_e,1991,26,0.6765471696853638,ATCM2_wp011_e,1962,55,0.83256364
nan 665,Untyped,2017,9,ATCM18_wp035_e,1994,23,0.6741571426391602,ATCM18_wp035_e,1994,23,0.8202392
nan 665,Untyped,2017,10,ATCM2_wp011_e,1962,55,0.6732540726661682,ATCM27_wp008_e,2004,13,0.8138162
Measure 792,Measure,2023,1,ATCM34_wp006_e,2011,12,0.8833905458450317,ATCM44_wp002_e,2022,1,0.9852486
Measure 792,Measure,2023,2,ATCM39_wp002_e,2016,7,0.8693221211433411,ATCM34_wp006_e,2011,12,0.98431224
Measure 792,Measure,2023,3,ATCM44_wp002_e,2022,1,0.8652728796005249,ATCM45_wp045_e,2023,0,0.983445
Measure 792,Measure,2023,4,ATCM45_wp045_e,2023,0,0.8297231197357178,ATCM39_wp002_e,2016,7,0.9833174
Measure 792,Measure,2023,5,ATCM35_wp060_e,2012,11,0.8110598921775818,ATCM38_wp026_e,2015,8,0.915726
Measure 792,Measure,2023,6,ATCM36_wp059_e,2013,10,0.8102974891662598,ATCM36_wp059_e,2013,10,0.9002144
Measure 792,Measure,2023,7,ATCM35_wp061_e,2012,11,0.8092663288116455,ATCM35_wp044_e,2012,11,0.8997749
Measure 792,Measure,2023,8,ATCM38_wp026_e,2015,8,0.8080399036407471,ATCM44_wp046_e,2022,1,0.8938109
Measure 792,Measure,2023,9,ATCM44_wp046_e,2022,1,0.8067986369132996,ATCM35_wp061_e,2012,11,0.8732581
Measure 792,Measure,2023,10,ATCM35_wp044_e,2012,11,0.8045518398284912,ATCM35_wp060_e,2012,11,0.8636677
Recommendation 143,Recommendation,1983,1,ATCM12_wp028_rev1_e,1983,0,0.9145455360412598,ATCM12_wp028_rev1_e,1983,0,0.9357234
Recommendation 143,Recommendation,1983,2,ATCM10_wp026_e,1979,4,0.8156697750091553,ATCM10_wp026_e,1979,4,0.90883255
Recommendation 143,Recommendation,1983,3,ATCM12_wp019_e,1983,0,0.7847185730934143,ATCM15_wp046_rev2_e,1989,-6,0.8670808
Recommendation 143,Recommendation,1983,4,ATCM1_wp005_e,1961,22,0.7737727761268616,ATCM15_wp006_e,1989,-6,0.85709965
Recommendation 143,Recommendation,1983,5,ATCM12_wp020_e,1983,0,0.7615865468978882,ATCM12_wp019_e,1983,0,0.8379385
Recommendation 143,Recommendation,1983,6,ATCM15_wp006_e,1989,-6,0.7504211068153381,ATCM12_wp020_e,1983,0,0.83634084
Recommendation 143,Recommendation,1983,7,ATCM5_wp011_e,1968,15,0.7367491722106934,ATCM5_wp038_e,1968,15,0.8202392
Recommendation 143,Recommendation,1983,8,ATCM15_wp046_rev2_e,1989,-6,0.736672043800354,ATCM5_wp011_e,1968,15,0.8114371
Recommendation 143,Recommendation,1983,9,ATCM5_wp038_e,1968,15,0.7275751829147339,ATCM1_wp005_e,1961,22,0.7985641
Recommendation 143,Recommendation,1983,10,ATCM1_wp019_e,1961,22,0.7261614799499512,ATCM1_wp019_e,1961,22,0.7941296
Measure 788,Measure,2023,1,ATCM36_wp005_e,2013,10,0.8847264051437378,ATCM31_wp008_e,2008,15,0.9867568
Measure 788,Measure,2023,2,ATCM45_wp026_e,2023,0,0.8514528870582581,ATCM45_wp026_e,2023,0,0.98443246
Measure 788,Measure,2023,3,ATCM31_wp008_e,2008,15,0.8326814770698547,ATCM36_wp005_e,2013,10,0.9839462
Measure 788,Measure,2023,4,ATCM43_wp045_e,2021,2,0.7998111248016357,ATCM41_wp002_e,2018,5,0.938373
Measure 788,Measure,2023,5,ATCM39_wp027_e,2016,7,0.798643171787262,ATCM46_wp027_e,2024,-1,0.92368877
Measure 788,Measure,2023,6,ATCM35_wp044_e,2012,11,0.796207845211029,ATCM45_wp054_rev1_e,2023,0,0.917147
Measure 788,Measure,2023,7,ATCM41_wp002_e,2018,5,0.7935388088226318,ATCM35_wp044_e,2012,11,0.9131378
Measure 788,Measure,2023,8,ATCM46_wp023_e,2024,-1,0.7929787635803223,ATCM46_wp023_e,2024,-1,0.9112114
Measure 788,Measure,2023,9,ATCM45_wp054_rev1_e,2023,0,0.783456563949585,ATCM39_wp027_e,2016,7,0.909919
Measure 788,Measure,2023,10,ATCM46_wp027_e,2024,-1,0.7831441164016724,ATCM43_wp045_e,2021,2,0.90925646
Recommendation 55,Recommendation,1966,1,ATCM4_wp051_rev1_e,1966,0,0.8666478395462036,ATCM4_wp051_rev1_e,1966,0,0.9780182
Recommendation 55,Recommendation,1966,2,ATCM4_wp051_e,1966,0,0.8508861064910889,ATCM4_wp051_e,1966,0,0.9778496
Recommendation 55,Recommendation,1966,3,ATCM4_wp050_rev1_e,1966,0,0.7493308782577515,ATCM23_wp024_e,1999,-33,0.9530308
Recommendation 55,Recommendation,1966,4,ATCM4_wp050_e,1966,0,0.746982991695404,ATCM4_wp038_e,1966,0,0.9505213
Recommendation 55,Recommendation,1966,5,ATCM23_wp024_e,1999,-33,0.7342993021011353,ATCM4_wp050_rev1_e,1966,0,0.8971919
Recommendation 55,Recommendation,1966,6,ATCM4_wp038_e,1966,0,0.7048520445823669,ATCM4_wp047_e,1966,0,0.8842793
Recommendation 55,Recommendation,1966,7,ATCM4_wp033_e,1966,0,0.6823004484176636,ATCM4_wp050_e,1966,0,0.8822656
Recommendation 55,Recommendation,1966,8,ATCM4_wp047_e,1966,0,0.6419504284858704,ATCM4_wp033_e,1966,0,0.8814517
Recommendation 55,Recommendation,1966,9,ATCM4_wp046_rev1_e,1966,0,0.6402434706687927,ATCM4_wp046_rev1_e,1966,0,0.87476355
Recommendation 55,Recommendation,1966,10,ATCM4_wp046_e,1966,0,0.6352874040603638,ATCM4_wp046_e,1966,0,0.85614
nan 810,Untyped,1987,1,ATCM28_wp056_e,2005,-18,0.7599660158157349,ATCM28_wp056_e,2005,-18,0.9273896
nan 810,Untyped,1987,2,ATCM21_wp001_e,1997,-10,0.7592249512672424,ATCM21_wp001_e,1997,-10,0.88995034
nan 810,Untyped,1987,3,ATCM27_wp008_e,2004,-17,0.7401061058044434,ATCM26_wp040_e,2003,-16,0.86088455
nan 810,Untyped,1987,4,ATCM26_wp040_e,2003,-16,0.7162960767745972,ATCM27_wp008_e,2004,-17,0.8546907
nan 810,Untyped,1987,5,ATCM28_wp046_e,2005,-18,0.71263587474823,ATCM27_wp048_rev1_e,2004,-17,0.8416174
nan 810,Untyped,1987,6,ATCM32_wp007_e,2009,-22,0.7087490558624268,ATCM26_wp003_e,2003,-16,0.8303741
nan 810,Untyped,1987,7,ATCM27_wp048_rev1_e,2004,-17,0.7044394016265869,ATCM21_wp040_e,1997,-10,0.8287171
nan 810,Untyped,1987,8,ATCM26_wp003_e,2003,-16,0.6925401091575623,ATCM32_wp007_e,2009,-22,0.8264878
nan 810,Untyped,1987,9,ATCM21_wp040_e,1997,-10,0.6916444301605225,ATCM28_wp046_e,2005,-18,0.823101
nan 810,Untyped,1987,10,ATCM25_wp011_e,2002,-15,0.6907174587249756,ATCM25_wp011_e,2002,-15,0.74435914
Measure 796,Measure,2023,1,ATCM41_wp005_e,2018,5,0.8801089525222778,ATCM36_wp014_e,2013,10,0.9768113
Measure 796,Measure,2023,2,ATCM36_wp014_e,2013,10,0.8785520195960999,ATCM45_wp008_e,2023,0,0.97258186
Measure 796,Measure,2023,3,ATCM45_wp008_e,2023,0,0.8513805866241455,ATCM41_wp005_e,2018,5,0.9695095
Measure 796,Measure,2023,4,ATCM31_wp053_e,2008,15,0.8126780986785889,ATCM31_wp053_e,2008,15,0.9611855
Measure 796,Measure,2023,5,ATCM30_wp021_e,2007,16,0.8088955879211426,ATCM30_wp021_e,2007,16,0.9201749
Measure 796,Measure,2023,6,ATCM37_wp058_rev1_e,2014,9,0.7951615452766418,ATCM28_wp042_e,2005,18,0.91504526
Measure 796,Measure,2023,7,ATCM42_wp016_e,2019,4,0.7933109402656555,ATCM37_wp058_rev1_e,2014,9,0.90535575
Measure 796,Measure,2023,8,ATCM35_wp044_e,2012,11,0.793296754360199,ATCM42_wp016_e,2019,4,0.89737195
Measure 796,Measure,2023,9,ATCM35_wp058_e,2012,11,0.7931171655654907,ATCM35_wp044_e,2012,11,0.8905229
Measure 796,Measure,2023,10,ATCM28_wp042_e,2005,18,0.7906818985939026,ATCM35_wp058_e,2012,11,0.83899665
Decision 800,Decision,2023,1,ATCM27_wp030_rev1_e,2004,19,0.8071129322052002,ATCM26_wp005_e,2003,20,0.92396355
Decision 800,Decision,2023,2,ATCM26_wp011_e,2003,20,0.7856377363204956,ATCM27_wp029_e,2004,19,0.9117038
Decision 800,Decision,2023,3,ATCM27_wp029_e,2004,19,0.7801549434661865,ATCM27_wp030_rev1_e,2004,19,0.90949786
Decision 800,Decision,2023,4,ATCM25_wp046_e,2002,21,0.7765644192695618,ATCM24_wp037_e,2001,22,0.9091758
Decision 800,Decision,2023,5,ATCM26_wp005_e,2003,20,0.7491692900657654,ATCM26_wp011_e,2003,20,0.9071808
Decision 800,Decision,2023,6,ATCM25_wp049_e,2002,21,0.7437267303466797,ATCM25_wp049_e,2002,21,0.9000389
Decision 800,Decision,2023,7,ATCM17_wp007_e,1992,31,0.7373140454292297,ATCM25_wp046_e,2002,21,0.8952849
Decision 800,Decision,2023,8,ATCM24_wp037_e,2001,22,0.7363935708999634,ATCM18_wp008_e,1994,29,0.85709965
Decision 800,Decision,2023,9,ATCM18_wp008_e,1994,29,0.7334122657775879,ATCM17_wp019_e,1992,31,0.8566205
Decision 800,Decision,2023,10,ATCM17_wp019_e,1992,31,0.721463680267334,ATCM17_wp007_e,1992,31,0.84213746
Decision 607,Decision,2015,1,ATCM26_wp014_e,2003,12,0.8334236145019531,ATCM34_wp024_e,2011,4,0.9453187
Decision 607,Decision,2015,2,ATCM27_wp031_rev1_e,2004,11,0.8314038515090942,ATCM26_wp014_e,2003,12,0.9452176
Decision 607,Decision,2015,3,ATCM25_wp030_e,2002,13,0.7658157348632812,ATCM27_wp031_rev1_e,2004,11,0.9417828
Decision 607,Decision,2015,4,ATCM20_wp004_rev1_e,1996,19,0.7521274089813232,ATCM25_wp030_e,2002,13,0.93079865
Decision 607,Decision,2015,5,ATCM25_wp020_e,2002,13,0.7302016615867615,ATCM33_wp020_e,2010,5,0.9230669
Decision 607,Decision,2015,6,ATCM30_wp002_e,2007,8,0.7285770177841187,ATCM20_wp004_rev1_e,1996,19,0.92046136
Decision 607,Decision,2015,7,ATCM26_wp022_e,2003,12,0.7164717316627502,ATCM30_wp002_e,2007,8,0.908873
Decision 607,Decision,2015,8,ATCM33_wp020_e,2010,5,0.7128053307533264,ATCM25_wp020_e,2002,13,0.90012664
Decision 607,Decision,2015,9,ATCM17_wp025_e,1992,23,0.710898756980896,ATCM26_wp022_e,2003,12,0.89510167
Decision 607,Decision,2015,10,ATCM34_wp024_e,2011,4,0.7108056545257568,ATCM17_wp025_e,1992,23,0.8477662
Decision 695,Decision,2019,1,ATCM42_wp028_e,2019,0,0.9339809417724609,ATCM42_wp028_e,2019,0,0.9797918
Decision 695,Decision,2019,2,ATCM36_wp051_rev1_e,2013,6,0.893128514289856,ATCM46_wp059_e,2024,-5,0.96545935
Decision 695,Decision,2019,3,ATCM46_wp059_e,2024,-5,0.8550769090652466,ATCM36_wp051_rev1_e,2013,6,0.9598525
Decision 695,Decision,2019,4,ATCM2_wp020_e,1962,57,0.8060177564620972,ATCM2_wp020_e,1962,57,0.8925063
Decision 695,Decision,2019,5,ATCM18_wp020_e,1994,25,0.7968863844871521,ATCM2_wp020_rev1_e,1962,57,0.8886042
Decision 695,Decision,2019,6,ATCM2_wp020_rev1_e,1962,57,0.7887648940086365,ATCM18_wp020_e,1994,25,0.8872437
Decision 695,Decision,2019,7,ATCM11_wp005_e,1981,38,0.7803731560707092,ATCM24_wp024_e,2001,18,0.8791883
Decision 695,Decision,2019,8,ATCM12_wp011_e,1983,36,0.7725052833557129,ATCM11_wp005_e,1981,38,0.83473045
Decision 695,Decision,2019,9,ATCM24_wp024_e,2001,18,0.7665390968322754,ATCM23_wp033_e,1999,20,0.8208144
Decision 695,Decision,2019,10,ATCM23_wp033_e,1999,20,0.766036331653595,ATCM12_wp011_e,1983,36,0.81083864
Decision 804,Decision,2023,1,ATCM45_wp013_e,2023,0,0.8557137250900269,ATCM45_wp013_e,2023,0,0.9882039
Decision 804,Decision,2023,2,ATCM46_wp060_e,2024,-1,0.8524941205978394,ATCM46_wp060_e,2024,-1,0.9788425
Decision 804,Decision,2023,3,ATCM16_wp041_e,1991,32,0.8477333784103394,ATCM46_wp024_e,2024,-1,0.97835165
Decision 804,Decision,2023,4,ATCM46_wp004_e,2024,-1,0.8472631573677063,ATCM46_wp003_e,2024,-1,0.9762744
Decision 804,Decision,2023,5,ATCM16_wp048_e,1991,32,0.8451057076454163,ATCM46_wp004_e,2024,-1,0.9743959
Decision 804,Decision,2023,6,ATCM46_wp003_e,2024,-1,0.8421953320503235,ATCM18_wp018_e,1994,29,0.9403749
Decision 804,Decision,2023,7,ATCM25_wp002_e,2002,21,0.8300529718399048,ATCM16_wp048_e,1991,32,0.9361917
Decision 804,Decision,2023,8,ATCM17_wp002_e,1992,31,0.825465202331543,ATCM16_wp041_e,1991,32,0.9351336
Decision 804,Decision,2023,9,ATCM46_wp024_e,2024,-1,0.823967695236206,ATCM17_wp002_e,1992,31,0.9340591
Decision 804,Decision,2023,10,ATCM18_wp018_e,1994,29,0.8222758769989014,ATCM25_wp002_e,2002,21,0.93223155
Measure 717,Measure,2021,1,ATCM43_wp054_e,2021,0,0.8858722448348999,ATCM39_wp036_e,2016,5,0.981138
Measure 717,Measure,2021,2,ATCM34_wp003_e,2011,10,0.867311954498291,ATCM43_wp054_e,2021,0,0.98099285
Measure 717,Measure,2021,3,ATCM39_wp036_e,2016,5,0.8632093667984009,ATCM34_wp003_e,2011,10,0.9706433
Measure 717,Measure,2021,4,ATCM35_wp044_e,2012,9,0.8239492177963257,ATCM41_wp031_e,2018,3,0.9147982
Measure 717,Measure,2021,5,ATCM37_wp054_e,2014,7,0.8223153352737427,ATCM37_wp054_e,2014,7,0.91456014
Measure 717,Measure,2021,6,ATCM36_wp059_e,2013,8,0.8168700933456421,ATCM45_wp054_rev1_e,2023,-2,0.9133264
Measure 717,Measure,2021,7,ATCM46_wp023_e,2024,-3,0.8117754459381104,ATCM36_wp059_e,2013,8,0.9122429
Measure 717,Measure,2021,8,ATCM35_wp058_e,2012,9,0.8102753162384033,ATCM35_wp044_e,2012,9,0.9109542
Measure 717,Measure,2021,9,ATCM45_wp054_rev1_e,2023,-2,0.8098347783088684,ATCM46_wp023_e,2024,-3,0.894458
Measure 717,Measure,2021,10,ATCM41_wp031_e,2018,3,0.8022991418838501,ATCM35_wp058_e,2012,9,0.8688713
Measure 814,Measure,2024,1,ATCM35_wp003_e,2012,12,0.8728264570236206,ATCM42_wp004_e,2019,5,0.986447
Measure 814,Measure,2024,2,ATCM42_wp004_e,2019,5,0.8610450029373169,ATCM35_wp003_e,2012,12,0.98443246
Measure 814,Measure,2024,3,ATCM45_wp059_e,2023,1,0.8514222502708435,ATCM46_wp002_rev1_e,2024,0,0.97948
Measure 814,Measure,2024,4,ATCM46_wp002_rev1_e,2024,0,0.8438370227813721,ATCM45_wp059_e,2023,1,0.9663597
Measure 814,Measure,2024,5,ATCM35_wp060_e,2012,12,0.8286255598068237,ATCM37_wp031_e,2014,10,0.95088744
Measure 814,Measure,2024,6,ATCM35_wp044_e,2012,12,0.8218120336532593,ATCM38_wp026_e,2015,9,0.92997646
Measure 814,Measure,2024,7,ATCM38_wp026_e,2015,9,0.8174722194671631,ATCM35_wp044_e,2012,12,0.9206043
Measure 814,Measure,2024,8,ATCM37_wp031_e,2014,10,0.8155656456947327,ATCM36_wp059_e,2013,11,0.916831
Measure 814,Measure,2024,9,ATCM37_wp054_e,2014,10,0.815132200717926,ATCM37_wp054_e,2014,10,0.9135484
Measure 814,Measure,2024,10,ATCM36_wp059_e,2013,11,0.8141908049583435,ATCM35_wp060_e,2012,12,0.88841075
Decision 802,Decision,2023,1,ATCM33_wp041_e,2010,13,0.8746079206466675,ATCM45_wp016_e,2023,0,0.9742002
Decision 802,Decision,2023,2,ATCM43_wp038_e,2021,2,0.8637470006942749,ATCM46_wp054_e,2024,-1,0.96045023
Decision 802,Decision,2023,3,ATCM46_wp054_e,2024,-1,0.847368597984314,ATCM43_wp038_e,2021,2,0.95705354
Decision 802,Decision,2023,4,ATCM45_wp016_e,2023,0,0.8473373651504517,ATCM47_wp015_e,2025,-2,0.9523265
Decision 802,Decision,2023,5,ATCM44_wp009_e,2022,1,0.8431928157806396,ATCM44_wp009_e,2022,1,0.9358408
Decision 802,Decision,2023,6,ATCM27_wp012_e,2004,19,0.8415189981460571,ATCM33_wp041_e,2010,13,0.9265965
Decision 802,Decision,2023,7,ATCM23_wp033_e,1999,24,0.8390658497810364,ATCM27_wp012_e,2004,19,0.9086301
Decision 802,Decision,2023,8,ATCM47_wp015_e,2025,-2,0.8245712518692017,ATCM16_wp032_e,1991,32,0.8958329
Decision 802,Decision,2023,9,ATCM12_wp013_e,1983,40,0.8195838332176208,ATCM23_wp033_e,1999,24,0.875404
Decision 802,Decision,2023,10,ATCM16_wp032_e,1991,32,0.81629478931427,ATCM12_wp013_e,1983,40,0.8537177
Resolution 806,Resolution,2023,1,ATCM45_wp038_rev1_e,2023,0,0.8153548240661621,ATCM45_wp038_rev1_e,2023,0,0.981282
Resolution 806,Resolution,2023,2,ATCM31_wp035_e,2008,15,0.7617334127426147,ATCM45_wp043_e,2023,0,0.93859845
Resolution 806,Resolution,2023,3,ATCM44_wp029_e,2022,1,0.7514666318893433,ATCM44_wp029_e,2022,1,0.9304203
Resolution 806,Resolution,2023,4,ATCM45_wp043_e,2023,0,0.748857319355011,ATCM45_wp055_e,2023,0,0.9278485
Resolution 806,Resolution,2023,5,ATCM33_wp063_e,2010,13,0.7488027811050415,ATCM33_wp063_e,2010,13,0.91187084
Resolution 806,Resolution,2023,6,ATCM38_wp016_e,2015,8,0.7340070009231567,ATCM31_wp035_e,2008,15,0.9047263
Resolution 806,Resolution,2023,7,ATCM9_wp049_e,1977,46,0.716829776763916,ATCM38_wp016_e,2015,8,0.88685226
Resolution 806,Resolution,2023,8,ATCM34_wp044_e,2011,12,0.7162377238273621,ATCM34_wp044_e,2011,12,0.8818593
Resolution 806,Resolution,2023,9,ATCM22_wp022_e,1998,25,0.7152791023254395,ATCM22_wp022_e,1998,25,0.8566205
Resolution 806,Resolution,2023,10,ATCM45_wp055_e,2023,0,0.714809775352478,ATCM9_wp049_e,1977,46,0.8395235
Measure 669,Measure,2018,1,ATCM35_wp044_e,2012,6,0.8652106523513794,ATCM41_wp031_e,2018,0,0.97818553
Measure 669,Measure,2018,2,ATCM45_wp054_rev1_e,2023,-5,0.8371673226356506,ATCM35_wp044_e,2012,6,0.9769875
Measure 669,Measure,2018,3,ATCM41_wp031_e,2018,0,0.8361544609069824,ATCM45_wp054_rev1_e,2023,-5,0.9755397
Measure 669,Measure,2018,4,ATCM21_wp030_e,1997,21,0.8184601068496704,ATCM21_wp030_e,1997,21,0.9530308
Measure 669,Measure,2018,5,ATCM37_wp054_e,2014,4,0.8092343807220459,ATCM37_wp052_e,2014,4,0.9186191
Measure 669,Measure,2018,6,ATCM29_wp029_e,2006,12,0.808753490447998,ATCM36_wp059_e,2013,5,0.91411066
Measure 669,Measure,2018,7,ATCM36_wp059_e,2013,5,0.8065260648727417,ATCM37_wp054_e,2014,4,0.913093
Measure 669,Measure,2018,8,ATCM37_wp058_rev1_e,2014,4,0.8044964671134949,ATCM37_wp058_rev1_e,2014,4,0.9127916
Measure 669,Measure,2018,9,ATCM37_wp052_e,2014,4,0.8008425831794739,ATCM29_wp029_e,2006,12,0.9077956
Measure 669,Measure,2018,10,ATCM35_wp058_e,2012,6,0.7993745803833008,ATCM35_wp058_e,2012,6,0.88124746
Measure 711,Measure,2021,1,ATCM43_wp050_e,2021,0,0.8894249796867371,ATCM43_wp050_e,2021,0,0.9757254
Measure 711,Measure,2021,2,ATCM28_wp042_e,2005,16,0.8817567229270935,ATCM38_wp010_e,2015,6,0.97360456
Measure 711,Measure,2021,3,ATCM38_wp010_e,2015,6,0.8628864288330078,ATCM28_wp042_e,2005,16,0.9584756
Measure 711,Measure,2021,4,ATCM33_wp038_e,2010,11,0.8627289533615112,ATCM33_wp038_e,2010,11,0.9573736
Measure 711,Measure,2021,5,ATCM43_wp029_e,2021,0,0.850922703742981,ATCM43_wp029_e,2021,0,0.9189469
Measure 711,Measure,2021,6,ATCM38_wp012_e,2015,6,0.8458763360977173,ATCM43_wp003_e,2021,0,0.91692406
Measure 711,Measure,2021,7,ATCM39_wp026_e,2016,5,0.8123813271522522,ATCM38_wp012_e,2015,6,0.9133433
Measure 711,Measure,2021,8,ATCM35_wp058_e,2012,9,0.8120286464691162,ATCM45_wp054_rev1_e,2023,-2,0.90552294
Measure 711,Measure,2021,9,ATCM43_wp003_e,2021,0,0.8102196455001831,ATCM39_wp026_e,2016,5,0.8988021
Measure 711,Measure,2021,10,ATCM45_wp054_rev1_e,2023,-2,0.8098914623260498,ATCM35_wp058_e,2012,9,0.87129974
Measure 822,Measure,2024,1,ATCM46_wp028_e,2024,0,0.9017916321754456,ATCM46_wp028_e,2024,0,0.9825308
Measure 822,Measure,2024,2,ATCM36_wp036_e,2013,11,0.8362151980400085,ATCM36_wp036_e,2013,11,0.9598525
Measure 822,Measure,2024,3,ATCM31_wp031_e,2008,16,0.8349108695983887,ATCM25_wp033_e,2002,22,0.95624363
Measure 822,Measure,2024,4,ATCM42_wp029_e,2019,5,0.7890397906303406,ATCM31_wp031_e,2008,16,0.95355266
Measure 822,Measure,2024,5,ATCM43_wp045_e,2021,3,0.7793260216712952,ATCM42_wp029_e,2019,5,0.9371187
Measure 822,Measure,2024,6,ATCM28_wp042_e,2005,19,0.7780545949935913,ATCM28_wp042_e,2005,19,0.92978543
Measure 822,Measure,2024,7,ATCM46_wp027_e,2024,0,0.7767390012741089,ATCM38_wp026_e,2015,9,0.9234129
Measure 822,Measure,2024,8,ATCM38_wp026_e,2015,9,0.776063859462738,ATCM46_wp027_e,2024,0,0.91013885
Measure 822,Measure,2024,9,ATCM39_wp027_e,2016,8,0.7758955955505371,ATCM43_wp045_e,2021,3,0.8977311
Measure 822,Measure,2024,10,ATCM25_wp033_e,2002,22,0.7735525369644165,ATCM39_wp027_e,2016,8,0.8949181
Measure 828,Measure,2024,1,ATCM45_wp060_rev1_e,2023,1,0.8080302476882935,ATCM45_wp060_rev1_e,2023,1,0.9572139
Measure 828,Measure,2024,2,ATCM44_wp038_e,2022,2,0.7950385808944702,ATCM44_wp038_e,2022,2,0.9422097
Measure 828,Measure,2024,3,ATCM16_wp019_e,1991,33,0.7678012847900391,ATCM46_wp043_e,2024,0,0.935252
Measure 828,Measure,2024,4,ATCM36_wp036_e,2013,11,0.7661514282226562,ATCM36_wp036_e,2013,11,0.87582946
Measure 828,Measure,2024,5,ATCM46_wp043_e,2024,0,0.7617278099060059,ATCM31_wp031_e,2008,16,0.8745494
Measure 828,Measure,2024,6,ATCM16_wp054_e,1991,33,0.7609667778015137,ATCM16_wp019_e,1991,33,0.8704211
Measure 828,Measure,2024,7,ATCM16_wp054_rev1_e,1991,33,0.7592154145240784,ATCM44_wp043_e,2022,2,0.8652696
Measure 828,Measure,2024,8,ATCM44_wp043_e,2022,2,0.7582589387893677,ATCM16_wp054_rev1_e,1991,33,0.85565823
Measure 828,Measure,2024,9,ATCM38_wp034_e,2015,9,0.7576339244842529,ATCM38_wp034_e,2015,9,0.8546907
Measure 828,Measure,2024,10,ATCM31_wp031_e,2008,16,0.756123960018158,ATCM16_wp054_e,1991,33,0.8416174
Measure 693,Measure,2019,1,ATCM42_wp022_e,2019,0,0.8410701751708984,ATCM42_wp022_e,2019,0,0.97963655
Measure 693,Measure,2019,2,ATCM42_wp025_e,2019,0,0.8110913038253784,ATCM42_wp025_e,2019,0,0.97948
Measure 693,Measure,2019,3,ATCM41_wp021_e,2018,1,0.8097013235092163,ATCM44_wp047_e,2022,-3,0.9721621
Measure 693,Measure,2019,4,ATCM39_wp048_rev1_e,2016,3,0.7940965294837952,ATCM39_wp048_rev1_e,2016,3,0.9713038
Measure 693,Measure,2019,5,ATCM44_wp047_e,2022,-3,0.7739955186843872,ATCM26_wp017_e,2003,16,0.9710852
Measure 693,Measure,2019,6,ATCM21_wp027_e,1997,22,0.7483084797859192,ATCM26_wp017_rev1_e,2003,16,0.9708651
Measure 693,Measure,2019,7,ATCM26_wp017_rev1_e,2003,16,0.7475475668907166,ATCM41_wp021_e,2018,1,0.96686405
Measure 693,Measure,2019,8,ATCM5_wp031_rev1_e,1968,51,0.7464797496795654,ATCM46_wp009_e,2024,-5,0.9666128
Measure 693,Measure,2019,9,ATCM46_wp009_e,2024,-5,0.7463207244873047,ATCM21_wp027_e,1997,22,0.93210804
Measure 693,Measure,2019,10,ATCM26_wp017_e,2003,16,0.7444463968276978,ATCM5_wp031_rev1_e,1968,51,0.9194909
Measure 727,Measure,2021,1,ATCM34_wp029_e,2011,10,0.8633890151977539,ATCM43_wp030_e,2021,0,0.9773362
Measure 727,Measure,2021,2,ATCM43_wp030_e,2021,0,0.8578360676765442,ATCM34_wp029_e,2011,10,0.9762744
Measure 727,Measure,2021,3,ATCM39_wp018_e,2016,5,0.830828845500946,ATCM39_wp018_e,2016,5,0.97516406
Measure 727,Measure,2021,4,ATCM44_wp032_e,2022,-1,0.8066945672035217,ATCM28_wp042_e,2005,16,0.919056
Measure 727,Measure,2021,5,ATCM47_wp009_e,2025,-4,0.7968854904174805,ATCM47_wp009_e,2025,-4,0.9158202
Measure 727,Measure,2021,6,ATCM38_wp026_e,2015,6,0.7926152348518372,ATCM38_wp026_e,2015,6,0.91265726
Measure 727,Measure,2021,7,ATCM46_wp028_e,2024,-3,0.7907288074493408,ATCM46_wp027_e,2024,-3,0.9000389
Measure 727,Measure,2021,8,ATCM28_wp042_e,2005,16,0.788931667804718,ATCM46_wp028_e,2024,-3,0.8996868
Measure 727,Measure,2021,9,ATCM46_wp027_e,2024,-3,0.7871987819671631,ATCM44_wp032_e,2022,-1,0.8927871
Measure 727,Measure,2021,10,ATCM46_wp023_e,2024,-3,0.7863708734512329,ATCM46_wp023_e,2024,-3,0.88606596
Measure 816,Measure,2024,1,ATCM46_wp027_e,2024,0,0.9014950394630432,ATCM46_wp027_e,2024,0,0.983445
Measure 816,Measure,2024,2,ATCM37_wp019_e,2014,10,0.8839753866195679,ATCM37_wp019_e,2014,10,0.97948
Measure 816,Measure,2024,3,ATCM35_wp044_e,2012,12,0.8362500667572021,ATCM32_wp040_e,2009,15,0.95939845
Measure 816,Measure,2024,4,ATCM46_wp026_e,2024,0,0.8342723846435547,ATCM47_wp011_e,2025,-1,0.93210804
Measure 816,Measure,2024,5,ATCM32_wp040_e,2009,15,0.8329983949661255,ATCM46_wp026_e,2024,0,0.92712605
Measure 816,Measure,2024,6,ATCM47_wp011_e,2025,-1,0.816596269607544,ATCM36_wp059_e,2013,11,0.9152254
Measure 816,Measure,2024,7,ATCM36_wp059_e,2013,11,0.8147680759429932,ATCM45_wp054_rev1_e,2023,1,0.9142448
Measure 816,Measure,2024,8,ATCM45_wp054_rev1_e,2023,1,0.8125874996185303,ATCM35_wp044_e,2012,12,0.9108254
Measure 816,Measure,2024,9,ATCM39_wp027_e,2016,8,0.8113706111907959,ATCM39_wp027_e,2016,8,0.90493655
Measure 816,Measure,2024,10,ATCM35_wp058_e,2012,12,0.8110331892967224,ATCM35_wp058_e,2012,12,0.87519085
Decision 244,Decision,1997,1,ATCM21_wp001_e,1997,0,0.7935107350349426,ATCM21_wp001_e,1997,0,0.9706433
Decision 244,Decision,1997,2,ATCM27_wp008_e,2004,-7,0.7712327241897583,ATCM27_wp048_rev1_e,2004,-7,0.96785074
Decision 244,Decision,1997,3,ATCM21_wp033_e,1997,0,0.7540725469589233,ATCM26_wp040_e,2003,-6,0.9575327
Decision 244,Decision,1997,4,ATCM32_wp007_e,2009,-12,0.7511340379714966,ATCM21_wp033_e,1997,0,0.94651765
Decision 244,Decision,1997,5,ATCM10_wp015_e,1979,18,0.7461268305778503,ATCM1_wp002_e,1961,36,0.9265301
Decision 244,Decision,1997,6,ATCM27_wp048_rev1_e,2004,-7,0.7436792850494385,ATCM27_wp039_rev1_e,2004,-7,0.92056865
Decision 244,Decision,1997,7,ATCM26_wp040_e,2003,-6,0.739935040473938,ATCM32_wp007_e,2009,-12,0.90383875
Decision 244,Decision,1997,8,ATCM1_wp002_e,1961,36,0.7372483611106873,ATCM27_wp008_e,2004,-7,0.8984462
Decision 244,Decision,1997,9,ATCM27_wp039_rev1_e,2004,-7,0.7155846357345581,ATCM17_wp024_rev2_e,1992,5,0.8852749
Decision 244,Decision,1997,10,ATCM17_wp024_rev2_e,1992,5,0.7097761034965515,ATCM10_wp015_e,1979,18,0.7797246
Measure 713,Measure,2021,1,ATCM43_wp028_e,2021,0,0.8867002725601196,ATCM38_wp009_e,2015,6,0.9769875
Measure 713,Measure,2021,2,ATCM38_wp009_e,2015,6,0.8492367267608643,ATCM43_wp028_e,2021,0,0.9766336
Measure 713,Measure,2021,3,ATCM28_wp042_e,2005,16,0.8171680569648743,ATCM28_wp042_e,2005,16,0.9564067
Measure 713,Measure,2021,4,ATCM37_wp052_e,2014,7,0.8015887141227722,ATCM33_wp038_e,2010,11,0.95607984
Measure 713,Measure,2021,5,ATCM33_wp038_e,2010,11,0.8013909459114075,ATCM4_wp048_rev1_e,1966,55,0.93186045
Measure 713,Measure,2021,6,ATCM4_wp048_rev1_e,1966,55,0.7868300676345825,ATCM4_wp048_e,1966,55,0.9173138
Measure 713,Measure,2021,7,ATCM38_wp026_e,2015,6,0.7833806276321411,ATCM38_wp026_e,2015,6,0.9147126
Measure 713,Measure,2021,8,ATCM4_wp048_e,1966,55,0.7806705236434937,ATCM44_wp005_e,2022,-1,0.91023874
Measure 713,Measure,2021,9,ATCM43_wp020_e,2021,0,0.778531551361084,ATCM37_wp052_e,2014,7,0.9003021
Measure 713,Measure,2021,10,ATCM44_wp005_e,2022,-1,0.7778040170669556,ATCM43_wp020_e,2021,0,0.8995105
Measure 826,Measure,2024,1,ATCM46_wp012_rev1_e,2024,0,0.888373851776123,ATCM46_wp012_rev1_e,2024,0,0.9791637
Measure 826,Measure,2024,2,ATCM35_wp019_e,2012,12,0.8850266337394714,ATCM35_wp019_e,2012,12,0.9595504
Measure 826,Measure,2024,3,ATCM42_wp009_e,2019,5,0.8688929080963135,ATCM42_wp009_e,2019,5,0.95816356
Measure 826,Measure,2024,4,ATCM31_wp025_rev1_e,2008,16,0.8195159435272217,ATCM31_wp025_rev1_e,2008,16,0.9414607
Measure 826,Measure,2024,5,ATCM46_wp023_e,2024,0,0.8181110620498657,ATCM25_wp016_e,2002,22,0.94081146
Measure 826,Measure,2024,6,ATCM38_wp026_e,2015,9,0.8163377046585083,ATCM38_wp026_e,2015,9,0.93247795
Measure 826,Measure,2024,7,ATCM43_wp045_e,2021,3,0.8064936995506287,ATCM43_wp045_e,2021,3,0.92368877
Measure 826,Measure,2024,8,ATCM25_wp016_e,2002,22,0.8064412474632263,ATCM39_wp027_e,2016,8,0.9167751
Measure 826,Measure,2024,9,ATCM39_wp027_e,2016,8,0.805706262588501,ATCM46_wp023_e,2024,0,0.91427344
Measure 826,Measure,2024,10,ATCM36_wp030_e,2013,11,0.8051638603210449,ATCM36_wp030_e,2013,11,0.9006522
Resolution 808,Resolution,2023,1,ATCM45_wp019_e,2023,0,0.8908342123031616,ATCM45_wp019_e,2023,0,0.98725766
Resolution 808,Resolution,2023,2,ATCM17_wp002_e,1992,31,0.8389549851417542,ATCM17_wp014_e,1992,31,0.93210804
Resolution 808,Resolution,2023,3,ATCM18_wp011_e,1994,29,0.836647629737854,ATCM16_wp041_e,1991,32,0.907345
Resolution 808,Resolution,2023,4,ATCM18_wp018_e,1994,29,0.8352549076080322,ATCM18_wp018_e,1994,29,0.90073955
Resolution 808,Resolution,2023,5,ATCM16_wp002_e,1991,32,0.8307621479034424,ATCM16_wp048_e,1991,32,0.8961969
Resolution 808,Resolution,2023,6,ATCM18_wp009_e,1994,29,0.8298280239105225,ATCM16_wp029_e,1991,32,0.89574176
Resolution 808,Resolution,2023,7,ATCM16_wp048_e,1991,32,0.8271271586418152,ATCM18_wp009_e,1994,29,0.89574176
Resolution 808,Resolution,2023,8,ATCM16_wp029_e,1991,32,0.8251616954803467,ATCM17_wp002_e,1992,31,0.8848775
Resolution 808,Resolution,2023,9,ATCM17_wp014_e,1992,31,0.8251136541366577,ATCM18_wp011_e,1994,29,0.8791883
Resolution 808,Resolution,2023,10,ATCM16_wp041_e,1991,32,0.8227571249008179,ATCM16_wp002_e,1991,32,0.8699799
Measure 824,Measure,2024,1,ATCM37_wp058_rev1_e,2014,10,0.9048143029212952,ATCM42_wp016_e,2019,5,0.9827969
Measure 824,Measure,2024,2,ATCM42_wp016_e,2019,5,0.8857976794242859,ATCM46_wp030_e,2024,0,0.98198617
Measure 824,Measure,2024,3,ATCM46_wp030_e,2024,0,0.8641840219497681,ATCM37_wp058_rev1_e,2014,10,0.97948
Measure 824,Measure,2024,4,ATCM31_wp003_e,2008,16,0.8151376247406006,ATCM31_wp003_e,2008,16,0.92271936
Measure 824,Measure,2024,5,ATCM35_wp044_e,2012,12,0.807051956653595,ATCM38_wp026_e,2015,9,0.9164206
Measure 824,Measure,2024,6,ATCM36_wp059_e,2013,11,0.7996944189071655,ATCM41_wp031_e,2018,6,0.9053139
Measure 824,Measure,2024,7,ATCM44_wp053_e,2022,2,0.7983911633491516,ATCM44_wp053_e,2022,2,0.90290105
Measure 824,Measure,2024,8,ATCM41_wp031_e,2018,6,0.7935575246810913,ATCM35_wp044_e,2012,12,0.90285826
Measure 824,Measure,2024,9,ATCM29_wp029_e,2006,18,0.7921425104141235,ATCM36_wp059_e,2013,11,0.9023862
Measure 824,Measure,2024,10,ATCM38_wp026_e,2015,9,0.7919223308563232,ATCM29_wp029_e,2006,18,0.88063294
Measure 689,Measure,2019,1,ATCM37_wp058_rev1_e,2014,5,0.9078055620193481,ATCM42_wp016_e,2019,0,0.9827969
Measure 689,Measure,2019,2,ATCM42_wp016_e,2019,0,0.8888658285140991,ATCM46_wp030_e,2024,-5,0.9797918
Measure 689,Measure,2019,3,ATCM46_wp030_e,2024,-5,0.864184558391571,ATCM37_wp058_rev1_e,2014,5,0.97963655
Measure 689,Measure,2019,4,ATCM31_wp003_e,2008,11,0.8175506591796875,ATCM31_wp003_e,2008,11,0.9242376
Measure 689,Measure,2019,5,ATCM35_wp044_e,2012,7,0.8129705190658569,ATCM41_wp031_e,2018,1,0.910059
Measure 689,Measure,2019,6,ATCM36_wp059_e,2013,6,0.805677056312561,ATCM45_wp054_rev1_e,2023,-4,0.9077956
Measure 689,Measure,2019,7,ATCM44_wp053_e,2022,-3,0.8006221652030945,ATCM35_wp044_e,2012,7,0.9047684
Measure 689,Measure,2019,8,ATCM41_wp031_e,2018,1,0.7978063225746155,ATCM44_wp053_e,2022,-3,0.904389
Measure 689,Measure,2019,9,ATCM29_wp029_e,2006,13,0.7956265211105347,ATCM36_wp059_e,2013,6,0.9043468
Measure 689,Measure,2019,10,ATCM45_wp054_rev1_e,2023,-4,0.7943980693817139,ATCM29_wp029_e,2006,13,0.8854731
nan 681,Untyped,2018,1,ATCM41_wp002_e,2018,0,0.8274270296096802,ATCM41_wp002_e,2018,0,0.9610396
nan 681,Untyped,2018,2,ATCM31_wp025_rev1_e,2008,10,0.7631853818893433,ATCM45_wp020_e,2023,-5,0.9448117
nan 681,Untyped,2018,3,ATCM26_wp031_e,2003,15,0.7380567193031311,ATCM45_wp028_rev1_e,2023,-5,0.9441975
nan 681,Untyped,2018,4,ATCM45_wp020_e,2023,-5,0.736634373664856,ATCM36_wp030_e,2013,5,0.9358408
nan 681,Untyped,2018,5,ATCM36_wp036_e,2013,5,0.7349761128425598,ATCM31_wp025_rev1_e,2008,10,0.92856437
nan 681,Untyped,2018,6,ATCM38_wp026_e,2015,3,0.7305500507354736,ATCM36_wp002_e,2013,5,0.92498636
nan 681,Untyped,2018,7,ATCM45_wp028_rev1_e,2023,-5,0.7225652933120728,ATCM26_wp031_e,2003,15,0.9207113
nan 681,Untyped,2018,8,ATCM36_wp030_e,2013,5,0.7177363038063049,ATCM36_wp036_e,2013,5,0.9207113
nan 681,Untyped,2018,9,ATCM31_wp031_e,2008,10,0.7171640396118164,ATCM31_wp031_e,2008,10,0.9036689
nan 681,Untyped,2018,10,ATCM36_wp002_e,2013,5,0.7159022092819214,ATCM38_wp026_e,2015,3,0.8945502
Decision 254,Decision,1998,1,ATCM16_wp021_e,1991,7,0.8369828462600708,ATCM25_wp009_e,2002,-4,0.88975894
Decision 254,Decision,1998,2,ATCM35_wp060_e,2012,-14,0.8278456926345825,ATCM16_wp021_e,1991,7,0.86041605
Decision 254,Decision,1998,3,ATCM26_wp028_e,2003,-5,0.8187365531921387,ATCM35_wp060_e,2012,-14,0.83899665
Decision 254,Decision,1998,4,ATCM30_wp017_e,2007,-9,0.8150103092193604,ATCM30_wp017_e,2007,-9,0.8320184
Decision 254,Decision,1998,5,ATCM32_wp034_e,2009,-11,0.7992370128631592,ATCM15_wp036_e,1989,9,0.8236691
Decision 254,Decision,1998,6,ATCM8_wp003_e,1975,23,0.796736478805542,ATCM35_wp061_e,2012,-14,0.82138824
Decision 254,Decision,1998,7,ATCM35_wp035_e,2012,-14,0.7963348031044006,ATCM35_wp035_e,2012,-14,0.80168754
Decision 254,Decision,1998,8,ATCM35_wp061_e,2012,-14,0.7940783500671387,ATCM26_wp028_e,2003,-5,0.7915634
Decision 254,Decision,1998,9,ATCM25_wp009_e,2002,-4,0.7939540147781372,ATCM32_wp034_e,2009,-11,0.79027146
Decision 254,Decision,1998,10,ATCM15_wp036_e,1989,9,0.7787381410598755,ATCM8_wp003_e,1975,23,0.7589396
nan 416,Untyped,2007,1,ATCM31_wp058_e,2008,-1,0.752429723739624,ATCM37_wp031_e,2014,-7,0.8846785
nan 416,Untyped,2007,2,ATCM39_wp027_e,2016,-9,0.7432774901390076,ATCM41_wp015_e,2018,-11,0.8208144
nan 416,Untyped,2007,3,ATCM32_wp051_rev1_e,2009,-2,0.7432188391685486,ATCM45_wp047_e,2023,-16,0.79027146
nan 416,Untyped,2007,4,ATCM37_wp031_e,2014,-7,0.7407253980636597,ATCM31_wp058_e,2008,-1,0.7810635
nan 416,Untyped,2007,5,ATCM34_wp047_e,2011,-4,0.7383826971054077,ATCM38_wp026_e,2015,-8,0.7770292
nan 416,Untyped,2007,6,ATCM33_wp033_e,2010,-3,0.7372378706932068,ATCM32_wp051_rev1_e,2009,-2,0.7770292
nan 416,Untyped,2007,7,ATCM36_wp030_e,2013,-6,0.7343457937240601,ATCM39_wp027_e,2016,-9,0.75750744
nan 416,Untyped,2007,8,ATCM45_wp047_e,2023,-16,0.7327286601066589,ATCM34_wp047_e,2011,-4,0.7517211
nan 416,Untyped,2007,9,ATCM38_wp026_e,2015,-8,0.7316076755523682,ATCM36_wp030_e,2013,-6,0.72921133
nan 416,Untyped,2007,10,ATCM41_wp015_e,2018,-11,0.7312207221984863,ATCM33_wp033_e,2010,-3,0.7276659
Measure 683,Measure,2019,1,ATCM35_wp003_e,2012,7,0.8668181300163269,ATCM42_wp004_e,2019,0,0.98665434
Measure 683,Measure,2019,2,ATCM42_wp004_e,2019,0,0.8554179668426514,ATCM35_wp003_e,2012,7,0.9841912
Measure 683,Measure,2019,3,ATCM45_wp059_e,2023,-4,0.8492587804794312,ATCM46_wp002_rev1_e,2024,-5,0.97994584
Measure 683,Measure,2019,4,ATCM46_wp002_rev1_e,2024,-5,0.8377224206924438,ATCM45_wp059_e,2023,-4,0.9721621
Measure 683,Measure,2019,5,ATCM35_wp060_e,2012,7,0.8295237421989441,ATCM38_wp026_e,2015,4,0.9346581
Measure 683,Measure,2019,6,ATCM35_wp044_e,2012,7,0.8187384009361267,ATCM35_wp044_e,2012,7,0.9287585
Measure 683,Measure,2019,7,ATCM35_wp061_e,2012,7,0.8139280080795288,ATCM36_wp059_e,2013,6,0.92485076
Measure 683,Measure,2019,8,ATCM37_wp054_e,2014,5,0.8133487105369568,ATCM37_wp054_e,2014,5,0.92099595
Measure 683,Measure,2019,9,ATCM36_wp059_e,2013,6,0.8120160102844238,ATCM35_wp061_e,2012,7,0.9070573
Measure 683,Measure,2019,10,ATCM38_wp026_e,2015,4,0.8118866682052612,ATCM35_wp060_e,2012,7,0.9009141
Measure 687,Measure,2019,1,ATCM46_wp023_e,2024,-5,0.9300056099891663,ATCM36_wp029_e,2013,6,0.9743959
Measure 687,Measure,2019,2,ATCM36_wp029_e,2013,6,0.9121606349945068,ATCM42_wp010_e,2019,0,0.9715208
Measure 687,Measure,2019,3,ATCM42_wp010_e,2019,0,0.8971286416053772,ATCM46_wp023_e,2024,-5,0.9692777
Measure 687,Measure,2019,4,ATCM31_wp025_rev1_e,2008,11,0.8268359303474426,ATCM31_wp025_rev1_e,2008,11,0.95705354
Measure 687,Measure,2019,5,ATCM38_wp026_e,2015,4,0.8257988691329956,ATCM38_wp026_e,2015,4,0.9245788
Measure 687,Measure,2019,6,ATCM35_wp061_e,2012,7,0.8137480020523071,ATCM47_wp011_e,2025,-6,0.9171283
Measure 687,Measure,2019,7,ATCM47_wp011_e,2025,-6,0.8132080435752869,ATCM46_wp026_e,2024,-5,0.9162333
Measure 687,Measure,2019,8,ATCM46_wp026_e,2024,-5,0.8118577003479004,ATCM36_wp059_e,2013,6,0.9052721
Measure 687,Measure,2019,9,ATCM36_wp059_e,2013,6,0.8067680597305298,ATCM43_wp045_e,2021,-2,0.8969214
Measure 687,Measure,2019,10,ATCM43_wp045_e,2021,-2,0.8049542307853699,ATCM35_wp061_e,2012,7,0.87730867
Measure 818,Measure,2024,1,ATCM46_wp005_e,2024,0,0.8928634524345398,ATCM36_wp006_e,2013,11,0.9762744
Measure 818,Measure,2024,2,ATCM36_wp006_e,2013,11,0.8649133443832397,ATCM42_wp020_e,2019,5,0.9757254
Measure 818,Measure,2024,3,ATCM42_wp020_e,2019,5,0.8501501083374023,ATCM46_wp005_e,2024,0,0.97478276
Measure 818,Measure,2024,4,ATCM31_wp032_e,2008,16,0.8089017271995544,ATCM37_wp031_e,2014,10,0.94691175
Measure 818,Measure,2024,5,ATCM35_wp061_e,2012,12,0.8025291562080383,ATCM31_wp032_e,2008,16,0.9455202
Measure 818,Measure,2024,6,ATCM46_wp023_e,2024,0,0.7989445924758911,ATCM35_wp054_e,2012,12,0.90814245
Measure 818,Measure,2024,7,ATCM35_wp060_e,2012,12,0.7953309416770935,ATCM36_wp059_e,2013,11,0.9045578
Measure 818,Measure,2024,8,ATCM36_wp059_e,2013,11,0.7923617362976074,ATCM46_wp023_e,2024,0,0.8954678
Measure 818,Measure,2024,9,ATCM35_wp054_e,2012,12,0.7882737517356873,ATCM35_wp061_e,2012,12,0.8768876
Measure 818,Measure,2024,10,ATCM37_wp031_e,2014,10,0.7877364158630371,ATCM35_wp060_e,2012,12,0.8657243
Decision 834,Decision,2024,1,ATCM35_wp030_e,2012,12,0.8508502244949341,ATCM35_wp030_e,2012,12,0.96833336
Decision 834,Decision,2024,2,ATCM36_wp067_e,2013,11,0.7881377935409546,ATCM35_wp047_e,2012,12,0.9429496
Decision 834,Decision,2024,3,ATCM45_wp015_rev2_e,2023,1,0.7674112915992737,ATCM45_wp015_rev2_e,2023,1,0.9401556
Decision 834,Decision,2024,4,ATCM36_wp031_e,2013,11,0.750870943069458,ATCM36_wp067_e,2013,11,0.93453866
Decision 834,Decision,2024,5,ATCM35_wp047_e,2012,12,0.7303969264030457,ATCM36_wp031_e,2013,11,0.93136275
Decision 834,Decision,2024,6,ATCM38_wp005_e,2015,9,0.7141976356506348,ATCM40_wp030_e,2017,7,0.9154996
Decision 834,Decision,2024,7,ATCM36_wp007_e,2013,11,0.7108964323997498,ATCM32_wp046_e,2009,15,0.8627453
Decision 834,Decision,2024,8,ATCM40_wp030_e,2017,7,0.709855854511261,ATCM36_wp007_e,2013,11,0.8379385
Decision 834,Decision,2024,9,ATCM37_wp001_e,2014,10,0.7032217979431152,ATCM37_wp001_e,2014,10,0.8303741
Decision 834,Decision,2024,10,ATCM32_wp046_e,2009,15,0.6981091499328613,ATCM38_wp005_e,2015,9,0.8114371
nan 838,Untyped,2023,1,ATCM45_wp021_rev1_e,2023,0,0.8335756063461304,ATCM45_wp021_rev1_e,2023,0,0.9814249
nan 838,Untyped,2023,2,ATCM23_wp038_e,1999,24,0.8036096096038818,ATCM23_wp002_e,1999,24,0.9503373
nan 838,Untyped,2023,3,ATCM23_wp002_e,1999,24,0.7504459023475647,ATCM23_wp038_e,1999,24,0.938373
nan 838,Untyped,2023,4,ATCM39_wp050_e,2016,7,0.747153639793396,ATCM32_wp007_e,2009,14,0.9148934
nan 838,Untyped,2023,5,ATCM22_wp024_e,1998,25,0.7295272350311279,ATCM21_wp002_rev1_e,1997,26,0.8704211
nan 838,Untyped,2023,6,ATCM32_wp007_e,2009,14,0.7207893133163452,ATCM22_wp023_e,1998,25,0.86797863
nan 838,Untyped,2023,7,ATCM34_wp025_e,2011,12,0.720467209815979,ATCM22_wp024_e,1998,25,0.86458504
nan 838,Untyped,2023,8,ATCM22_wp023_e,1998,25,0.7185990810394287,ATCM39_wp050_e,2016,7,0.86088455
nan 838,Untyped,2023,9,ATCM21_wp002_rev1_e,1997,26,0.7096220254898071,ATCM22_wp020_e,1998,25,0.8457387
nan 838,Untyped,2023,10,ATCM22_wp020_e,1998,25,0.6969240307807922,ATCM34_wp025_e,2011,12,0.8405733
Resolution 836,Resolution,2024,1,ATCM37_wp054_e,2014,10,0.8261148929595947,ATCM46_wp043_e,2024,0,0.9729954
Resolution 836,Resolution,2024,2,ATCM28_wp042_e,2005,19,0.8225163221359253,ATCM34_wp013_e,2011,13,0.9692777
Resolution 836,Resolution,2024,3,ATCM36_wp059_e,2013,11,0.8146356344223022,ATCM47_wp014_e,2025,-1,0.9409202
Resolution 836,Resolution,2024,4,ATCM35_wp044_e,2012,12,0.8100005388259888,ATCM35_wp044_e,2012,12,0.93915886
Resolution 836,Resolution,2024,5,ATCM46_wp043_e,2024,0,0.8086205720901489,ATCM36_wp059_e,2013,11,0.9379197
Resolution 836,Resolution,2024,6,ATCM41_wp031_e,2018,6,0.8038958311080933,ATCM37_wp054_e,2014,10,0.936075
Resolution 836,Resolution,2024,7,ATCM47_wp014_e,2025,-1,0.803769588470459,ATCM41_wp031_e,2018,6,0.92991287
Resolution 836,Resolution,2024,8,ATCM34_wp013_e,2011,13,0.8030065894126892,ATCM28_wp042_e,2005,19,0.9296579
Resolution 836,Resolution,2024,9,ATCM35_wp058_e,2012,12,0.7978050708770752,ATCM35_wp058_e,2012,12,0.9251894
Resolution 836,Resolution,2024,10,ATCM35_wp060_e,2012,12,0.796863853931427,ATCM35_wp060_e,2012,12,0.92313623
Measure 840,Measure,2025,1,ATCM47_wp010_e,2025,0,0.8553451299667358,ATCM47_wp010_e,2025,0,0.9808466
Measure 840,Measure,2025,2,ATCM31_wp019_e,2008,17,0.8212864398956299,ATCM37_wp018_e,2014,11,0.973403
Measure 840,Measure,2025,3,ATCM30_wp009_e,2007,18,0.8181871175765991,ATCM31_wp019_e,2008,17,0.96219295
Measure 840,Measure,2025,4,ATCM37_wp018_e,2014,11,0.812974750995636,ATCM42_wp030_e,2019,6,0.94710773
Measure 840,Measure,2025,5,ATCM42_wp030_e,2019,6,0.7907290458679199,ATCM30_wp009_e,2007,18,0.9463195
Measure 840,Measure,2025,6,ATCM38_wp026_e,2015,10,0.7832401990890503,ATCM47_wp009_e,2025,0,0.916514
Measure 840,Measure,2025,7,ATCM47_wp009_e,2025,0,0.7807559967041016,ATCM38_wp026_e,2015,10,0.9120031
Measure 840,Measure,2025,8,ATCM46_wp027_e,2024,1,0.7752642631530762,ATCM47_wp011_e,2025,0,0.91133964
Measure 840,Measure,2025,9,ATCM46_wp023_e,2024,1,0.7723591923713684,ATCM46_wp027_e,2024,1,0.8999509
Measure 840,Measure,2025,10,ATCM47_wp011_e,2025,0,0.7718503475189209,ATCM46_wp023_e,2024,1,0.8864597
Decision 832,Decision,2024,1,ATCM21_wp001_e,1997,27,0.8215035796165466,ATCM45_wp036_e,2023,1,0.951612
Decision 832,Decision,2024,2,ATCM27_wp008_e,2004,20,0.8063268661499023,ATCM1_wp002_e,1961,63,0.94491345
Decision 832,Decision,2024,3,ATCM21_wp033_e,1997,27,0.7898540496826172,ATCM21_wp001_e,1997,27,0.9265965
Decision 832,Decision,2024,4,ATCM21_wp024_e,1997,27,0.788580596446991,ATCM26_wp040_e,2003,21,0.9194909
Decision 832,Decision,2024,5,ATCM36_wp040_e,2013,11,0.7848076820373535,ATCM27_wp039_rev1_e,2004,20,0.8979998
Decision 832,Decision,2024,6,ATCM45_wp036_e,2023,1,0.7767333984375,ATCM36_wp040_e,2013,11,0.8775188
Decision 832,Decision,2024,7,ATCM26_wp040_e,2003,21,0.7760913372039795,ATCM27_wp008_e,2004,20,0.87433493
Decision 832,Decision,2024,8,ATCM1_wp002_e,1961,63,0.7757659554481506,ATCM21_wp033_e,1997,27,0.86797863
Decision 832,Decision,2024,9,ATCM10_wp015_e,1979,45,0.7723078727722168,ATCM21_wp024_e,1997,27,0.8502698
Decision 832,Decision,2024,10,ATCM27_wp039_rev1_e,2004,20,0.7679837346076965,ATCM10_wp015_e,1979,45,0.7810635
Measure 790,Measure,2023,1,ATCM43_wp039_rev1_e,2021,2,0.8841118216514587,ATCM45_wp051_e,2023,0,0.9852486
Measure 790,Measure,2023,2,ATCM35_wp054_e,2012,11,0.8834680318832397,ATCM35_wp054_e,2012,11,0.9802507
Measure 790,Measure,2023,3,ATCM45_wp051_e,2023,0,0.8764957189559937,ATCM43_wp039_rev1_e,2021,2,0.9797918
Measure 790,Measure,2023,4,ATCM44_wp046_e,2022,1,0.8716771602630615,ATCM28_wp020_e,2005,18,0.9292737
Measure 790,Measure,2023,5,ATCM34_wp023_e,2011,12,0.862903356552124,ATCM44_wp046_e,2022,1,0.917886
Measure 790,Measure,2023,6,ATCM40_wp008_e,2017,6,0.8389203548431396,ATCM27_wp013_e,2004,19,0.91673785
Measure 790,Measure,2023,7,ATCM28_wp020_e,2005,18,0.8284416198730469,ATCM34_wp023_e,2011,12,0.9153295
Measure 790,Measure,2023,8,ATCM35_wp060_e,2012,11,0.8186033964157104,ATCM40_wp008_e,2017,6,0.89862424
Measure 790,Measure,2023,9,ATCM27_wp013_e,2004,19,0.8178638815879822,ATCM35_wp061_e,2012,11,0.88743895
Measure 790,Measure,2023,10,ATCM35_wp061_e,2012,11,0.8170369863510132,ATCM35_wp060_e,2012,11,0.88387895
Recommendation 114,Recommendation,1975,1,ATCM8_wp049_e,1975,0,0.9474115967750549,ATCM9_wp080_e,1977,-2,0.9575327
Recommendation 114,Recommendation,1975,2,ATCM8_wp043_e,1975,0,0.9254003763198853,ATCM9_wp057_e,1977,-2,0.9547488
Recommendation 114,Recommendation,1975,3,ATCM8_wp023_e,1975,0,0.9203774929046631,ATCM8_wp024_e,1975,0,0.9540689
Recommendation 114,Recommendation,1975,4,ATCM10_wp032_rev1_e,1979,-4,0.9180158376693726,ATCM8_wp049_e,1975,0,0.9528557
Recommendation 114,Recommendation,1975,5,ATCM9_wp080_e,1977,-2,0.9169930219650269,ATCM10_wp030_rev1_e,1979,-4,0.95088744
Recommendation 114,Recommendation,1975,6,ATCM7_wp050_e,1972,3,0.9138410091400146,ATCM7_wp050_e,1972,3,0.9492193
Recommendation 114,Recommendation,1975,7,ATCM9_wp057_e,1977,-2,0.9116775989532471,ATCM8_wp043_e,1975,0,0.9482696
Recommendation 114,Recommendation,1975,8,ATCM10_wp032_e,1979,-4,0.9093592166900635,ATCM10_wp032_rev1_e,1979,-4,0.9482696
Recommendation 114,Recommendation,1975,9,ATCM10_wp030_rev1_e,1979,-4,0.9045062065124512,ATCM10_wp032_e,1979,-4,0.94769174
Recommendation 114,Recommendation,1975,10,ATCM8_wp024_e,1975,0,0.9035524129867554,ATCM8_wp023_e,1975,0,0.94691175
Measure 820,Measure,2024,1,ATCM46_wp064_e,2024,0,0.8884918093681335,ATCM42_wp053_e,2019,5,0.98357177
Measure 820,Measure,2024,2,ATCM42_wp053_e,2019,5,0.8865270614624023,ATCM46_wp064_e,2024,0,0.9822605
Measure 820,Measure,2024,3,ATCM35_wp002_e,2012,12,0.886516809463501,ATCM35_wp002_e,2012,12,0.981282
Measure 820,Measure,2024,4,ATCM16_wp012_e,1991,33,0.8559370636940002,ATCM16_wp012_e,1991,33,0.935252
Measure 820,Measure,2024,5,ATCM38_wp026_e,2015,9,0.8081817626953125,ATCM28_wp042_e,2005,19,0.9291452
Measure 820,Measure,2024,6,ATCM44_wp043_e,2022,2,0.8032028675079346,ATCM38_wp026_e,2015,9,0.92485076
Measure 820,Measure,2024,7,ATCM37_wp058_rev1_e,2014,10,0.8030624985694885,ATCM37_wp058_rev1_e,2014,10,0.9158014
Measure 820,Measure,2024,8,ATCM35_wp060_e,2012,12,0.7999234795570374,ATCM42_wp016_e,2019,5,0.9054394
Measure 820,Measure,2024,9,ATCM28_wp042_e,2005,19,0.7982454299926758,ATCM44_wp043_e,2022,2,0.89510167
Measure 820,Measure,2024,10,ATCM42_wp016_e,2019,5,0.7970908284187317,ATCM35_wp060_e,2012,12,0.87195534
Resolution 679,Resolution,2018,1,ATCM41_wp029_e,2018,0,0.8952627182006836,ATCM41_wp029_e,2018,0,0.9841912
Resolution 679,Resolution,2018,2,ATCM44_wp014_e,2022,-4,0.8488578796386719,ATCM44_wp014_e,2022,-4,0.9701947
Resolution 679,Resolution,2018,3,ATCM37_wp051_e,2014,4,0.8119844198226929,ATCM37_wp051_e,2014,4,0.93915886
Resolution 679,Resolution,2018,4,ATCM37_wp005_e,2014,4,0.7861543893814087,ATCM37_wp005_e,2014,4,0.935958
Resolution 679,Resolution,2018,5,ATCM25_wp026_e,2002,16,0.7424633502960205,ATCM45_wp006_e,2023,-5,0.92991287
Resolution 679,Resolution,2018,6,ATCM12_wp018_e,1983,35,0.728225588798523,ATCM25_wp026_e,2002,16,0.89473426
Resolution 679,Resolution,2018,7,ATCM29_wp003_e,2006,12,0.7238597869873047,ATCM40_wp009_rev1_e,2017,1,0.8828729
Resolution 679,Resolution,2018,8,ATCM12_wp001_rev1_e,1983,35,0.7198026180267334,ATCM29_wp003_e,2006,12,0.84368914
Resolution 679,Resolution,2018,9,ATCM45_wp006_e,2023,-5,0.7108772993087769,ATCM12_wp001_rev1_e,1983,35,0.8416174
Resolution 679,Resolution,2018,10,ATCM40_wp009_rev1_e,2017,1,0.7104820013046265,ATCM12_wp018_e,1983,35,0.8314717
Measure 798,Measure,2023,1,ATCM44_wp015_e,2022,1,0.867188572883606,ATCM44_wp015_e,2022,1,0.9503373
Measure 798,Measure,2023,2,ATCM36_wp063_e,2013,10,0.760809063911438,ATCM31_wp052_e,2008,15,0.8848775
Measure 798,Measure,2023,3,ATCM38_wp041_e,2015,8,0.7460123300552368,ATCM46_wp008_e,2024,-1,0.88387895
Measure 798,Measure,2023,4,ATCM28_wp024_e,2005,18,0.7322527170181274,ATCM43_wp009_rev1_e,2021,2,0.87195534
Measure 798,Measure,2023,5,ATCM35_wp058_e,2012,11,0.7308747172355652,ATCM36_wp063_e,2013,10,0.8693157
Measure 798,Measure,2023,6,ATCM46_wp008_e,2024,-1,0.7298743724822998,ATCM44_wp045_e,2022,1,0.8690936
Measure 798,Measure,2023,7,ATCM43_wp009_rev1_e,2021,2,0.7277103066444397,ATCM38_wp041_e,2015,8,0.8670808
Measure 798,Measure,2023,8,ATCM44_wp045_e,2022,1,0.7246509194374084,ATCM35_wp058_e,2012,11,0.86685556
Measure 798,Measure,2023,9,ATCM43_wp031_e,2021,2,0.7236032485961914,ATCM43_wp031_e,2021,2,0.8661778
Measure 798,Measure,2023,10,ATCM31_wp052_e,2008,15,0.7231758832931519,ATCM28_wp024_e,2005,18,0.84726137
Decision 733,Decision,2021,1,ATCM43_wp060_rev1_e,2021,0,0.9153715372085571,ATCM43_wp060_rev1_e,2021,0,0.98406917
Decision 733,Decision,2021,2,ATCM32_wp003_e,2009,12,0.847208559513092,ATCM42_wp065_e,2019,2,0.9525035
Decision 733,Decision,2021,3,ATCM42_wp065_e,2019,2,0.839867115020752,ATCM44_wp052_e,2022,-1,0.935958
Decision 733,Decision,2021,4,ATCM24_wp016_e,2001,20,0.8231172561645508,ATCM24_wp016_e,2001,20,0.9302938
Decision 733,Decision,2021,5,ATCM31_wp061_e,2008,13,0.8194589614868164,ATCM30_wp038_e,2007,14,0.92491853
Decision 733,Decision,2021,6,ATCM44_wp052_e,2022,-1,0.8174507021903992,ATCM31_wp061_e,2008,13,0.91490287
Decision 733,Decision,2021,7,ATCM30_wp038_e,2007,14,0.8126062154769897,ATCM32_wp003_e,2009,12,0.9048946
Decision 733,Decision,2021,8,ATCM25_wp004_e,2002,19,0.786453366279602,ATCM25_wp004_e,2002,19,0.8932535
Decision 733,Decision,2021,9,ATCM14_wp030_rev1_e,1987,34,0.775471568107605,ATCM35_wp046_e,2012,9,0.87519085
Decision 733,Decision,2021,10,ATCM35_wp046_e,2012,9,0.7637535333633423,ATCM14_wp030_rev1_e,1987,34,0.8202392
Measure 731,Measure,2021,1,ATCM43_wp001_e,2021,0,0.9281517267227173,ATCM43_wp001_e,2021,0,0.9706433
Measure 731,Measure,2021,2,ATCM42_wp018_rev1_e,2019,2,0.8990165591239929,ATCM42_wp018_rev1_e,2019,2,0.95705354
Measure 731,Measure,2021,3,ATCM16_wp039_e,1991,30,0.8588416576385498,ATCM26_wp017_rev1_e,2003,18,0.9433685
Measure 731,Measure,2021,4,ATCM26_wp017_rev1_e,2003,18,0.7224531173706055,ATCM26_wp017_e,2003,18,0.9431594
Measure 731,Measure,2021,5,ATCM26_wp017_e,2003,18,0.7207416892051697,ATCM16_wp039_e,1991,30,0.9426336
Measure 731,Measure,2021,6,ATCM42_wp022_e,2019,2,0.7143186330795288,ATCM30_wp038_e,2007,14,0.9233438
Measure 731,Measure,2021,7,ATCM22_wp021_e,1998,23,0.7099645137786865,ATCM42_wp022_e,2019,2,0.91236496
Measure 731,Measure,2021,8,ATCM30_wp038_e,2007,14,0.7019784450531006,ATCM39_wp048_rev1_e,2016,5,0.90100116
Measure 731,Measure,2021,9,ATCM39_wp048_rev1_e,2016,5,0.6906702518463135,ATCM41_wp021_e,2018,3,0.87898064
Measure 731,Measure,2021,10,ATCM41_wp021_e,2018,3,0.6886258125305176,ATCM22_wp021_e,1998,23,0.83899665
Decision 631,Decision,2016,1,ATCM40_wp006_e,2017,-1,0.7906419634819031,ATCM40_wp006_e,2017,-1,0.92251027
Decision 631,Decision,2016,2,ATCM17_wp010_e,1992,24,0.7524433135986328,ATCM17_wp010_e,1992,24,0.8951933
Decision 631,Decision,2016,3,ATCM17_wp020_e,1992,24,0.7484745383262634,ATCM17_wp020_e,1992,24,0.8901415
Decision 631,Decision,2016,4,ATCM22_wp023_e,1998,18,0.7309521436691284,ATCM32_wp007_e,2009,7,0.8791883
Decision 631,Decision,2016,5,ATCM22_wp024_e,1998,18,0.7304403781890869,ATCM21_wp002_rev1_e,1997,19,0.877938
Decision 631,Decision,2016,6,ATCM21_wp002_rev1_e,1997,19,0.7229824662208557,ATCM23_wp012_e,1999,17,0.86595124
Decision 631,Decision,2016,7,ATCM23_wp012_e,1999,17,0.7161513566970825,ATCM22_wp024_e,1998,18,0.84927243
Decision 631,Decision,2016,8,ATCM22_wp020_e,1998,18,0.7152624130249023,ATCM22_wp023_e,1998,18,0.8447167
Decision 631,Decision,2016,9,ATCM28_wp009_e,2005,11,0.7136311531066895,ATCM28_wp009_e,2005,11,0.8352686
Decision 631,Decision,2016,10,ATCM32_wp007_e,2009,7,0.7135790586471558,ATCM22_wp020_e,1998,18,0.8331075
Measure 651,Measure,2017,1,ATCM40_wp014_rev1_e,2017,0,0.8520707488059998,ATCM40_wp014_rev1_e,2017,0,0.9743959
Measure 651,Measure,2017,2,ATCM30_wp003_e,2007,10,0.8130694627761841,ATCM30_wp003_e,2007,10,0.9358408
Measure 651,Measure,2017,3,ATCM37_wp054_e,2014,3,0.8076992034912109,ATCM37_wp021_e,2014,3,0.8804275
Measure 651,Measure,2017,4,ATCM35_wp044_e,2012,5,0.7864066362380981,ATCM37_wp054_e,2014,3,0.87497735
Measure 651,Measure,2017,5,ATCM45_wp059_e,2023,-6,0.778038740158081,ATCM45_wp059_e,2023,-6,0.8736898
Measure 651,Measure,2017,6,ATCM36_wp030_e,2013,4,0.7773721218109131,ATCM38_wp003_e,2015,2,0.87020063
Measure 651,Measure,2017,7,ATCM37_wp021_e,2014,3,0.7745694518089294,ATCM35_wp044_e,2012,5,0.86953735
Measure 651,Measure,2017,8,ATCM35_wp060_e,2012,5,0.7741367816925049,ATCM36_wp030_e,2013,4,0.8575773
Measure 651,Measure,2017,9,ATCM38_wp003_e,2015,2,0.7735604047775269,ATCM35_wp060_e,2012,5,0.8264878
Measure 651,Measure,2017,10,ATCM35_wp058_e,2012,5,0.7694194316864014,ATCM35_wp058_e,2012,5,0.823101
Decision 842,Decision,2025,1,ATCM32_wp007_e,2009,16,0.8213793635368347,ATCM32_wp007_e,2009,16,0.9342993
Decision 842,Decision,2025,2,ATCM21_wp001_e,1997,28,0.7579149007797241,ATCM1_wp002_e,1961,64,0.9212798
Decision 842,Decision,2025,3,ATCM24_wp004_e,2001,24,0.753125786781311,ATCM34_wp025_e,2011,14,0.90635514
Decision 842,Decision,2025,4,ATCM17_wp010_e,1992,33,0.7438492774963379,ATCM17_wp020_e,1992,33,0.9041778
Decision 842,Decision,2025,5,ATCM17_wp020_e,1992,33,0.7394336462020874,ATCM21_wp001_e,1997,28,0.8992453
Decision 842,Decision,2025,6,ATCM27_wp008_e,2004,21,0.7361664772033691,ATCM24_wp004_e,2001,24,0.88763386
Decision 842,Decision,2025,7,ATCM21_wp033_e,1997,28,0.7357493042945862,ATCM21_wp040_e,1997,28,0.8848775
Decision 842,Decision,2025,8,ATCM21_wp040_e,1997,28,0.7330992817878723,ATCM17_wp010_e,1992,33,0.8820626
Decision 842,Decision,2025,9,ATCM1_wp002_e,1961,64,0.7284872531890869,ATCM21_wp033_e,1997,28,0.83899665
Decision 842,Decision,2025,10,ATCM34_wp025_e,2011,14,0.7269737720489502,ATCM27_wp008_e,2004,21,0.823101
Resolution 707,Resolution,2019,1,ATCM10_wp026_e,1979,40,0.848758339881897,ATCM11_wp033_rev2_e,1981,38,0.92933786
Resolution 707,Resolution,2019,2,ATCM1_wp005_e,1961,58,0.816572368144989,ATCM1_wp005_e,1961,58,0.9280445
Resolution 707,Resolution,2019,3,ATCM10_wp051_e,1979,40,0.8078871369361877,ATCM10_wp026_e,1979,40,0.92752105
Resolution 707,Resolution,2019,4,ATCM5_wp038_e,1968,51,0.8077596426010132,ATCM15_wp046_rev2_e,1989,30,0.9234129
Resolution 707,Resolution,2019,5,ATCM10_wp051_rev1_e,1979,40,0.8062630295753479,ATCM5_wp038_e,1968,51,0.91416335
Resolution 707,Resolution,2019,6,ATCM15_wp006_e,1989,30,0.8047853708267212,ATCM5_wp038_rev1_e,1968,51,0.91286016
Resolution 707,Resolution,2019,7,ATCM15_wp046_rev2_e,1989,30,0.7928203344345093,ATCM15_wp006_e,1989,30,0.91181684
Resolution 707,Resolution,2019,8,ATCM12_wp019_e,1983,36,0.7910968065261841,ATCM10_wp051_e,1979,40,0.9113001
Resolution 707,Resolution,2019,9,ATCM5_wp038_rev1_e,1968,51,0.7851182818412781,ATCM10_wp051_rev1_e,1979,40,0.90767294
Resolution 707,Resolution,2019,10,ATCM11_wp033_rev2_e,1981,38,0.7786074280738831,ATCM12_wp019_e,1983,36,0.89835703
Decision 675,Decision,2018,1,ATCM35_wp030_e,2012,6,0.8563501238822937,ATCM35_wp030_e,2012,6,0.96686405
Decision 675,Decision,2018,2,ATCM36_wp067_e,2013,5,0.7914604544639587,ATCM35_wp047_e,2012,6,0.9392704
Decision 675,Decision,2018,3,ATCM45_wp015_rev2_e,2023,-5,0.7678112983703613,ATCM45_wp015_rev2_e,2023,-5,0.9380332
Decision 675,Decision,2018,4,ATCM36_wp031_e,2013,5,0.7503776550292969,ATCM36_wp031_e,2013,5,0.9279792
Decision 675,Decision,2018,5,ATCM35_wp047_e,2012,6,0.7379528880119324,ATCM36_wp067_e,2013,5,0.92706007
Decision 675,Decision,2018,6,ATCM40_wp030_e,2017,1,0.7202942371368408,ATCM40_wp030_e,2017,1,0.91469353
Decision 675,Decision,2018,7,ATCM38_wp005_e,2015,3,0.7142468690872192,ATCM32_wp046_e,2009,9,0.8613517
Decision 675,Decision,2018,8,ATCM32_wp046_e,2009,9,0.7080075740814209,ATCM36_wp007_e,2013,5,0.8331075
Decision 675,Decision,2018,9,ATCM36_wp007_e,2013,5,0.7058079242706299,ATCM38_wp005_e,2015,3,0.80354404
Decision 675,Decision,2018,10,ATCM17_wp033_e,1992,26,0.7014421224594116,ATCM17_wp033_e,1992,26,0.726115
Decision 408,Decision,2008,1,ATCM26_wp041_e,2003,5,0.9561774730682373,ATCM46_wp017_e,2024,-16,0.98198617
Decision 408,Decision,2008,2,ATCM31_wp063_rev1_e,2008,0,0.9507019519805908,ATCM31_wp063_rev1_e,2008,0,0.9749741
Decision 408,Decision,2008,3,ATCM31_wp063_e,2008,0,0.9505918025970459,ATCM39_wp042_e,2016,-8,0.97478276
Decision 408,Decision,2008,4,ATCM39_wp042_e,2016,-8,0.9496109485626221,ATCM31_wp063_e,2008,0,0.97478276
Decision 408,Decision,2008,5,ATCM46_wp017_e,2024,-16,0.9408912658691406,ATCM25_wp042_e,2002,6,0.9616204
Decision 408,Decision,2008,6,ATCM25_wp042_e,2002,6,0.9370663166046143,ATCM26_wp041_e,2003,5,0.94491345
Decision 408,Decision,2008,7,ATCM27_wp047_rev1_e,2004,4,0.8138834238052368,ATCM27_wp047_rev1_e,2004,4,0.9370036
Decision 408,Decision,2008,8,ATCM18_wp008_e,1994,14,0.755049467086792,ATCM18_wp008_e,1994,14,0.872825
Decision 408,Decision,2008,9,ATCM25_wp028_e,2002,6,0.734035849571228,ATCM25_wp028_e,2002,6,0.86753035
Decision 408,Decision,2008,10,ATCM25_wp044_e,2002,6,0.7234495878219604,ATCM25_wp044_e,2002,6,0.8632072
Measure 599,Measure,2015,1,ATCM43_wp025_rev1_e,2021,-6,0.8925010561943054,ATCM33_wp034_e,2010,5,0.968809
Measure 599,Measure,2015,2,ATCM33_wp034_e,2010,5,0.8791447877883911,ATCM43_wp025_rev1_e,2021,-6,0.9637254
Measure 599,Measure,2015,3,ATCM38_wp026_e,2015,0,0.8335576057434082,ATCM38_wp026_e,2015,0,0.94903076
Measure 599,Measure,2015,4,ATCM33_wp033_e,2010,5,0.8194392323493958,ATCM33_wp032_e,2010,5,0.9012622
Measure 599,Measure,2015,5,ATCM43_wp023_rev1_e,2021,-6,0.8169676065444946,ATCM43_wp023_rev1_e,2021,-6,0.89959866
Measure 599,Measure,2015,6,ATCM43_wp024_rev1_e,2021,-6,0.81157386302948,ATCM33_wp033_e,2010,5,0.8992453
Measure 599,Measure,2015,7,ATCM33_wp032_e,2010,5,0.8099395036697388,ATCM35_wp044_e,2012,3,0.8969214
Measure 599,Measure,2015,8,ATCM36_wp030_e,2013,2,0.8095397353172302,ATCM43_wp024_rev1_e,2021,-6,0.8919429
Measure 599,Measure,2015,9,ATCM35_wp044_e,2012,3,0.8037285804748535,ATCM46_wp023_e,2024,-9,0.8848775
Measure 599,Measure,2015,10,ATCM46_wp023_e,2024,-9,0.799107551574707,ATCM36_wp030_e,2013,2,0.88246834
Resolution 778,Resolution,2022,1,ATCM28_wp038_e,2005,17,0.8695558309555054,ATCM43_wp035_e,2021,1,0.9778496
Resolution 778,Resolution,2022,2,ATCM43_wp035_e,2021,1,0.8476114273071289,ATCM44_wp036_e,2022,0,0.9768113
Resolution 778,Resolution,2022,3,ATCM30_wp013_e,2007,15,0.8436533808708191,ATCM45_wp004_e,2023,-1,0.96833336
Resolution 778,Resolution,2022,4,ATCM31_wp006_e,2008,14,0.8307108879089355,ATCM28_wp038_e,2005,17,0.9492193
Resolution 778,Resolution,2022,5,ATCM28_wp012_e,2005,17,0.8301457166671753,ATCM30_wp013_e,2007,15,0.9461207
Resolution 778,Resolution,2022,6,ATCM29_wp015_rev1_e,2006,16,0.8072277903556824,ATCM31_wp006_e,2008,14,0.9371187
Resolution 778,Resolution,2022,7,ATCM16_wp002_e,1991,31,0.8008058071136475,ATCM29_wp015_rev1_e,2006,16,0.9363083
Resolution 778,Resolution,2022,8,ATCM44_wp036_e,2022,0,0.7965120673179626,ATCM28_wp012_e,2005,17,0.9342993
Resolution 778,Resolution,2022,9,ATCM9_wp013_rev1_e,1977,45,0.7964180707931519,ATCM16_wp002_e,1991,31,0.8934396
Resolution 778,Resolution,2022,10,ATCM45_wp004_e,2023,-1,0.7928087711334229,ATCM9_wp013_rev1_e,1977,45,0.87646526
Recommendation 87,Recommendation,1970,1,ATCM6_wp008_rev2_e,1970,0,0.9541983604431152,ATCM6_wp008_rev2_e,1970,0,0.9459213
Recommendation 87,Recommendation,1970,2,ATCM6_wp008_rev1_e,1970,0,0.9325490593910217,ATCM8_wp008_e,1975,-5,0.935958
Recommendation 87,Recommendation,1970,3,ATCM6_wp008_e,1970,0,0.9245557188987732,ATCM6_wp008_rev1_e,1970,0,0.9312377
Recommendation 87,Recommendation,1970,4,ATCM6_wp022_e,1970,0,0.7274206876754761,ATCM6_wp008_e,1970,0,0.9291452
Recommendation 87,Recommendation,1970,5,ATCM6_wp022_rev1_e,1970,0,0.7241699695587158,ATCM7_wp016_e,1972,-2,0.8804275
Recommendation 87,Recommendation,1970,6,ATCM8_wp008_e,1975,-5,0.7225075960159302,ATCM6_wp022_e,1970,0,0.8708611
Recommendation 87,Recommendation,1970,7,ATCM7_wp016_e,1972,-2,0.7201898097991943,ATCM6_wp022_rev1_e,1970,0,0.86595124
Recommendation 87,Recommendation,1970,8,ATCM8_wp038_e,1975,-5,0.7030202746391296,ATCM6_wp007_e,1970,0,0.8652696
Recommendation 87,Recommendation,1970,9,ATCM6_wp007_e,1970,0,0.6997326612472534,ATCM8_wp038_e,1975,-5,0.8379385
Recommendation 87,Recommendation,1970,10,ATCM8_wp028_e,1975,-5,0.6930795311927795,ATCM8_wp028_e,1975,-5,0.8314717
Recommendation 202,Recommendation,1991,1,ATCM16_wp017_e,1991,0,0.8751492500305176,ATCM24_wp022_e,2001,-10,0.98665434
Recommendation 202,Recommendation,1991,2,ATCM33_wp043_e,2010,-19,0.8398635983467102,ATCM33_wp043_e,2010,-19,0.9742002
Recommendation 202,Recommendation,1991,3,ATCM44_wp044_e,2022,-31,0.8256480097770691,ATCM39_wp004_e,2016,-25,0.96760666
Recommendation 202,Recommendation,1991,4,ATCM39_wp004_e,2016,-25,0.8157300353050232,ATCM16_wp017_e,1991,0,0.965719
Recommendation 202,Recommendation,1991,5,ATCM8_wp002_e,1975,16,0.8143102526664734,ATCM44_wp044_e,2022,-31,0.9635886
Recommendation 202,Recommendation,1991,6,ATCM8_wp044_e,1975,16,0.8125607371330261,ATCM34_wp047_e,2011,-20,0.96074593
Recommendation 202,Recommendation,1991,7,ATCM24_wp022_e,2001,-10,0.8076414465904236,ATCM8_wp044_e,1975,16,0.9211025
Recommendation 202,Recommendation,1991,8,ATCM8_wp035_e,1975,16,0.8056560158729553,ATCM8_wp035_e,1975,16,0.9139716
Recommendation 202,Recommendation,1991,9,ATCM24_wp033_e,2001,-10,0.8046277761459351,ATCM24_wp033_e,2001,-10,0.91264755
Recommendation 202,Recommendation,1991,10,ATCM34_wp047_e,2011,-20,0.7978142499923706,ATCM8_wp002_e,1975,16,0.87239087
nan 353,Untyped,1987,1,ATCM14_wp026_e,1987,0,0.8889278173446655,ATCM40_wp003_e,2017,-30,0.9821239
nan 353,Untyped,1987,2,ATCM40_wp003_e,2017,-30,0.8241229057312012,ATCM14_wp026_e,1987,0,0.97516406
nan 353,Untyped,1987,3,ATCM14_wp003_e,1987,0,0.7753223180770874,ATCM14_wp003_e,1987,0,0.962617
nan 353,Untyped,1987,4,ATCM11_wp038_e,1981,6,0.7684390544891357,ATCM14_wp033_e,1987,0,0.895924
nan 353,Untyped,1987,5,ATCM14_wp033_e,1987,0,0.767280101776123,ATCM18_wp009_e,1994,-7,0.8242356
nan 353,Untyped,1987,6,ATCM12_wp024_rev1_e,1983,4,0.7655625343322754,ATCM12_wp024_rev1_e,1983,4,0.80230784
nan 353,Untyped,1987,7,ATCM11_wp005_e,1981,6,0.7647070288658142,ATCM12_wp026_e,1983,4,0.7928494
nan 353,Untyped,1987,8,ATCM18_wp009_e,1994,-7,0.7580626010894775,ATCM33_wp041_e,2010,-23,0.75606954
nan 353,Untyped,1987,9,ATCM12_wp026_e,1983,4,0.7576534748077393,ATCM11_wp038_e,1981,6,0.74435914
nan 353,Untyped,1987,10,ATCM33_wp041_e,2010,-23,0.756500244140625,ATCM11_wp005_e,1981,6,0.7276659
Measure 768,Measure,2022,1,ATCM44_wp047_e,2022,0,0.8263463377952576,ATCM44_wp047_e,2022,0,0.9839462
Measure 768,Measure,2022,2,ATCM46_wp009_e,2024,-2,0.8212789297103882,ATCM46_wp009_e,2024,-2,0.9764547
Measure 768,Measure,2022,3,ATCM26_wp017_rev1_e,2003,19,0.8188109397888184,ATCM26_wp017_rev1_e,2003,19,0.9619076
Measure 768,Measure,2022,4,ATCM26_wp017_e,2003,19,0.8167674541473389,ATCM24_wp016_e,2001,21,0.9616204
Measure 768,Measure,2022,5,ATCM42_wp022_e,2019,3,0.8141816854476929,ATCM45_wp053_e,2023,-1,0.961476
Measure 768,Measure,2022,6,ATCM30_wp038_e,2007,15,0.7843126654624939,ATCM26_wp017_e,2003,19,0.961331
Measure 768,Measure,2022,7,ATCM24_wp016_e,2001,21,0.7788282632827759,ATCM42_wp022_e,2019,3,0.96074593
Measure 768,Measure,2022,8,ATCM47_wp047_e,2025,-3,0.7782711982727051,ATCM47_wp047_e,2025,-3,0.9572139
Measure 768,Measure,2022,9,ATCM45_wp053_e,2023,-1,0.7689324021339417,ATCM31_wp061_e,2008,14,0.9550851
Measure 768,Measure,2022,10,ATCM31_wp061_e,2008,14,0.7665103673934937,ATCM30_wp038_e,2007,15,0.9495946
Decision 846,Decision,2025,1,ATCM27_wp047_rev1_e,2004,21,0.8366985321044922,ATCM46_wp017_e,2024,1,0.9639975
Decision 846,Decision,2025,2,ATCM46_wp017_e,2024,1,0.8263001441955566,ATCM39_wp042_e,2016,9,0.9463195
Decision 846,Decision,2025,3,ATCM39_wp042_e,2016,9,0.810320258140564,ATCM25_wp042_e,2002,23,0.9455202
Decision 846,Decision,2025,4,ATCM31_wp063_rev1_e,2008,17,0.8078733086585999,ATCM27_wp047_rev1_e,2004,21,0.94491345
Decision 846,Decision,2025,5,ATCM31_wp063_e,2008,17,0.8074349164962769,ATCM31_wp063_e,2008,17,0.9438879
Decision 846,Decision,2025,6,ATCM25_wp042_e,2002,23,0.7342197895050049,ATCM31_wp063_rev1_e,2008,17,0.9437843
Decision 846,Decision,2025,7,ATCM26_wp041_e,2003,22,0.7339426875114441,ATCM26_wp041_e,2003,22,0.9125429
Decision 846,Decision,2025,8,ATCM18_wp008_e,1994,31,0.6945429444313049,ATCM25_wp028_e,2002,23,0.87604177
Decision 846,Decision,2025,9,ATCM25_wp044_e,2002,23,0.6887034177780151,ATCM18_wp008_e,1994,31,0.8661778
Decision 846,Decision,2025,10,ATCM25_wp028_e,2002,23,0.6721252799034119,ATCM25_wp044_e,2002,23,0.85805386
Decision 698,Decision,2019,1,ATCM35_wp030_e,2012,7,0.8573074340820312,ATCM35_wp030_e,2012,7,0.96597666
Decision 698,Decision,2019,2,ATCM36_wp067_e,2013,6,0.7939028739929199,ATCM35_wp047_e,2012,7,0.93982506
Decision 698,Decision,2019,3,ATCM45_wp015_rev2_e,2023,-4,0.7702379822731018,ATCM45_wp015_rev2_e,2023,-4,0.93677264
Decision 698,Decision,2019,4,ATCM36_wp031_e,2013,6,0.7527315616607666,ATCM36_wp031_e,2013,6,0.92856437
Decision 698,Decision,2019,5,ATCM35_wp047_e,2012,7,0.740487277507782,ATCM36_wp067_e,2013,6,0.92180926
Decision 698,Decision,2019,6,ATCM40_wp030_e,2017,2,0.7220256328582764,ATCM40_wp030_e,2017,2,0.9122429
Decision 698,Decision,2019,7,ATCM38_wp005_e,2015,4,0.7133524417877197,ATCM32_wp046_e,2009,10,0.86088455
Decision 698,Decision,2019,8,ATCM32_wp046_e,2009,10,0.7096850872039795,ATCM36_wp007_e,2013,6,0.8298232
Decision 698,Decision,2019,9,ATCM36_wp007_e,2013,6,0.7069945931434631,ATCM38_wp005_e,2015,4,0.8004425
Decision 698,Decision,2019,10,ATCM17_wp033_e,1992,27,0.7015715837478638,ATCM17_wp033_e,1992,27,0.726115
Decision 697,Decision,2019,1,ATCM25_wp035_e,2002,17,0.7728888988494873,ATCM26_wp012_e,2003,16,0.9706433
Decision 697,Decision,2019,2,ATCM26_wp012_e,2003,16,0.7375952005386353,ATCM26_wp005_e,2003,16,0.9704198
Decision 697,Decision,2019,3,ATCM25_wp028_e,2002,17,0.7189565896987915,ATCM25_wp035_e,2002,17,0.9371187
Decision 697,Decision,2019,4,ATCM25_wp044_e,2002,17,0.7149175405502319,ATCM27_wp047_rev1_e,2004,15,0.9275866
Decision 697,Decision,2019,5,ATCM26_wp005_e,2003,16,0.7146883606910706,ATCM39_wp042_e,2016,3,0.92471486
Decision 697,Decision,2019,6,ATCM24_wp037_e,2001,18,0.7051552534103394,ATCM25_wp044_e,2002,17,0.896015
Decision 697,Decision,2019,7,ATCM27_wp047_rev1_e,2004,15,0.7036688923835754,ATCM25_wp028_e,2002,17,0.89574176
Decision 697,Decision,2019,8,ATCM18_wp008_e,1994,25,0.6926673650741577,ATCM24_wp037_e,2001,18,0.8951933
Decision 697,Decision,2019,9,ATCM18_wp016_e,1994,25,0.6861790418624878,ATCM18_wp008_e,1994,25,0.8632072
Decision 697,Decision,2019,10,ATCM39_wp042_e,2016,3,0.6714457273483276,ATCM18_wp016_e,1994,25,0.8546907
Resolution 637,Resolution,2016,1,ATCM12_wp001_rev1_e,1983,33,0.8085863590240479,ATCM39_wp015_e,2016,0,0.97963655
Resolution 637,Resolution,2016,2,ATCM37_wp024_e,2014,2,0.8014763593673706,ATCM23_wp007_rev2_e,1999,17,0.96785074
Resolution 637,Resolution,2016,3,ATCM37_wp029_e,2014,2,0.8003751039505005,ATCM37_wp029_e,2014,2,0.9573736
Resolution 637,Resolution,2016,4,ATCM12_wp018_e,1983,33,0.7908821105957031,ATCM37_wp024_e,2014,2,0.9497813
Resolution 637,Resolution,2016,5,ATCM15_wp034_e,1989,27,0.7763262987136841,ATCM23_wp007_e,1999,17,0.9361917
Resolution 637,Resolution,2016,6,ATCM15_wp066_rev2_e,1989,27,0.7706751227378845,ATCM22_wp014_e,1998,18,0.9040508
Resolution 637,Resolution,2016,7,ATCM23_wp007_rev2_e,1999,17,0.7666440606117249,ATCM15_wp034_e,1989,27,0.895924
Resolution 637,Resolution,2016,8,ATCM22_wp014_e,1998,18,0.7646055221557617,ATCM15_wp066_rev2_e,1989,27,0.8926935
Resolution 637,Resolution,2016,9,ATCM39_wp015_e,2016,0,0.7640069723129272,ATCM12_wp001_rev1_e,1983,33,0.88387895
Resolution 637,Resolution,2016,10,ATCM23_wp007_e,1999,17,0.7614591121673584,ATCM12_wp018_e,1983,33,0.8517556
Decision 844,Decision,2025,1,ATCM27_wp030_rev1_e,2004,21,0.7976846694946289,ATCM26_wp005_e,2003,22,0.92599654
Decision 844,Decision,2025,2,ATCM26_wp011_e,2003,22,0.7864481806755066,ATCM27_wp030_rev1_e,2004,21,0.9094376
Decision 844,Decision,2025,3,ATCM26_wp005_e,2003,22,0.7448078393936157,ATCM24_wp037_e,2001,24,0.9089134
Decision 844,Decision,2025,4,ATCM25_wp049_e,2002,23,0.7427381277084351,ATCM26_wp011_e,2003,22,0.90869087
Decision 844,Decision,2025,5,ATCM24_wp037_e,2001,24,0.7391819953918457,ATCM27_wp029_e,2004,21,0.9045578
Decision 844,Decision,2025,6,ATCM18_wp008_e,1994,31,0.7377681732177734,ATCM25_wp049_e,2002,23,0.8950099
Decision 844,Decision,2025,7,ATCM30_wp044_e,2007,18,0.7304756045341492,ATCM25_wp046_e,2002,23,0.8907132
Decision 844,Decision,2025,8,ATCM27_wp029_e,2004,21,0.7266539335250854,ATCM30_wp044_e,2007,18,0.88307476
Decision 844,Decision,2025,9,ATCM25_wp046_e,2002,23,0.7223120927810669,ATCM25_wp044_e,2002,23,0.86753035
Decision 844,Decision,2025,10,ATCM25_wp044_e,2002,23,0.707244873046875,ATCM18_wp008_e,1994,31,0.8522482
Measure 753,Measure,2022,1,ATCM44_wp041_e,2022,0,0.9058407545089722,ATCM35_wp012_e,2012,10,0.97750866
Measure 753,Measure,2022,2,ATCM40_wp010_rev1_e,2017,5,0.8571908473968506,ATCM40_wp010_rev1_e,2017,5,0.97478276
Measure 753,Measure,2022,3,ATCM35_wp012_e,2012,10,0.807706892490387,ATCM44_wp041_e,2022,0,0.9738046
Measure 753,Measure,2022,4,ATCM44_wp042_e,2022,0,0.8028638958930969,ATCM28_wp042_e,2005,17,0.93223155
Measure 753,Measure,2022,5,ATCM28_wp042_e,2005,17,0.7939558029174805,ATCM44_wp042_e,2022,0,0.9241692
Measure 753,Measure,2022,6,ATCM35_wp058_e,2012,10,0.7922236323356628,ATCM36_wp059_e,2013,9,0.91208637
Measure 753,Measure,2022,7,ATCM36_wp059_e,2013,9,0.7904766798019409,ATCM44_wp040_e,2022,0,0.91041803
Measure 753,Measure,2022,8,ATCM44_wp046_e,2022,0,0.7886261940002441,ATCM44_wp043_e,2022,0,0.9029439
Measure 753,Measure,2022,9,ATCM44_wp040_e,2022,0,0.7865841388702393,ATCM44_wp046_e,2022,0,0.9020415
Measure 753,Measure,2022,10,ATCM44_wp043_e,2022,0,0.7844358682632446,ATCM35_wp058_e,2012,10,0.89033234
Resolution 663,Resolution,2017,1,ATCM40_wp032_e,2017,0,0.8972057104110718,ATCM40_wp032_e,2017,0,0.96809286
Resolution 663,Resolution,2017,2,ATCM43_wp021_e,2021,-4,0.8049353361129761,ATCM43_wp021_e,2021,-4,0.9403749
Resolution 663,Resolution,2017,3,ATCM36_wp049_e,2013,4,0.8045071363449097,ATCM41_wp012_e,2018,-1,0.93677264
Resolution 663,Resolution,2017,4,ATCM37_wp020_e,2014,3,0.7913848757743835,ATCM42_wp048_e,2019,-2,0.93004006
Resolution 663,Resolution,2017,5,ATCM41_wp012_e,2018,-1,0.777161717414856,ATCM36_wp049_e,2013,4,0.91828996
Resolution 663,Resolution,2017,6,ATCM16_wp021_e,1991,26,0.7736361026763916,ATCM37_wp020_e,2014,3,0.91011894
Resolution 663,Resolution,2017,7,ATCM32_wp034_e,2009,8,0.7707560062408447,ATCM29_wp007_e,2006,11,0.9077138
Resolution 663,Resolution,2017,8,ATCM30_wp017_e,2007,10,0.7682695388793945,ATCM30_wp017_e,2007,10,0.8895672
Resolution 663,Resolution,2017,9,ATCM29_wp007_e,2006,11,0.767362117767334,ATCM32_wp034_e,2009,8,0.87856454
Resolution 663,Resolution,2017,10,ATCM42_wp048_e,2019,-2,0.7623990774154663,ATCM16_wp021_e,1991,26,0.8090347
Measure 400,Measure,2008,1,ATCM36_wp005_e,2013,-5,0.907472550868988,ATCM31_wp008_e,2008,0,0.9841912
Measure 400,Measure,2008,2,ATCM45_wp026_e,2023,-15,0.8570820093154907,ATCM45_wp026_e,2023,-15,0.9790037
Measure 400,Measure,2008,3,ATCM31_wp008_e,2008,0,0.8539109230041504,ATCM36_wp005_e,2013,-5,0.9788425
Measure 400,Measure,2008,4,ATCM39_wp027_e,2016,-8,0.811275839805603,ATCM41_wp002_e,2018,-10,0.9275866
Measure 400,Measure,2008,5,ATCM43_wp045_e,2021,-13,0.806503415107727,ATCM35_wp044_e,2012,-4,0.9000389
Measure 400,Measure,2008,6,ATCM41_wp002_e,2018,-10,0.8007074594497681,ATCM45_wp054_rev1_e,2023,-15,0.89701164
Measure 400,Measure,2008,7,ATCM35_wp044_e,2012,-4,0.8003027439117432,ATCM37_wp054_e,2014,-6,0.8943658
Measure 400,Measure,2008,8,ATCM46_wp023_e,2024,-16,0.7966419458389282,ATCM39_wp027_e,2016,-8,0.8913768
Measure 400,Measure,2008,9,ATCM45_wp054_rev1_e,2023,-15,0.7957253456115723,ATCM46_wp023_e,2024,-16,0.8854731
Measure 400,Measure,2008,10,ATCM37_wp054_e,2014,-6,0.7916941046714783,ATCM43_wp045_e,2021,-13,0.8804275
Measure 764,Measure,2022,1,ATCM37_wp003_e,2014,8,0.8810074329376221,ATCM33_wp027_e,2010,12,0.98406917
Measure 764,Measure,2022,2,ATCM33_wp027_e,2010,12,0.8486139178276062,ATCM37_wp003_e,2014,8,0.9826643
Measure 764,Measure,2022,3,ATCM46_wp019_e,2024,-2,0.8366169929504395,ATCM46_wp019_e,2024,-2,0.97868
Measure 764,Measure,2022,4,ATCM44_wp005_e,2022,0,0.8151425123214722,ATCM44_wp005_e,2022,0,0.9538974
Measure 764,Measure,2022,5,ATCM36_wp059_e,2013,9,0.8141649961471558,ATCM43_wp002_rev1_e,2021,1,0.945015
Measure 764,Measure,2022,6,ATCM43_wp002_rev1_e,2021,1,0.8119580745697021,ATCM36_wp059_e,2013,9,0.90660346
Measure 764,Measure,2022,7,ATCM29_wp029_e,2006,16,0.8100563287734985,ATCM41_wp031_e,2018,4,0.9065208
Measure 764,Measure,2022,8,ATCM35_wp044_e,2012,10,0.8032968044281006,ATCM44_wp053_e,2022,0,0.9060646
Measure 764,Measure,2022,9,ATCM44_wp053_e,2022,0,0.8011369705200195,ATCM35_wp044_e,2012,10,0.9034987
Measure 764,Measure,2022,10,ATCM41_wp031_e,2018,4,0.7999439239501953,ATCM29_wp029_e,2006,16,0.89683104
Resolution 749,Resolution,2021,1,ATCM21_wp025_e,1997,24,0.8800920248031616,ATCM43_wp061_e,2021,0,0.96809286
Resolution 749,Resolution,2021,2,ATCM42_wp066_e,2019,2,0.8564891815185547,ATCM21_wp025_e,1997,24,0.9495946
Resolution 749,Resolution,2021,3,ATCM43_wp061_e,2021,0,0.8555930852890015,ATCM42_wp066_e,2019,2,0.9434727
Resolution 749,Resolution,2021,4,ATCM36_wp033_e,2013,8,0.8404793739318848,ATCM36_wp033_e,2013,8,0.94081146
Resolution 749,Resolution,2021,5,ATCM33_wp041_e,2010,11,0.8367384076118469,ATCM18_wp020_e,1994,27,0.9344191
Resolution 749,Resolution,2021,6,ATCM43_wp038_e,2021,0,0.8152455687522888,ATCM31_wp034_e,2008,13,0.9341793
Resolution 749,Resolution,2021,7,ATCM31_wp034_e,2008,13,0.8118533492088318,ATCM43_wp038_e,2021,0,0.9176464
Resolution 749,Resolution,2021,8,ATCM27_wp012_e,2004,17,0.8097244501113892,ATCM27_wp012_e,2004,17,0.9153295
Resolution 749,Resolution,2021,9,ATCM23_wp033_e,1999,22,0.8070998191833496,ATCM33_wp041_e,2010,11,0.9151022
Resolution 749,Resolution,2021,10,ATCM18_wp020_e,1994,27,0.8061157464981079,ATCM23_wp033_e,1999,22,0.8641271
Decision 737,Decision,2021,1,ATCM35_wp030_e,2012,9,0.8519529104232788,ATCM35_wp030_e,2012,9,0.9666128
Decision 737,Decision,2021,2,ATCM36_wp067_e,2013,8,0.7844846248626709,ATCM35_wp047_e,2012,9,0.9414607
Decision 737,Decision,2021,3,ATCM45_wp015_rev2_e,2023,-2,0.7638782858848572,ATCM45_wp015_rev2_e,2023,-2,0.93949276
Decision 737,Decision,2021,4,ATCM36_wp031_e,2013,8,0.746361255645752,ATCM36_wp031_e,2013,8,0.9281097
Decision 737,Decision,2021,5,ATCM35_wp047_e,2012,9,0.7315672636032104,ATCM36_wp067_e,2013,8,0.92313623
Decision 737,Decision,2021,6,ATCM40_wp030_e,2017,4,0.7121669054031372,ATCM40_wp030_e,2017,4,0.9115268
Decision 737,Decision,2021,7,ATCM38_wp005_e,2015,6,0.7110955119132996,ATCM32_wp046_e,2009,12,0.85947514
Decision 737,Decision,2021,8,ATCM32_wp046_e,2009,12,0.7083364129066467,ATCM36_wp007_e,2013,8,0.83256364
Decision 737,Decision,2021,9,ATCM36_wp007_e,2013,8,0.7072597146034241,ATCM37_wp001_e,2014,7,0.8208144
Decision 737,Decision,2021,10,ATCM37_wp001_e,2014,7,0.698901891708374,ATCM38_wp005_e,2015,6,0.79981786
Resolution 412,Resolution,2008,1,ATCM24_wp012_e,2001,7,0.8418365716934204,ATCM31_wp027_e,2008,0,0.9890808
Resolution 412,Resolution,2008,2,ATCM31_wp027_e,2008,0,0.8247298002243042,ATCM30_wp012_e,2007,1,0.9776798
Resolution 412,Resolution,2008,3,ATCM28_wp002_e,2005,3,0.8161588311195374,ATCM28_wp002_e,2005,3,0.97360456
Resolution 412,Resolution,2008,4,ATCM30_wp012_e,2007,1,0.8034085035324097,ATCM24_wp012_e,2001,7,0.9717361
Resolution 412,Resolution,2008,5,ATCM35_wp023_rev1_e,2012,-4,0.8028551340103149,ATCM35_wp023_rev1_e,2012,-4,0.9713038
Resolution 412,Resolution,2008,6,ATCM32_wp031_e,2009,-1,0.777562141418457,ATCM32_wp031_e,2009,-1,0.9708651
Resolution 412,Resolution,2008,7,ATCM39_wp005_e,2016,-8,0.7773890495300293,ATCM26_wp020_e,2003,5,0.96597666
Resolution 412,Resolution,2008,8,ATCM25_wp013_e,2002,6,0.7733396887779236,ATCM39_wp005_e,2016,-8,0.9655894
Resolution 412,Resolution,2008,9,ATCM26_wp020_e,2003,5,0.7718248963356018,ATCM25_wp013_e,2002,6,0.96532893
Resolution 412,Resolution,2008,10,ATCM23_wp036_e,1999,9,0.7718218564987183,ATCM23_wp036_e,1999,9,0.9333337
Resolution 745,Resolution,2021,1,ATCM14_wp015_e,1987,34,0.8607531785964966,ATCM42_wp023_e,2019,2,0.94996727
Resolution 745,Resolution,2021,2,ATCM42_wp023_e,2019,2,0.8566082715988159,ATCM42_wp060_e,2019,2,0.92732376
Resolution 745,Resolution,2021,3,ATCM42_wp060_e,2019,2,0.8371466398239136,ATCM42_wp024_e,2019,2,0.9263304
Resolution 745,Resolution,2021,4,ATCM3_wp020_rev1_e,1964,57,0.8281622529029846,ATCM45_wp044_e,2023,-2,0.92566115
Resolution 745,Resolution,2021,5,ATCM40_wp046_e,2017,4,0.823016345500946,ATCM40_wp046_e,2017,4,0.92368877
Resolution 745,Resolution,2021,6,ATCM14_wp001_e,1987,34,0.8181029558181763,ATCM14_wp015_e,1987,34,0.9042623
Resolution 745,Resolution,2021,7,ATCM14_wp004_e,1987,34,0.8111584186553955,ATCM3_wp020_rev1_e,1964,57,0.89986295
Resolution 745,Resolution,2021,8,ATCM45_wp044_e,2023,-2,0.8069407939910889,ATCM14_wp001_e,1987,34,0.89646906
Resolution 745,Resolution,2021,9,ATCM3_wp020_e,1964,57,0.7941466569900513,ATCM14_wp004_e,1987,34,0.88407934
Resolution 745,Resolution,2021,10,ATCM42_wp024_e,2019,2,0.7904756665229797,ATCM3_wp020_e,1964,57,0.8590027
Resolution 703,Resolution,2019,1,ATCM42_wp055_e,2019,0,0.883041501045227,ATCM42_wp055_e,2019,0,0.98357177
Resolution 703,Resolution,2019,2,ATCM46_wp052_e,2024,-5,0.8717513680458069,ATCM46_wp052_e,2024,-5,0.9474978
Resolution 703,Resolution,2019,3,ATCM41_wp032_e,2018,1,0.8517659902572632,ATCM41_wp032_e,2018,1,0.9308616
Resolution 703,Resolution,2019,4,ATCM36_wp015_e,2013,6,0.8484358191490173,ATCM34_wp045_e,2011,8,0.91512114
Resolution 703,Resolution,2019,5,ATCM28_wp031_e,2005,14,0.8413428068161011,ATCM28_wp031_e,2005,14,0.90568995
Resolution 703,Resolution,2019,6,ATCM36_wp020_e,2013,6,0.8316524624824524,ATCM47_wp021_rev1_e,2025,-6,0.902644
Resolution 703,Resolution,2019,7,ATCM34_wp045_e,2011,8,0.831199586391449,ATCM36_wp015_e,2013,6,0.89862424
Resolution 703,Resolution,2019,8,ATCM29_wp002_e,2006,13,0.828635036945343,ATCM36_wp020_e,2013,6,0.8961969
Resolution 703,Resolution,2019,9,ATCM29_wp001_e,2006,13,0.8222500085830688,ATCM29_wp002_e,2006,13,0.88975894
Resolution 703,Resolution,2019,10,ATCM47_wp021_rev1_e,2025,-6,0.8202958106994629,ATCM29_wp001_e,2006,13,0.8880229
Decision 611,Decision,2015,1,ATCM33_wp041_e,2010,5,0.8643136024475098,ATCM46_wp054_e,2024,-9,0.9304203
Decision 611,Decision,2015,2,ATCM46_wp054_e,2024,-9,0.8533549308776855,ATCM43_wp038_e,2021,-6,0.92672926
Decision 611,Decision,2015,3,ATCM43_wp038_e,2021,-6,0.8468282222747803,ATCM28_wp029_e,2005,10,0.9213152
Decision 611,Decision,2015,4,ATCM27_wp012_e,2004,11,0.839099645614624,ATCM44_wp009_e,2022,-7,0.92085373
Decision 611,Decision,2015,5,ATCM44_wp009_e,2022,-7,0.8274917602539062,ATCM27_wp012_e,2004,11,0.92081815
Decision 611,Decision,2015,6,ATCM23_wp033_e,1999,16,0.8237482905387878,ATCM47_wp015_e,2025,-10,0.91476965
Decision 611,Decision,2015,7,ATCM47_wp015_e,2025,-10,0.817294716835022,ATCM24_wp024_e,2001,14,0.90535575
Decision 611,Decision,2015,8,ATCM28_wp029_e,2005,10,0.8096394538879395,ATCM33_wp041_e,2010,5,0.89746183
Decision 611,Decision,2015,9,ATCM24_wp024_e,2001,14,0.8033738136291504,ATCM23_wp033_e,1999,16,0.85805386
Decision 611,Decision,2015,10,ATCM12_wp013_e,1983,32,0.8008032441139221,ATCM12_wp013_e,1983,32,0.8497718
Recommendation 141,Recommendation,1983,1,ATCM12_wp026_e,1983,0,0.9379101991653442,ATCM12_wp026_e,1983,0,0.9533793
Recommendation 141,Recommendation,1983,2,ATCM11_wp005_e,1981,2,0.8384103775024414,ATCM31_wp062_e,2008,-25,0.9525035
Recommendation 141,Recommendation,1983,3,ATCM14_wp021_e,1987,-4,0.828164279460907,ATCM12_wp008_e,1983,0,0.9523265
Recommendation 141,Recommendation,1983,4,ATCM11_wp036_e,1981,2,0.8206254243850708,ATCM13_wp034_e,1985,-2,0.9441975
Recommendation 141,Recommendation,1983,5,ATCM12_wp010_e,1983,0,0.8148524761199951,ATCM15_wp071_e,1989,-6,0.93938166
Recommendation 141,Recommendation,1983,6,ATCM12_wp008_e,1983,0,0.8084284067153931,ATCM11_wp005_e,1981,2,0.9387109
Recommendation 141,Recommendation,1983,7,ATCM13_wp034_e,1985,-2,0.7932345271110535,ATCM14_wp021_e,1987,-4,0.9361917
Recommendation 141,Recommendation,1983,8,ATCM31_wp062_e,2008,-25,0.7893041968345642,ATCM12_wp010_e,1983,0,0.9190923
Recommendation 141,Recommendation,1983,9,ATCM15_wp071_e,1989,-6,0.787717342376709,ATCM11_wp020_e,1981,2,0.9189834
Recommendation 141,Recommendation,1983,10,ATCM11_wp020_e,1981,2,0.7834180593490601,ATCM11_wp036_e,1981,2,0.91071624
Decision 848,Decision,2025,1,ATCM35_wp030_e,2012,13,0.8527523279190063,ATCM35_wp030_e,2012,13,0.967361
Decision 848,Decision,2025,2,ATCM36_wp067_e,2013,12,0.7861320972442627,ATCM35_wp047_e,2012,13,0.9431594
Decision 848,Decision,2025,3,ATCM45_wp015_rev2_e,2023,2,0.7718100547790527,ATCM45_wp015_rev2_e,2023,2,0.9392704
Decision 848,Decision,2025,4,ATCM36_wp031_e,2013,12,0.7516334652900696,ATCM36_wp031_e,2013,12,0.9309872
Decision 848,Decision,2025,5,ATCM35_wp047_e,2012,13,0.7302439212799072,ATCM36_wp067_e,2013,12,0.92613024
Decision 848,Decision,2025,6,ATCM38_wp005_e,2015,10,0.7193019390106201,ATCM40_wp030_e,2017,8,0.9162146
Decision 848,Decision,2025,7,ATCM36_wp007_e,2013,12,0.715483546257019,ATCM32_wp046_e,2009,16,0.8627453
Decision 848,Decision,2025,8,ATCM40_wp030_e,2017,8,0.7099372148513794,ATCM36_wp007_e,2013,12,0.8314717
Decision 848,Decision,2025,9,ATCM37_wp001_e,2014,11,0.7082024812698364,ATCM37_wp001_e,2014,11,0.8225315
Decision 848,Decision,2025,10,ATCM32_wp046_e,2009,16,0.6969344019889832,ATCM38_wp005_e,2015,10,0.8090347
Resolution 246,Resolution,1997,1,ATCM21_wp009_e,1997,0,0.9161380529403687,ATCM21_wp009_e,1997,0,0.9550851
Resolution 246,Resolution,1997,2,ATCM22_wp002_e,1998,-1,0.8969804048538208,ATCM22_wp012_e,1998,-1,0.95491725
Resolution 246,Resolution,1997,3,ATCM22_wp012_e,1998,-1,0.8851214647293091,ATCM22_wp002_e,1998,-1,0.9537254
Resolution 246,Resolution,1997,4,ATCM22_wp016_e,1998,-1,0.8467705249786377,ATCM22_wp016_e,1998,-1,0.95355266
Resolution 246,Resolution,1997,5,ATCM31_wp033_e,2008,-11,0.8084325194358826,ATCM21_wp040_e,1997,0,0.9433685
Resolution 246,Resolution,1997,6,ATCM29_wp017_e,2006,-9,0.8056229948997498,ATCM31_wp033_e,2008,-11,0.9396037
Resolution 246,Resolution,1997,7,ATCM33_wp001_e,2010,-13,0.7836993932723999,ATCM29_wp017_e,2006,-9,0.9388232
Resolution 246,Resolution,1997,8,ATCM21_wp040_e,1997,0,0.7740215063095093,ATCM15_wp064_e,1989,8,0.92271936
Resolution 246,Resolution,1997,9,ATCM15_wp031_e,1989,8,0.7697606086730957,ATCM15_wp031_e,1989,8,0.89213103
Resolution 246,Resolution,1997,10,ATCM15_wp064_e,1989,8,0.7637743353843689,ATCM33_wp001_e,2010,-13,0.88665617
Decision 551,Decision,2013,1,ATCM35_wp030_e,2012,1,0.9252191781997681,ATCM35_wp030_e,2012,1,0.9713038
Decision 551,Decision,2013,2,ATCM36_wp067_e,2013,0,0.8497310876846313,ATCM36_wp067_e,2013,0,0.95491725
Decision 551,Decision,2013,3,ATCM35_wp047_e,2012,1,0.8216445446014404,ATCM45_wp015_rev2_e,2023,-10,0.9538974
Decision 551,Decision,2013,4,ATCM45_wp015_rev2_e,2023,-10,0.8190411925315857,ATCM35_wp047_e,2012,1,0.9517915
Decision 551,Decision,2013,5,ATCM36_wp031_e,2013,0,0.8127869367599487,ATCM36_wp031_e,2013,0,0.94903076
Decision 551,Decision,2013,6,ATCM36_wp007_e,2013,0,0.7680550813674927,ATCM40_wp030_e,2017,-4,0.9356059
Decision 551,Decision,2013,7,ATCM38_wp005_e,2015,-2,0.7668343782424927,ATCM37_wp001_e,2014,-1,0.88307476
Decision 551,Decision,2013,8,ATCM40_wp030_e,2017,-4,0.7664331793785095,ATCM36_wp007_e,2013,0,0.8828729
Decision 551,Decision,2013,9,ATCM37_wp001_e,2014,-1,0.7588082551956177,ATCM38_wp005_e,2015,-2,0.8732581
Decision 551,Decision,2013,10,ATCM32_wp046_e,2009,4,0.7371795177459717,ATCM32_wp046_e,2009,4,0.8670808
Resolution 639,Resolution,2016,1,ATCM38_wp035_e,2015,1,0.9271667003631592,ATCM38_wp035_e,2015,1,0.9776798
Resolution 639,Resolution,2016,2,ATCM18_wp019_e,1994,22,0.7804662585258484,ATCM46_wp012_rev1_e,2024,-8,0.93186045
Resolution 639,Resolution,2016,3,ATCM17_wp003_e,1992,24,0.7771819829940796,ATCM18_wp019_e,1994,22,0.89184874
Resolution 639,Resolution,2016,4,ATCM46_wp012_rev1_e,2024,-8,0.7764320373535156,ATCM17_wp003_e,1992,24,0.886263
Resolution 639,Resolution,2016,5,ATCM12_wp018_e,1983,33,0.7510164976119995,ATCM8_wp009_e,1975,41,0.8697588
Resolution 639,Resolution,2016,6,ATCM9_wp013_rev1_e,1977,39,0.741736650466919,ATCM9_wp013_rev1_e,1977,39,0.86181754
Resolution 639,Resolution,2016,7,ATCM12_wp001_rev1_e,1983,33,0.7361118197441101,ATCM10_wp018_e,1979,37,0.8566205
Resolution 639,Resolution,2016,8,ATCM10_wp039_e,1979,37,0.731670081615448,ATCM10_wp039_e,1979,37,0.8368747
Resolution 639,Resolution,2016,9,ATCM8_wp009_e,1975,41,0.7307354211807251,ATCM12_wp018_e,1983,33,0.8358054
Resolution 639,Resolution,2016,10,ATCM10_wp018_e,1979,37,0.7296189665794373,ATCM12_wp001_rev1_e,1983,33,0.83419085
Measure 685,Measure,2019,1,ATCM32_wp042_e,2009,10,0.8791912794113159,ATCM46_wp039_e,2024,-5,0.9742002
Measure 685,Measure,2019,2,ATCM42_wp040_e,2019,0,0.8400894403457642,ATCM42_wp040_e,2019,0,0.97400314
Measure 685,Measure,2019,3,ATCM37_wp011_e,2014,5,0.829329252243042,ATCM32_wp042_e,2009,10,0.9637254
Measure 685,Measure,2019,4,ATCM46_wp039_e,2024,-5,0.8185186386108398,ATCM37_wp011_e,2014,5,0.96331346
Measure 685,Measure,2019,5,ATCM36_wp059_e,2013,6,0.8170220851898193,ATCM36_wp059_e,2013,6,0.9052302
Measure 685,Measure,2019,6,ATCM35_wp060_e,2012,7,0.8061268329620361,ATCM35_wp044_e,2012,7,0.903371
Measure 685,Measure,2019,7,ATCM35_wp044_e,2012,7,0.8058409690856934,ATCM46_wp023_e,2024,-5,0.8977311
Measure 685,Measure,2019,8,ATCM46_wp023_e,2024,-5,0.7969790697097778,ATCM35_wp061_e,2012,7,0.88937515
Measure 685,Measure,2019,9,ATCM35_wp061_e,2012,7,0.7960543036460876,ATCM35_wp060_e,2012,7,0.87856454
Measure 685,Measure,2019,10,ATCM35_wp058_e,2012,7,0.7947027087211609,ATCM35_wp058_e,2012,7,0.86685556
Decision 272,Decision,2000,1,ATCM40_wp006_e,2017,-17,0.7363358736038208,ATCM40_wp006_e,2017,-17,0.942422
Decision 272,Decision,2000,2,ATCM22_wp024_e,1998,2,0.6712732911109924,ATCM17_wp010_e,1992,8,0.9341793
Decision 272,Decision,2000,3,ATCM17_wp010_e,1992,8,0.6677848696708679,ATCM17_wp020_e,1992,8,0.9319843
Decision 272,Decision,2000,4,ATCM22_wp023_e,1998,2,0.6617652177810669,ATCM21_wp002_rev1_e,1997,3,0.89871323
Decision 272,Decision,2000,5,ATCM22_wp020_e,1998,2,0.6595431566238403,ATCM22_wp023_e,1998,2,0.8969214
Decision 272,Decision,2000,6,ATCM21_wp002_rev1_e,1997,3,0.6571921706199646,ATCM22_wp024_e,1998,2,0.88937515
Decision 272,Decision,2000,7,ATCM17_wp020_e,1992,8,0.6539522409439087,ATCM23_wp012_e,1999,1,0.88685226
Decision 272,Decision,2000,8,ATCM28_wp009_e,2005,-5,0.6417225003242493,ATCM22_wp020_e,1998,2,0.86953735
Decision 272,Decision,2000,9,ATCM23_wp012_e,1999,1,0.6390171647071838,ATCM28_wp009_e,2005,-5,0.8585289
Decision 272,Decision,2000,10,ATCM12_wp011_e,1983,17,0.6262131333351135,ATCM12_wp011_e,1983,17,0.7889737
Resolution 705,Resolution,2019,1,ATCM42_wp014_e,2019,0,0.9035369753837585,ATCM42_wp014_e,2019,0,0.9776798
Resolution 705,Resolution,2019,2,ATCM47_wp001_e,2025,-6,0.8655343651771545,ATCM47_wp001_e,2025,-6,0.96289706
Resolution 705,Resolution,2019,3,ATCM17_wp012_e,1992,27,0.7988407611846924,ATCM47_wp033_e,2025,-6,0.9540689
Resolution 705,Resolution,2019,4,ATCM47_wp033_e,2025,-6,0.7975578904151917,ATCM21_wp012_rev1_e,1997,22,0.9061477
Resolution 705,Resolution,2019,5,ATCM21_wp012_rev1_e,1997,22,0.7701621651649475,ATCM28_wp052_e,2005,14,0.89737195
Resolution 705,Resolution,2019,6,ATCM28_wp052_e,2005,14,0.736950695514679,ATCM24_wp013_e,2001,18,0.8880229
Resolution 705,Resolution,2019,7,ATCM15_wp012_e,1989,30,0.7153173089027405,ATCM8_wp009_rev1_e,1975,44,0.88246834
Resolution 705,Resolution,2019,8,ATCM8_wp009_rev1_e,1975,44,0.7081493139266968,ATCM15_wp012_e,1989,30,0.8745494
Resolution 705,Resolution,2019,9,ATCM24_wp013_e,2001,18,0.7072387337684631,ATCM17_wp012_e,1992,27,0.87239087
Resolution 705,Resolution,2019,10,ATCM7_wp015_e,1972,47,0.704566240310669,ATCM7_wp015_e,1972,47,0.8442036
Resolution 410,Resolution,2008,1,ATCM30_wp043_e,2007,1,0.8916849493980408,ATCM30_wp043_e,2007,1,0.98725766
Resolution 410,Resolution,2008,2,ATCM31_wp041_rev1_e,2008,0,0.8902733325958252,ATCM31_wp041_rev1_e,2008,0,0.9855855
Resolution 410,Resolution,2008,3,ATCM39_wp005_e,2016,-8,0.8152586221694946,ATCM39_wp005_e,2016,-8,0.9695095
Resolution 410,Resolution,2008,4,ATCM40_wp016_e,2017,-9,0.8151275515556335,ATCM41_wp020_e,2018,-10,0.96331346
Resolution 410,Resolution,2008,5,ATCM22_wp005_e,1998,10,0.8131135106086731,ATCM21_wp000_e,1997,11,0.94305456
Resolution 410,Resolution,2008,6,ATCM32_wp003_e,2009,-1,0.8110203742980957,ATCM22_wp005_e,1998,10,0.9370036
Resolution 410,Resolution,2008,7,ATCM16_wp001_e,1991,17,0.8080675005912781,ATCM20_wp016_e,1996,12,0.91872853
Resolution 410,Resolution,2008,8,ATCM41_wp020_e,2018,-10,0.801413893699646,ATCM16_wp001_e,1991,17,0.9139429
Resolution 410,Resolution,2008,9,ATCM20_wp016_e,1996,12,0.8008314371109009,ATCM40_wp016_e,2017,-9,0.90713954
Resolution 410,Resolution,2008,10,ATCM21_wp000_e,1997,11,0.7979583740234375,ATCM32_wp003_e,2009,-1,0.87129974
Resolution 740,Resolution,2021,1,ATCM38_wp035_e,2015,6,0.8035951852798462,ATCM38_wp035_e,2015,6,0.9269279
Resolution 740,Resolution,2021,2,ATCM10_wp005_rev1_e,1979,42,0.7630232572555542,ATCM37_wp057_e,2014,7,0.8988908
Resolution 740,Resolution,2021,3,ATCM10_wp005_rev2_e,1979,42,0.762072741985321,ATCM10_wp005_rev2_e,1979,42,0.8939036
Resolution 740,Resolution,2021,4,ATCM10_wp032_rev1_e,1979,42,0.7554994821548462,ATCM10_wp005_rev1_e,1979,42,0.88918287
Resolution 740,Resolution,2021,5,ATCM10_wp032_e,1979,42,0.7444162368774414,ATCM10_wp005_e,1979,42,0.886263
Resolution 740,Resolution,2021,6,ATCM10_wp005_e,1979,42,0.7425962686538696,ATCM8_wp042_e,1975,46,0.8632072
Resolution 740,Resolution,2021,7,ATCM37_wp057_e,2014,7,0.7418310642242432,ATCM12_wp001_rev1_e,1983,38,0.8622821
Resolution 740,Resolution,2021,8,ATCM12_wp018_e,1983,38,0.7393946051597595,ATCM12_wp018_e,1983,38,0.8622821
Resolution 740,Resolution,2021,9,ATCM8_wp042_e,1975,46,0.7361183166503906,ATCM10_wp032_rev1_e,1979,42,0.85805386
Resolution 740,Resolution,2021,10,ATCM12_wp001_rev1_e,1983,38,0.7313454747200012,ATCM10_wp032_e,1979,42,0.8546907
Measure 715,Measure,2021,1,ATCM43_wp022_e,2021,0,0.8975235223770142,ATCM33_wp031_e,2010,11,0.96809286
Measure 715,Measure,2021,2,ATCM33_wp031_e,2010,11,0.8471185564994812,ATCM43_wp022_e,2021,0,0.9666128
Measure 715,Measure,2021,3,ATCM38_wp026_e,2015,6,0.8363599181175232,ATCM38_wp026_e,2015,6,0.9537254
Measure 715,Measure,2021,4,ATCM28_wp042_e,2005,16,0.7988324761390686,ATCM28_wp042_e,2005,16,0.92142123
Measure 715,Measure,2021,5,ATCM46_wp023_e,2024,-3,0.798487663269043,ATCM37_wp054_e,2014,7,0.9044312
Measure 715,Measure,2021,6,ATCM36_wp030_e,2013,8,0.7979153990745544,ATCM39_wp026_e,2016,5,0.896106
Measure 715,Measure,2021,7,ATCM43_wp020_e,2021,0,0.7969655990600586,ATCM46_wp023_e,2024,-3,0.89109284
Measure 715,Measure,2021,8,ATCM44_wp043_e,2022,-1,0.7940757870674133,ATCM43_wp020_e,2021,0,0.88995034
Measure 715,Measure,2021,9,ATCM39_wp026_e,2016,5,0.7936441898345947,ATCM36_wp030_e,2013,8,0.8895672
Measure 715,Measure,2021,10,ATCM37_wp054_e,2014,7,0.789131760597229,ATCM44_wp043_e,2022,-1,0.88606596
Measure 649,Measure,2017,1,ATCM44_wp046_e,2022,-5,0.9005600214004517,ATCM34_wp023_e,2011,6,0.97258186
Measure 649,Measure,2017,2,ATCM34_wp023_e,2011,6,0.8907694816589355,ATCM40_wp008_e,2017,0,0.9706433
Measure 649,Measure,2017,3,ATCM40_wp008_e,2017,0,0.8749146461486816,ATCM44_wp046_e,2022,-5,0.9701947
Measure 649,Measure,2017,4,ATCM35_wp054_e,2012,5,0.8648655414581299,ATCM45_wp051_e,2023,-6,0.9245788
Measure 649,Measure,2017,5,ATCM45_wp051_e,2023,-6,0.8565564155578613,ATCM28_wp020_e,2005,12,0.9185094
Measure 649,Measure,2017,6,ATCM43_wp039_rev1_e,2021,-4,0.8560096025466919,ATCM35_wp054_e,2012,5,0.91339403
Measure 649,Measure,2017,7,ATCM35_wp060_e,2012,5,0.8345268964767456,ATCM27_wp013_e,2004,13,0.9132853
Measure 649,Measure,2017,8,ATCM35_wp061_e,2012,5,0.8337674140930176,ATCM43_wp039_rev1_e,2021,-4,0.9117382
Measure 649,Measure,2017,9,ATCM28_wp020_e,2005,12,0.8331011533737183,ATCM35_wp061_e,2012,5,0.87497735
Measure 649,Measure,2017,10,ATCM27_wp013_e,2004,13,0.8325398564338684,ATCM35_wp060_e,2012,5,0.86041605
Decision 635,Decision,2016,1,ATCM33_wp041_e,2010,6,0.8696814775466919,ATCM46_wp054_e,2024,-8,0.9304836
Decision 635,Decision,2016,2,ATCM46_wp054_e,2024,-8,0.852947473526001,ATCM43_wp038_e,2021,-5,0.929466
Decision 635,Decision,2016,3,ATCM43_wp038_e,2021,-5,0.8501505255699158,ATCM28_wp029_e,2005,11,0.92375755
Decision 635,Decision,2016,4,ATCM27_wp012_e,2004,12,0.8414619565010071,ATCM44_wp009_e,2022,-6,0.9229976
Decision 635,Decision,2016,5,ATCM44_wp009_e,2022,-6,0.829927921295166,ATCM47_wp015_e,2025,-9,0.9161208
Decision 635,Decision,2016,6,ATCM23_wp033_e,1999,17,0.8275045156478882,ATCM27_wp012_e,2004,12,0.9136688
Decision 635,Decision,2016,7,ATCM47_wp015_e,2025,-9,0.8199865818023682,ATCM24_wp024_e,2001,15,0.90012664
Decision 635,Decision,2016,8,ATCM28_wp029_e,2005,11,0.8139833807945251,ATCM33_wp041_e,2010,6,0.8994221
Decision 635,Decision,2016,9,ATCM24_wp024_e,2001,15,0.8086415529251099,ATCM12_wp013_e,1983,33,0.85322917
Decision 635,Decision,2016,10,ATCM12_wp013_e,1983,33,0.803826093673706,ATCM23_wp033_e,1999,17,0.85322917
Resolution 615,Resolution,2015,1,ATCM38_wp037_e,2015,0,0.8118535280227661,ATCM47_wp036_e,2025,-10,0.96015245
Resolution 615,Resolution,2015,2,ATCM37_wp008_e,2014,1,0.8064635396003723,ATCM44_wp037_e,2022,-7,0.9600028
Resolution 615,Resolution,2015,3,ATCM44_wp048_e,2022,-7,0.7907657623291016,ATCM44_wp048_e,2022,-7,0.95607984
Resolution 615,Resolution,2015,4,ATCM33_wp063_e,2010,5,0.7883956432342529,ATCM38_wp037_e,2015,0,0.9552524
Resolution 615,Resolution,2015,5,ATCM44_wp037_e,2022,-7,0.7752141952514648,ATCM40_wp002_e,2017,-2,0.946715
Resolution 615,Resolution,2015,6,ATCM40_wp002_e,2017,-2,0.7628973722457886,ATCM37_wp008_e,2014,1,0.94491345
Resolution 615,Resolution,2015,7,ATCM39_wp053_e,2016,-1,0.7586479187011719,ATCM33_wp063_e,2010,5,0.93949276
Resolution 615,Resolution,2015,8,ATCM34_wp044_e,2011,4,0.7584270238876343,ATCM39_wp053_e,2016,-1,0.9052721
Resolution 615,Resolution,2015,9,ATCM31_wp035_e,2008,7,0.7577986121177673,ATCM34_wp044_e,2011,4,0.8991568
Resolution 615,Resolution,2015,10,ATCM47_wp036_e,2025,-10,0.7572027444839478,ATCM31_wp035_e,2008,7,0.88763386
nan 666,Untyped,2017,1,ATCM45_wp021_rev1_e,2023,-6,0.8265022039413452,ATCM45_wp021_rev1_e,2023,-6,0.98198617
nan 666,Untyped,2017,2,ATCM23_wp038_e,1999,18,0.8214330673217773,ATCM40_wp041_e,2017,0,0.97459
nan 666,Untyped,2017,3,ATCM23_wp002_e,1999,18,0.7759703397750854,ATCM42_wp015_e,2019,-2,0.9545797
nan 666,Untyped,2017,4,ATCM40_wp041_e,2017,0,0.7625670433044434,ATCM23_wp002_e,1999,18,0.9461207
nan 666,Untyped,2017,5,ATCM30_wp010_e,2007,10,0.746998131275177,ATCM46_wp020_e,2024,-7,0.94430023
nan 666,Untyped,2017,6,ATCM37_wp034_e,2014,3,0.743971586227417,ATCM39_wp015_e,2016,1,0.93223155
nan 666,Untyped,2017,7,ATCM39_wp015_e,2016,1,0.736932635307312,ATCM23_wp038_e,1999,18,0.9302938
nan 666,Untyped,2017,8,ATCM42_wp015_e,2019,-2,0.7356926798820496,ATCM30_wp010_e,2007,10,0.92285854
nan 666,Untyped,2017,9,ATCM46_wp020_e,2024,-7,0.7314518690109253,ATCM23_wp007_e,1999,18,0.8938109
nan 666,Untyped,2017,10,ATCM23_wp007_e,1999,18,0.7270162105560303,ATCM37_wp034_e,2014,3,0.88879734
nan 371,Untyped,1988,1,ATCM10_wp015_e,1979,9,0.6805976629257202,ATCM21_wp008_e,1997,-9,0.814997
nan 371,Untyped,1988,2,ATCM32_wp007_e,2009,-21,0.6775826811790466,ATCM21_wp001_e,1997,-9,0.80168754
nan 371,Untyped,1988,3,ATCM21_wp001_e,1997,-9,0.6719427704811096,ATCM1_wp002_e,1961,27,0.76741105
nan 371,Untyped,1988,4,ATCM1_wp002_e,1961,27,0.6681064963340759,ATCM21_wp040_e,1997,-9,0.7660137
nan 371,Untyped,1988,5,ATCM5_wp036_e,1968,20,0.6654009819030762,ATCM32_wp007_e,2009,-21,0.7517211
nan 371,Untyped,1988,6,ATCM21_wp040_e,1997,-9,0.6624435782432556,ATCM10_wp015_e,1979,9,0.6856128
nan 371,Untyped,1988,7,ATCM5_wp050_e,1968,20,0.6618074178695679,ATCM5_wp050_e,1968,20,0.66332006
nan 371,Untyped,1988,8,ATCM21_wp008_e,1997,-9,0.6591981649398804,ATCM5_wp040_e,1968,20,0.6509999
nan 371,Untyped,1988,9,ATCM5_wp050_rev1_e,1968,20,0.6558701992034912,ATCM5_wp050_rev1_e,1968,20,0.64207345
nan 371,Untyped,1988,10,ATCM5_wp040_e,1968,20,0.6554326415061951,ATCM5_wp036_e,1968,20,0.6091522
Resolution 850,Resolution,2025,1,ATCM43_wp005_e,2021,4,0.8055988550186157,ATCM33_wp050_e,2010,15,0.9172211
Resolution 850,Resolution,2025,2,ATCM25_wp009_e,2002,23,0.8014996647834778,ATCM39_wp005_e,2016,9,0.9024722
Resolution 850,Resolution,2025,3,ATCM7_wp045_rev1_e,1972,53,0.7965166568756104,ATCM23_wp036_e,1999,26,0.8978208
Resolution 850,Resolution,2025,4,ATCM20_wp016_e,1996,29,0.7947111129760742,ATCM43_wp005_e,2021,4,0.8850764
Resolution 850,Resolution,2025,5,ATCM15_wp039_e,1989,36,0.7937482595443726,ATCM7_wp045_rev1_e,1972,53,0.88447905
Resolution 850,Resolution,2025,6,ATCM15_wp032_rev1_e,1989,36,0.7925913333892822,ATCM15_wp039_e,1989,36,0.88407934
Resolution 850,Resolution,2025,7,ATCM15_wp053_e,1989,36,0.7918777465820312,ATCM25_wp009_e,2002,23,0.88124746
Resolution 850,Resolution,2025,8,ATCM23_wp036_e,1999,26,0.7911547422409058,ATCM15_wp053_e,1989,36,0.8802217
Resolution 850,Resolution,2025,9,ATCM33_wp050_e,2010,15,0.790535032749176,ATCM20_wp016_e,1996,29,0.85517514
Resolution 850,Resolution,2025,10,ATCM39_wp005_e,2016,9,0.788619875907898,ATCM15_wp032_rev1_e,1989,36,0.8497718
Measure 276,Measure,2001,1,ATCM24_wp034_e,2001,0,0.8848569989204407,ATCM24_wp034_e,2001,0,0.9526798
Measure 276,Measure,2001,2,ATCM26_wp017_rev1_e,2003,-2,0.721967339515686,ATCM26_wp017_e,2003,-2,0.94865155
Measure 276,Measure,2001,3,ATCM18_wp005_rev1_e,1994,7,0.7205362915992737,ATCM26_wp017_rev1_e,2003,-2,0.9474978
Measure 276,Measure,2001,4,ATCM26_wp017_e,2003,-2,0.7176591753959656,ATCM7_wp034_rev2_e,1972,29,0.9405936
Measure 276,Measure,2001,5,ATCM33_wp067_e,2010,-9,0.7159537672996521,ATCM18_wp005_rev1_e,1994,7,0.9121646
Measure 276,Measure,2001,6,ATCM18_wp026_e,1994,7,0.7130740880966187,ATCM15_wp069_e,1989,12,0.8931604
Measure 276,Measure,2001,7,ATCM35_wp056_rev1_e,2012,-11,0.7112951278686523,ATCM35_wp045_e,2012,-11,0.8682022
Measure 276,Measure,2001,8,ATCM35_wp045_e,2012,-11,0.7111605405807495,ATCM18_wp026_e,1994,7,0.8352686
Measure 276,Measure,2001,9,ATCM15_wp069_e,1989,12,0.7030824422836304,ATCM35_wp056_rev1_e,2012,-11,0.79981786
Measure 276,Measure,2001,10,ATCM7_wp034_rev2_e,1972,29,0.6974012851715088,ATCM33_wp067_e,2010,-9,0.79603887
Measure 690,Measure,2019,1,ATCM42_wp007_e,2019,0,0.8951911330223083,ATCM42_wp007_e,2019,0,0.9838223
Measure 690,Measure,2019,2,ATCM36_wp056_e,2013,6,0.8390603065490723,ATCM46_wp053_e,2024,-5,0.9760927
Measure 690,Measure,2019,3,ATCM46_wp053_e,2024,-5,0.8334411978721619,ATCM36_wp056_e,2013,6,0.95070475
Measure 690,Measure,2019,4,ATCM35_wp040_e,2012,7,0.8182494640350342,ATCM35_wp040_e,2012,7,0.9446076
Measure 690,Measure,2019,5,ATCM38_wp026_e,2015,4,0.8090254068374634,ATCM38_wp026_e,2015,4,0.91344225
Measure 690,Measure,2019,6,ATCM42_wp049_e,2019,0,0.8047842979431152,ATCM42_wp049_e,2019,0,0.8950099
Measure 690,Measure,2019,7,ATCM46_wp023_e,2024,-5,0.801337480545044,ATCM36_wp060_e,2013,6,0.8886042
Measure 690,Measure,2019,8,ATCM36_wp060_e,2013,6,0.7966920733451843,ATCM46_wp032_e,2024,-5,0.8854731
Measure 690,Measure,2019,9,ATCM35_wp060_e,2012,7,0.7954241037368774,ATCM46_wp023_e,2024,-5,0.88307476
Measure 690,Measure,2019,10,ATCM46_wp032_e,2024,-5,0.7950369119644165,ATCM35_wp060_e,2012,7,0.8517556
Resolution 363,Resolution,2006,1,ATCM29_wp014_e,2006,0,0.8769898414611816,ATCM29_wp014_e,2006,0,0.9838223
Resolution 363,Resolution,2006,2,ATCM36_wp049_e,2013,-7,0.8424732685089111,ATCM31_wp023_e,2008,-2,0.961476
Resolution 363,Resolution,2006,3,ATCM31_wp023_e,2008,-2,0.7865777015686035,ATCM36_wp049_e,2013,-7,0.94788504
Resolution 363,Resolution,2006,4,ATCM10_wp052_rev1_e,1979,27,0.7668403387069702,ATCM23_wp025_e,1999,7,0.8999509
Resolution 363,Resolution,2006,5,ATCM10_wp052_e,1979,27,0.7657102942466736,ATCM8_wp016_rev1_e,1975,31,0.8627453
Resolution 363,Resolution,2006,6,ATCM9_wp030_e,1977,29,0.765313982963562,ATCM9_wp077_e,1977,29,0.8527394
Resolution 363,Resolution,2006,7,ATCM11_wp031_e,1981,25,0.7585021257400513,ATCM10_wp052_rev1_e,1979,27,0.84927243
Resolution 363,Resolution,2006,8,ATCM23_wp025_e,1999,7,0.758109450340271,ATCM11_wp031_e,1981,25,0.8462476
Resolution 363,Resolution,2006,9,ATCM9_wp077_e,1977,29,0.7542390823364258,ATCM10_wp052_e,1979,27,0.8462476
Resolution 363,Resolution,2006,10,ATCM8_wp016_rev1_e,1975,31,0.7513439655303955,ATCM9_wp030_e,1977,29,0.8320184
Recommendation 69,Recommendation,1968,1,ATCM5_wp038_rev1_e,1968,0,0.8751692771911621,ATCM5_wp038_rev1_e,1968,0,0.9482696
Recommendation 69,Recommendation,1968,2,ATCM5_wp038_e,1968,0,0.8658390045166016,ATCM5_wp038_e,1968,0,0.94305456
Recommendation 69,Recommendation,1968,3,ATCM6_wp006_rev2_e,1970,-2,0.6777864694595337,ATCM38_wp039_e,2015,-47,0.91458875
Recommendation 69,Recommendation,1968,4,ATCM4_wp060_rev1_e,1966,2,0.6586793661117554,ATCM6_wp006_rev2_e,1970,-2,0.89297384
Recommendation 69,Recommendation,1968,5,ATCM38_wp039_e,2015,-47,0.6543393135070801,ATCM10_wp026_e,1979,-11,0.8895672
Recommendation 69,Recommendation,1968,6,ATCM10_wp026_e,1979,-11,0.6516958475112915,ATCM8_wp016_e,1975,-7,0.8690936
Recommendation 69,Recommendation,1968,7,ATCM12_wp019_e,1983,-15,0.6510701775550842,ATCM8_wp016_rev1_e,1975,-7,0.84004915
Recommendation 69,Recommendation,1968,8,ATCM4_wp060_e,1966,2,0.6496181488037109,ATCM12_wp019_e,1983,-15,0.83634084
Recommendation 69,Recommendation,1968,9,ATCM8_wp016_rev1_e,1975,-7,0.646136462688446,ATCM4_wp060_rev1_e,1966,2,0.82927084
Recommendation 69,Recommendation,1968,10,ATCM8_wp016_e,1975,-7,0.6456350684165955,ATCM4_wp060_e,1966,2,0.8179237
Decision 773,Decision,2022,1,ATCM33_wp041_e,2010,12,0.8629791140556335,ATCM45_wp016_e,2023,-1,0.9690442
Decision 773,Decision,2022,2,ATCM43_wp038_e,2021,1,0.8573987483978271,ATCM46_wp054_e,2024,-2,0.961331
Decision 773,Decision,2022,3,ATCM46_wp054_e,2024,-2,0.8539297580718994,ATCM47_wp015_e,2025,-3,0.9537254
Decision 773,Decision,2022,4,ATCM27_wp012_e,2004,18,0.834702730178833,ATCM43_wp038_e,2021,1,0.9528557
Decision 773,Decision,2022,5,ATCM44_wp009_e,2022,0,0.8323867917060852,ATCM24_wp007_e,2001,21,0.9415683
Decision 773,Decision,2022,6,ATCM23_wp033_e,1999,23,0.825543999671936,ATCM44_wp009_e,2022,0,0.93537015
Decision 773,Decision,2022,7,ATCM47_wp015_e,2025,-3,0.8252326846122742,ATCM33_wp041_e,2010,12,0.92081815
Decision 773,Decision,2022,8,ATCM28_wp029_e,2005,17,0.819770097732544,ATCM28_wp029_e,2005,17,0.91876495
Decision 773,Decision,2022,9,ATCM45_wp016_e,2023,-1,0.8175785541534424,ATCM27_wp012_e,2004,18,0.9049785
Decision 773,Decision,2022,10,ATCM24_wp007_e,2001,21,0.810069739818573,ATCM23_wp033_e,1999,23,0.8770983
Measure 783,Measure,2023,1,ATCM41_wp004_e,2018,5,0.9010639190673828,ATCM36_wp012_e,2013,10,0.9778496
Measure 783,Measure,2023,2,ATCM36_wp012_e,2013,10,0.8989837169647217,ATCM45_wp006_e,2023,0,0.9723727
Measure 783,Measure,2023,3,ATCM45_wp006_e,2023,0,0.8946977853775024,ATCM41_wp004_e,2018,5,0.9692777
Measure 783,Measure,2023,4,ATCM16_wp015_e,1991,32,0.8601984977722168,ATCM16_wp015_e,1991,32,0.9351336
Measure 783,Measure,2023,5,ATCM44_wp043_e,2022,1,0.8347904086112976,ATCM46_wp030_e,2024,-1,0.9090346
Measure 783,Measure,2023,6,ATCM44_wp042_e,2022,1,0.8237794041633606,ATCM41_wp031_e,2018,5,0.9069337
Measure 783,Measure,2023,7,ATCM40_wp011_rev1_e,2017,6,0.8230499029159546,ATCM37_wp058_rev1_e,2014,9,0.9034562
Measure 783,Measure,2023,8,ATCM46_wp030_e,2024,-1,0.8208110928535461,ATCM44_wp042_e,2022,1,0.8926935
Measure 783,Measure,2023,9,ATCM41_wp031_e,2018,5,0.8197301030158997,ATCM44_wp043_e,2022,1,0.8864597
Measure 783,Measure,2023,10,ATCM37_wp058_rev1_e,2014,9,0.8192359209060669,ATCM40_wp011_rev1_e,2017,6,0.87939554
Decision 262,Decision,1999,1,ATCM23_wp026_e,1999,0,0.8701838254928589,ATCM23_wp026_e,1999,0,0.94769174
Decision 262,Decision,1999,2,ATCM25_wp006_e,2002,-3,0.7809199690818787,ATCM29_wp011_e,2006,-7,0.9129164
Decision 262,Decision,1999,3,ATCM22_wp025_e,1998,1,0.771996021270752,ATCM44_wp007_e,2022,-23,0.9110532
Decision 262,Decision,1999,4,ATCM29_wp011_e,2006,-7,0.765386700630188,ATCM21_wp002_rev1_e,1997,2,0.90535575
Decision 262,Decision,1999,5,ATCM44_wp007_e,2022,-23,0.7571142911911011,ATCM22_wp025_e,1998,1,0.90169585
Decision 262,Decision,1999,6,ATCM28_wp009_e,2005,-6,0.7551772594451904,ATCM28_wp009_e,2005,-6,0.90073955
Decision 262,Decision,1999,7,ATCM22_wp023_e,1998,1,0.7523124814033508,ATCM22_wp020_e,1998,1,0.8864597
Decision 262,Decision,1999,8,ATCM22_wp020_e,1998,1,0.7494319677352905,ATCM22_wp023_e,1998,1,0.87980926
Decision 262,Decision,1999,9,ATCM21_wp002_rev1_e,1997,2,0.7463748455047607,ATCM37_wp010_e,2014,-15,0.8777285
Decision 262,Decision,1999,10,ATCM37_wp010_e,2014,-15,0.7368930578231812,ATCM25_wp006_e,2002,-3,0.8677546
Resolution 256,Resolution,1998,1,ATCM15_wp039_e,1989,9,0.845893383026123,ATCM22_wp005_e,1998,0,0.9797918
Resolution 256,Resolution,1998,2,ATCM15_wp053_e,1989,9,0.8308730125427246,ATCM46_wp050_e,2024,-26,0.946715
Resolution 256,Resolution,1998,3,ATCM46_wp050_e,2024,-26,0.8270373344421387,ATCM15_wp039_e,1989,9,0.9417828
Resolution 256,Resolution,1998,4,ATCM15_wp032_rev1_e,1989,9,0.8262753486633301,ATCM15_wp053_e,1989,9,0.94081146
Resolution 256,Resolution,1998,5,ATCM14_wp037_e,1987,11,0.8216723203659058,ATCM40_wp016_e,2017,-19,0.9363083
Resolution 256,Resolution,1998,6,ATCM22_wp005_e,1998,0,0.8179776668548584,ATCM28_wp011_e,2005,-7,0.93079865
Resolution 256,Resolution,1998,7,ATCM40_wp016_e,2017,-19,0.8156702518463135,ATCM15_wp032_rev1_e,1989,9,0.9291452
Resolution 256,Resolution,1998,8,ATCM8_wp005_e,1975,23,0.8016484379768372,ATCM7_wp009_e,1972,26,0.9290166
Resolution 256,Resolution,1998,9,ATCM7_wp009_e,1972,26,0.799039363861084,ATCM14_wp037_e,1987,11,0.92830485
Resolution 256,Resolution,1998,10,ATCM28_wp011_e,2005,-7,0.7985650897026062,ATCM8_wp005_e,1975,23,0.88124746
Measure 757,Measure,2022,1,ATCM38_wp002_e,2015,7,0.8712812662124634,ATCM33_wp019_rev1_e,2010,12,0.98305905
Measure 757,Measure,2022,2,ATCM33_wp019_rev1_e,2010,12,0.8631868362426758,ATCM38_wp002_e,2015,7,0.98099285
Measure 757,Measure,2022,3,ATCM44_wp005_e,2022,0,0.8157253265380859,ATCM28_wp004_e,2005,17,0.9769875
Measure 757,Measure,2022,4,ATCM35_wp044_e,2012,10,0.8131754398345947,ATCM44_wp005_e,2022,0,0.95070475
Measure 757,Measure,2022,5,ATCM43_wp002_rev1_e,2021,1,0.8117087483406067,ATCM16_wp014_e,1991,31,0.94430023
Measure 757,Measure,2022,6,ATCM35_wp058_e,2012,10,0.8106046915054321,ATCM43_wp002_rev1_e,2021,1,0.9407027
Measure 757,Measure,2022,7,ATCM16_wp014_e,1991,31,0.8078370094299316,ATCM37_wp054_e,2014,8,0.9058983
Measure 757,Measure,2022,8,ATCM28_wp004_e,2005,17,0.8071354627609253,ATCM45_wp054_rev1_e,2023,-1,0.90577334
Measure 757,Measure,2022,9,ATCM45_wp054_rev1_e,2023,-1,0.8004856109619141,ATCM35_wp044_e,2012,10,0.90169585
Measure 757,Measure,2022,10,ATCM37_wp054_e,2014,8,0.7996525764465332,ATCM35_wp058_e,2012,10,0.8632072
Measure 795,Measure,2023,1,ATCM38_wp041_e,2015,8,0.8905982971191406,ATCM45_wp037_rev1_e,2023,0,0.9833174
Measure 795,Measure,2023,2,ATCM45_wp037_rev1_e,2023,0,0.890459418296814,ATCM38_wp041_e,2015,8,0.9666128
Measure 795,Measure,2023,3,ATCM31_wp052_e,2008,15,0.8357804417610168,ATCM30_wp032_rev1_e,2007,16,0.9661048
Measure 795,Measure,2023,4,ATCM30_wp032_rev1_e,2007,16,0.7883188724517822,ATCM31_wp052_e,2008,15,0.9645359
Measure 795,Measure,2023,5,ATCM43_wp009_rev1_e,2021,2,0.7641991972923279,ATCM47_wp009_e,2025,-2,0.9109245
Measure 795,Measure,2023,6,ATCM47_wp009_e,2025,-2,0.7608096599578857,ATCM43_wp045_e,2021,2,0.88347745
Measure 795,Measure,2023,7,ATCM38_wp042_e,2015,8,0.7589450478553772,ATCM43_wp009_rev1_e,2021,2,0.8832763
Measure 795,Measure,2023,8,ATCM43_wp045_e,2021,2,0.7549485564231873,ATCM35_wp044_e,2012,11,0.8820626
Measure 795,Measure,2023,9,ATCM35_wp044_e,2012,11,0.7535004615783691,ATCM39_wp027_e,2016,7,0.8796026
Measure 795,Measure,2023,10,ATCM39_wp027_e,2016,7,0.752899706363678,ATCM38_wp042_e,2015,8,0.87476355
Measure 751,Measure,2022,1,ATCM32_wp025_e,2009,13,0.8275582194328308,ATCM42_wp027_e,2019,3,0.9805509
Measure 751,Measure,2022,2,ATCM33_wp018_e,2010,12,0.8256006240844727,ATCM44_wp001_e,2022,0,0.97948
Measure 751,Measure,2022,3,ATCM42_wp027_e,2019,3,0.8233489394187927,ATCM32_wp025_e,2009,13,0.9706433
Measure 751,Measure,2022,4,ATCM44_wp001_e,2022,0,0.8055925965309143,ATCM33_wp018_e,2010,12,0.9692777
Measure 751,Measure,2022,5,ATCM45_wp059_e,2023,-1,0.8046994209289551,ATCM37_wp006_e,2014,8,0.941245
Measure 751,Measure,2022,6,ATCM37_wp003_e,2014,8,0.7929033041000366,ATCM32_wp024_e,2009,13,0.93393874
Measure 751,Measure,2022,7,ATCM37_wp006_e,2014,8,0.7916181087493896,ATCM37_wp003_e,2014,8,0.9214919
Measure 751,Measure,2022,8,ATCM32_wp024_e,2009,13,0.7904011607170105,ATCM45_wp059_e,2023,-1,0.9035413
Measure 751,Measure,2022,9,ATCM35_wp060_e,2012,10,0.7903525829315186,ATCM35_wp044_e,2012,10,0.89791036
Measure 751,Measure,2022,10,ATCM35_wp044_e,2012,10,0.7894554138183594,ATCM35_wp060_e,2012,10,0.86730576
Measure 763,Measure,2022,1,ATCM44_wp053_e,2022,0,0.8977612257003784,ATCM28_wp007_e,2005,17,0.97963655
Measure 763,Measure,2022,2,ATCM35_wp052_e,2012,10,0.8871405124664307,ATCM44_wp053_e,2022,0,0.9788425
Measure 763,Measure,2022,3,ATCM28_wp007_e,2005,17,0.8349711894989014,ATCM35_wp052_e,2012,10,0.9749741
Measure 763,Measure,2022,4,ATCM27_wp015_e,2004,18,0.8339871764183044,ATCM27_wp015_e,2004,18,0.9723727
Measure 763,Measure,2022,5,ATCM36_wp059_e,2013,9,0.8144029378890991,ATCM21_wp031_e,1997,25,0.95624363
Measure 763,Measure,2022,6,ATCM29_wp029_e,2006,16,0.8091050386428833,ATCM36_wp059_e,2013,9,0.9204971
Measure 763,Measure,2022,7,ATCM35_wp044_e,2012,10,0.8080675005912781,ATCM37_wp058_rev1_e,2014,8,0.9162333
Measure 763,Measure,2022,8,ATCM37_wp058_rev1_e,2014,8,0.8046799898147583,ATCM35_wp044_e,2012,10,0.9149409
Measure 763,Measure,2022,9,ATCM21_wp031_e,1997,25,0.8017749786376953,ATCM29_wp029_e,2006,16,0.9124113
Measure 763,Measure,2022,10,ATCM35_wp060_e,2012,10,0.7976524829864502,ATCM35_wp060_e,2012,10,0.8828729
Measure 723,Measure,2021,1,ATCM43_wp024_rev1_e,2021,0,0.9011582732200623,ATCM33_wp033_e,2010,11,0.9710852
Measure 723,Measure,2021,2,ATCM33_wp033_e,2010,11,0.8863545656204224,ATCM43_wp024_rev1_e,2021,0,0.9708651
Measure 723,Measure,2021,3,ATCM38_wp026_e,2015,6,0.8641573190689087,ATCM38_wp026_e,2015,6,0.9544101
Measure 723,Measure,2021,4,ATCM46_wp023_e,2024,-3,0.8332319259643555,ATCM37_wp007_e,2014,7,0.9482696
Measure 723,Measure,2021,5,ATCM43_wp003_e,2021,0,0.8321358561515808,ATCM43_wp003_e,2021,0,0.93746316
Measure 723,Measure,2021,6,ATCM37_wp007_e,2014,7,0.8295210003852844,ATCM33_wp035_e,2010,11,0.90038973
Measure 723,Measure,2021,7,ATCM43_wp023_rev1_e,2021,0,0.8281015157699585,ATCM43_wp023_rev1_e,2021,0,0.8988021
Measure 723,Measure,2021,8,ATCM36_wp030_e,2013,8,0.8195333480834961,ATCM46_wp023_e,2024,-3,0.8905229
Measure 723,Measure,2021,9,ATCM33_wp035_e,2010,11,0.8148422837257385,ATCM36_wp029_e,2013,8,0.88918287
Measure 723,Measure,2021,10,ATCM36_wp029_e,2013,8,0.8117897510528564,ATCM36_wp030_e,2013,8,0.88879734
Decision 406,Decision,2008,1,ATCM26_wp011_e,2003,5,0.8145549297332764,ATCM30_wp044_e,2007,1,0.9550851
Decision 406,Decision,2008,2,ATCM27_wp030_rev1_e,2004,4,0.8046479225158691,ATCM26_wp005_e,2003,5,0.9542397
Decision 406,Decision,2008,3,ATCM30_wp044_e,2007,1,0.7768347859382629,ATCM25_wp049_e,2002,6,0.9401556
Decision 406,Decision,2008,4,ATCM26_wp005_e,2003,5,0.771468997001648,ATCM24_wp037_e,2001,7,0.9357234
Decision 406,Decision,2008,5,ATCM18_wp008_e,1994,14,0.744145929813385,ATCM26_wp011_e,2003,5,0.9329682
Decision 406,Decision,2008,6,ATCM25_wp049_e,2002,6,0.737175703048706,ATCM27_wp030_rev1_e,2004,4,0.92313623
Decision 406,Decision,2008,7,ATCM27_wp029_e,2004,4,0.731909990310669,ATCM27_wp029_e,2004,4,0.92099595
Decision 406,Decision,2008,8,ATCM24_wp037_e,2001,7,0.7318060398101807,ATCM28_wp068_e,2005,3,0.9197795
Decision 406,Decision,2008,9,ATCM25_wp044_e,2002,6,0.7292879223823547,ATCM18_wp008_e,1994,14,0.89665025
Decision 406,Decision,2008,10,ATCM28_wp068_e,2005,3,0.728787899017334,ATCM25_wp044_e,2002,6,0.8828729
Decision 653,Decision,2017,1,ATCM14_wp003_e,1987,30,0.8883897066116333,ATCM40_wp003_e,2017,0,0.97459
Decision 653,Decision,2017,2,ATCM28_wp057_e,2005,12,0.8758209943771362,ATCM28_wp057_e,2005,12,0.9568927
Decision 653,Decision,2017,3,ATCM14_wp026_e,1987,30,0.8621469736099243,ATCM14_wp026_e,1987,30,0.9447098
Decision 653,Decision,2017,4,ATCM40_wp003_e,2017,0,0.8545147180557251,ATCM14_wp003_e,1987,30,0.9427391
Decision 653,Decision,2017,5,ATCM15_wp045_e,1989,28,0.8215835690498352,ATCM15_wp045_e,1989,28,0.926197
Decision 653,Decision,2017,6,ATCM28_wp054_e,2005,12,0.813554048538208,ATCM3_wp022_e,1964,53,0.9245788
Decision 653,Decision,2017,7,ATCM3_wp022_rev1_e,1964,53,0.8014452457427979,ATCM28_wp054_e,2005,12,0.92251027
Decision 653,Decision,2017,8,ATCM3_wp014_e,1964,53,0.7986800670623779,ATCM3_wp014_e,1964,53,0.9178124
Decision 653,Decision,2017,9,ATCM3_wp022_e,1964,53,0.7949249744415283,ATCM3_wp022_rev1_e,1964,53,0.9146649
Decision 653,Decision,2017,10,ATCM28_wp055_e,2005,12,0.7785992622375488,ATCM28_wp055_e,2005,12,0.8938109
Measure 623,Measure,2016,1,ATCM45_wp002_rev1_e,2023,-7,0.8550864458084106,ATCM44_wp003_e,2022,-6,0.9826643
Measure 623,Measure,2016,2,ATCM34_wp009_e,2011,5,0.8449897766113281,ATCM39_wp003_e,2016,0,0.9823961
Measure 623,Measure,2016,3,ATCM43_wp025_rev1_e,2021,-5,0.8406785726547241,ATCM34_wp009_e,2011,5,0.98184747
Measure 623,Measure,2016,4,ATCM33_wp034_e,2010,6,0.8402665853500366,ATCM45_wp002_rev1_e,2023,-7,0.9793225
Measure 623,Measure,2016,5,ATCM39_wp003_e,2016,0,0.8367745280265808,ATCM38_wp026_e,2015,1,0.92712605
Measure 623,Measure,2016,6,ATCM35_wp044_e,2012,4,0.8270881772041321,ATCM33_wp034_e,2010,6,0.9113494
Measure 623,Measure,2016,7,ATCM38_wp026_e,2015,1,0.8268749713897705,ATCM35_wp044_e,2012,4,0.9105474
Measure 623,Measure,2016,8,ATCM35_wp058_e,2012,4,0.823884129524231,ATCM43_wp025_rev1_e,2021,-5,0.90568995
Measure 623,Measure,2016,9,ATCM44_wp003_e,2022,-6,0.822897732257843,ATCM33_wp033_e,2010,6,0.9003021
Measure 623,Measure,2016,10,ATCM33_wp033_e,2010,6,0.8112562298774719,ATCM35_wp058_e,2012,4,0.8652696
Decision 633,Decision,2016,1,ATCM27_wp030_rev1_e,2004,12,0.8106460571289062,ATCM26_wp005_e,2003,13,0.9277177
Decision 633,Decision,2016,2,ATCM26_wp011_e,2003,13,0.8042910695075989,ATCM27_wp029_e,2004,12,0.9112015
Decision 633,Decision,2016,3,ATCM24_wp037_e,2001,15,0.7658646702766418,ATCM24_wp037_e,2001,15,0.9079386
Decision 633,Decision,2016,4,ATCM18_wp008_e,1994,22,0.7638934850692749,ATCM27_wp030_rev1_e,2004,12,0.90759104
Decision 633,Decision,2016,5,ATCM26_wp005_e,2003,13,0.7637792825698853,ATCM26_wp011_e,2003,13,0.89959866
Decision 633,Decision,2016,6,ATCM25_wp049_e,2002,14,0.7635629177093506,ATCM25_wp049_e,2002,14,0.8914713
Decision 633,Decision,2016,7,ATCM25_wp044_e,2002,14,0.7371325492858887,ATCM30_wp044_e,2007,9,0.88307476
Decision 633,Decision,2016,8,ATCM30_wp044_e,2007,9,0.7371071577072144,ATCM25_wp044_e,2002,14,0.87020063
Decision 633,Decision,2016,9,ATCM17_wp019_e,1992,24,0.7361982464790344,ATCM18_wp008_e,1994,22,0.85805386
Decision 633,Decision,2016,10,ATCM27_wp029_e,2004,12,0.7360467910766602,ATCM17_wp019_e,1992,24,0.8537177
Decision 547,Decision,2013,1,ATCM14_wp003_e,1987,26,0.7904974222183228,ATCM28_wp057_e,2005,8,0.9071808
Decision 547,Decision,2013,2,ATCM15_wp045_e,1989,24,0.7699147462844849,ATCM41_wp024_e,2018,-5,0.88743895
Decision 547,Decision,2013,3,ATCM28_wp057_e,2005,8,0.7562521696090698,ATCM15_wp045_e,1989,24,0.88267076
Decision 547,Decision,2013,4,ATCM28_wp054_e,2005,8,0.751808762550354,ATCM3_wp014_e,1964,49,0.8802217
Decision 547,Decision,2013,5,ATCM9_wp069_e,1977,36,0.7509022951126099,ATCM14_wp003_e,1987,26,0.87433493
Decision 547,Decision,2013,6,ATCM14_wp026_e,1987,26,0.7501945495605469,ATCM3_wp022_e,1964,49,0.8726081
Decision 547,Decision,2013,7,ATCM3_wp014_e,1964,49,0.7497807145118713,ATCM3_wp022_rev1_e,1964,49,0.8710806
Decision 547,Decision,2013,8,ATCM41_wp024_e,2018,-5,0.7455571293830872,ATCM14_wp026_e,1987,26,0.84927243
Decision 547,Decision,2013,9,ATCM3_wp022_rev1_e,1964,49,0.743902325630188,ATCM28_wp054_e,2005,8,0.8467552
Decision 547,Decision,2013,10,ATCM3_wp022_e,1964,49,0.7367059588432312,ATCM9_wp069_e,1977,36,0.7783799
Decision 738,Decision,2021,1,ATCM42_wp051_e,2019,2,0.9132276773452759,ATCM43_wp048_e,2021,0,0.9727894
Decision 738,Decision,2021,2,ATCM43_wp048_e,2021,0,0.8948642015457153,ATCM42_wp051_e,2019,2,0.9708651
Decision 738,Decision,2021,3,ATCM17_wp002_e,1992,29,0.8467847108840942,ATCM16_wp029_e,1991,30,0.91887426
Decision 738,Decision,2021,4,ATCM18_wp018_e,1994,27,0.8414729833602905,ATCM17_wp014_e,1992,29,0.91533905
Decision 738,Decision,2021,5,ATCM17_wp001_e,1992,29,0.832116961479187,ATCM18_wp018_e,1994,27,0.90927666
Decision 738,Decision,2021,6,ATCM16_wp029_e,1991,30,0.8294722437858582,ATCM18_wp009_e,1994,27,0.9077956
Decision 738,Decision,2021,7,ATCM18_wp009_e,1994,27,0.8285516500473022,ATCM17_wp002_e,1992,29,0.895924
Decision 738,Decision,2021,8,ATCM17_wp014_e,1992,29,0.8276100754737854,ATCM17_wp001_e,1992,29,0.8927871
Decision 738,Decision,2021,9,ATCM25_wp002_e,2002,19,0.810893177986145,ATCM15_wp033_e,1989,32,0.8889902
Decision 738,Decision,2021,10,ATCM15_wp033_e,1989,32,0.8106422424316406,ATCM25_wp002_e,2002,19,0.88165563
Measure 759,Measure,2022,1,ATCM37_wp026_e,2014,8,0.8831021189689636,ATCM31_wp014_e,2008,14,0.9869594
Measure 759,Measure,2022,2,ATCM44_wp004_e,2022,0,0.8721076250076294,ATCM43_wp004_e,2021,1,0.98490417
Measure 759,Measure,2022,3,ATCM43_wp004_e,2021,1,0.8703822493553162,ATCM44_wp004_e,2022,0,0.98478764
Measure 759,Measure,2022,4,ATCM31_wp014_e,2008,14,0.8468456268310547,ATCM37_wp026_e,2014,8,0.9829285
Measure 759,Measure,2022,5,ATCM43_wp003_e,2021,1,0.8294498920440674,ATCM38_wp026_e,2015,7,0.92491853
Measure 759,Measure,2022,6,ATCM38_wp026_e,2015,7,0.8252947330474854,ATCM43_wp003_e,2021,1,0.917147
Measure 759,Measure,2022,7,ATCM46_wp023_e,2024,-2,0.8240387439727783,ATCM37_wp007_e,2014,8,0.9155941
Measure 759,Measure,2022,8,ATCM24_wp033_e,2001,21,0.8238622546195984,ATCM24_wp033_e,2001,21,0.9075501
Measure 759,Measure,2022,9,ATCM39_wp026_e,2016,6,0.8211396336555481,ATCM39_wp026_e,2016,6,0.8955592
Measure 759,Measure,2022,10,ATCM37_wp007_e,2014,8,0.819946825504303,ATCM46_wp023_e,2024,-2,0.8913768
Resolution 364,Resolution,2006,1,ATCM28_wp031_e,2005,1,0.8635057210922241,ATCM46_wp052_e,2024,-18,0.94996727
Resolution 364,Resolution,2006,2,ATCM46_wp052_e,2024,-18,0.8473259210586548,ATCM29_wp001_e,2006,0,0.9441975
Resolution 364,Resolution,2006,3,ATCM29_wp001_e,2006,0,0.8317168951034546,ATCM28_wp031_e,2005,1,0.9431594
Resolution 364,Resolution,2006,4,ATCM36_wp015_e,2013,-7,0.8292442560195923,ATCM30_wp022_e,2007,-1,0.9396037
Resolution 364,Resolution,2006,5,ATCM42_wp055_e,2019,-13,0.8251026272773743,ATCM41_wp032_e,2018,-12,0.93949276
Resolution 364,Resolution,2006,6,ATCM29_wp002_e,2006,0,0.8238065242767334,ATCM42_wp055_e,2019,-13,0.9371187
Resolution 364,Resolution,2006,7,ATCM41_wp032_e,2018,-12,0.8229537010192871,ATCM27_wp026_e,2004,2,0.9323548
Resolution 364,Resolution,2006,8,ATCM27_wp026_e,2004,2,0.8156470656394958,ATCM36_wp015_e,2013,-7,0.9292737
Resolution 364,Resolution,2006,9,ATCM30_wp022_e,2007,-1,0.8131641745567322,ATCM36_wp020_e,2013,-7,0.92920953
Resolution 364,Resolution,2006,10,ATCM36_wp020_e,2013,-7,0.8088442087173462,ATCM29_wp002_e,2006,0,0.92672926
Resolution 775,Resolution,2022,1,ATCM46_wp052_e,2024,-2,0.8584166765213013,ATCM46_wp052_e,2024,-2,0.9567313
Resolution 775,Resolution,2022,2,ATCM28_wp031_e,2005,17,0.8444174528121948,ATCM42_wp054_e,2019,3,0.9463195
Resolution 775,Resolution,2022,3,ATCM47_wp021_rev1_e,2025,-3,0.8272576332092285,ATCM28_wp031_e,2005,17,0.9461207
Resolution 775,Resolution,2022,4,ATCM36_wp015_e,2013,9,0.8222345113754272,ATCM47_wp021_rev1_e,2025,-3,0.9455202
Resolution 775,Resolution,2022,5,ATCM41_wp032_e,2018,4,0.8198544979095459,ATCM41_wp032_e,2018,4,0.9409202
Resolution 775,Resolution,2022,6,ATCM42_wp054_e,2019,3,0.8193252086639404,ATCM42_wp055_e,2019,3,0.93971455
Resolution 775,Resolution,2022,7,ATCM36_wp020_e,2013,9,0.8156173825263977,ATCM27_wp026_e,2004,18,0.9371187
Resolution 775,Resolution,2022,8,ATCM29_wp001_e,2006,16,0.8140536546707153,ATCM36_wp015_e,2013,9,0.9311125
Resolution 775,Resolution,2022,9,ATCM27_wp026_e,2004,18,0.8124092817306519,ATCM36_wp020_e,2013,9,0.92972165
Resolution 775,Resolution,2022,10,ATCM42_wp055_e,2019,3,0.811385989189148,ATCM29_wp001_e,2006,16,0.92313623
Measure 781,Measure,2023,1,ATCM45_wp059_e,2023,0,0.8830692768096924,ATCM45_wp059_e,2023,0,0.9785164
Measure 781,Measure,2023,2,ATCM36_wp054_rev1_e,2013,10,0.8391628265380859,ATCM42_wp004_e,2019,4,0.9610396
Measure 781,Measure,2023,3,ATCM35_wp003_e,2012,11,0.8362630605697632,ATCM36_wp054_rev1_e,2013,10,0.9568927
Measure 781,Measure,2023,4,ATCM37_wp031_e,2014,9,0.8217858672142029,ATCM37_wp031_e,2014,9,0.94940734
Measure 781,Measure,2023,5,ATCM35_wp060_e,2012,11,0.8194806575775146,ATCM35_wp003_e,2012,11,0.9482696
Measure 781,Measure,2023,6,ATCM42_wp004_e,2019,4,0.8193774223327637,ATCM38_wp026_e,2015,8,0.92233557
Measure 781,Measure,2023,7,ATCM38_wp026_e,2015,8,0.819037914276123,ATCM35_wp044_e,2012,11,0.9154996
Measure 781,Measure,2023,8,ATCM35_wp061_e,2012,11,0.8074308633804321,ATCM37_wp054_e,2014,9,0.91338676
Measure 781,Measure,2023,9,ATCM35_wp044_e,2012,11,0.8054258823394775,ATCM35_wp061_e,2012,11,0.8905229
Measure 781,Measure,2023,10,ATCM37_wp054_e,2014,9,0.805296003818512,ATCM35_wp060_e,2012,11,0.87980926
Measure 830,Measure,2024,1,ATCM26_wp017_rev1_e,2003,21,0.853789210319519,ATCM46_wp011_rev1_e,2024,0,0.9845517
Measure 830,Measure,2024,2,ATCM26_wp017_e,2003,21,0.8510643243789673,ATCM46_wp044_e,2024,0,0.98443246
Measure 830,Measure,2024,3,ATCM46_wp011_rev1_e,2024,0,0.8221765756607056,ATCM24_wp016_e,2001,23,0.9719499
Measure 830,Measure,2024,4,ATCM5_wp031_rev1_e,1968,56,0.8057047128677368,ATCM26_wp017_rev1_e,2003,21,0.9692777
Measure 830,Measure,2024,5,ATCM24_wp016_e,2001,23,0.8028052449226379,ATCM26_wp017_e,2003,21,0.9685721
Measure 830,Measure,2024,6,ATCM30_wp038_e,2007,17,0.80194091796875,ATCM32_wp035_rev1_e,2009,15,0.96785074
Measure 830,Measure,2024,7,ATCM32_wp035_rev1_e,2009,15,0.7994331121444702,ATCM30_wp038_e,2007,17,0.95769125
Measure 830,Measure,2024,8,ATCM46_wp044_e,2024,0,0.7905586957931519,ATCM5_wp031_e,1968,56,0.9414607
Measure 830,Measure,2024,9,ATCM5_wp031_e,1968,56,0.7890104055404663,ATCM5_wp031_rev1_e,1968,56,0.94135296
Measure 830,Measure,2024,10,ATCM5_wp032_e,1968,56,0.7868013381958008,ATCM5_wp032_e,1968,56,0.90873134
Decision 735,Decision,2021,1,ATCM27_wp030_rev1_e,2004,17,0.7844815254211426,ATCM26_wp005_e,2003,18,0.9281748
Decision 735,Decision,2021,2,ATCM26_wp011_e,2003,18,0.7761068940162659,ATCM27_wp030_rev1_e,2004,17,0.90929675
Decision 735,Decision,2021,3,ATCM24_wp037_e,2001,20,0.7535107731819153,ATCM24_wp037_e,2001,20,0.90901446
Decision 735,Decision,2021,4,ATCM26_wp005_e,2003,18,0.7504909038543701,ATCM26_wp011_e,2003,18,0.9031149
Decision 735,Decision,2021,5,ATCM18_wp008_e,1994,27,0.7485942840576172,ATCM25_wp049_e,2002,19,0.8997749
Decision 735,Decision,2021,6,ATCM25_wp049_e,2002,19,0.745593249797821,ATCM30_wp044_e,2007,14,0.8802217
Decision 735,Decision,2021,7,ATCM25_wp044_e,2002,19,0.7253270745277405,ATCM25_wp044_e,2002,19,0.87582946
Decision 735,Decision,2021,8,ATCM17_wp019_e,1992,29,0.7228000164031982,ATCM17_wp019_e,1992,29,0.85805386
Decision 735,Decision,2021,9,ATCM30_wp044_e,2007,14,0.7225513458251953,ATCM18_wp008_e,1994,27,0.8575773
Decision 735,Decision,2021,10,ATCM17_wp007_e,1992,29,0.72059565782547,ATCM17_wp007_e,1992,29,0.8374073
Recommendation 99,Recommendation,1972,1,ATCM7_wp055_rev2_e,1972,0,0.9323386549949646,ATCM7_wp055_rev2_e,1972,0,0.9638617
Recommendation 99,Recommendation,1972,2,ATCM7_wp055_rev1_e,1972,0,0.9209043979644775,ATCM7_wp055_e,1972,0,0.96247613
Recommendation 99,Recommendation,1972,3,ATCM7_wp055_e,1972,0,0.9182994365692139,ATCM7_wp055_rev1_e,1972,0,0.96247613
Recommendation 99,Recommendation,1972,4,ATCM7_wp026_e,1972,0,0.9085662364959717,ATCM7_wp026_e,1972,0,0.9595504
Recommendation 99,Recommendation,1972,5,ATCM8_wp014_e,1975,-3,0.9082907438278198,ATCM8_wp014_e,1975,-3,0.9580066
Recommendation 99,Recommendation,1972,6,ATCM7_wp026_rev1_e,1972,0,0.8235015869140625,ATCM7_wp026_rev1_e,1972,0,0.95070475
Recommendation 99,Recommendation,1972,7,ATCM8_wp014_rev1_e,1975,-3,0.7892051935195923,ATCM8_wp014_rev1_e,1975,-3,0.94081146
Recommendation 99,Recommendation,1972,8,ATCM9_wp059_e,1977,-5,0.7714889645576477,ATCM9_wp059_rev2_e,1977,-5,0.9392704
Recommendation 99,Recommendation,1972,9,ATCM9_wp059_rev1_e,1977,-5,0.7659041881561279,ATCM9_wp059_e,1977,-5,0.9387109
Recommendation 99,Recommendation,1972,10,ATCM9_wp059_rev2_e,1977,-5,0.7572816610336304,ATCM9_wp059_rev1_e,1977,-5,0.9356059
Resolution 742,Resolution,2021,1,ATCM46_wp052_e,2024,-3,0.8501510620117188,ATCM46_wp052_e,2024,-3,0.9544101
Resolution 742,Resolution,2021,2,ATCM28_wp031_e,2005,16,0.8317042589187622,ATCM42_wp054_e,2019,2,0.9484609
Resolution 742,Resolution,2021,3,ATCM47_wp021_rev1_e,2025,-4,0.824299156665802,ATCM47_wp021_rev1_e,2025,-4,0.94651765
Resolution 742,Resolution,2021,4,ATCM42_wp054_e,2019,2,0.8187850713729858,ATCM28_wp031_e,2005,16,0.9463195
Resolution 742,Resolution,2021,5,ATCM36_wp015_e,2013,8,0.8180535435676575,ATCM41_wp032_e,2018,3,0.94284445
Resolution 742,Resolution,2021,6,ATCM41_wp032_e,2018,3,0.8109711408615112,ATCM42_wp055_e,2019,2,0.94188976
Resolution 742,Resolution,2021,7,ATCM36_wp020_e,2013,8,0.8086899518966675,ATCM27_wp026_e,2004,17,0.9336973
Resolution 742,Resolution,2021,8,ATCM27_wp026_e,2004,17,0.8064664602279663,ATCM36_wp020_e,2013,8,0.9329682
Resolution 742,Resolution,2021,9,ATCM29_wp001_e,2006,15,0.8054125308990479,ATCM36_wp015_e,2013,8,0.93186045
Resolution 742,Resolution,2021,10,ATCM42_wp055_e,2019,2,0.8040555715560913,ATCM29_wp001_e,2006,15,0.9229976
Measure 755,Measure,2022,1,ATCM37_wp006_e,2014,8,0.8701247572898865,ATCM37_wp006_e,2014,8,0.9850199
Measure 755,Measure,2022,2,ATCM32_wp024_e,2009,13,0.8500684499740601,ATCM32_wp024_e,2009,13,0.9749741
Measure 755,Measure,2022,3,ATCM44_wp005_e,2022,0,0.8252482414245605,ATCM44_wp005_e,2022,0,0.95939845
Measure 755,Measure,2022,4,ATCM43_wp002_rev1_e,2021,1,0.8183135986328125,ATCM43_wp002_rev1_e,2021,1,0.94996727
Measure 755,Measure,2022,5,ATCM8_wp011_e,1975,47,0.7988466024398804,ATCM8_wp011_e,1975,47,0.9304203
Measure 755,Measure,2022,6,ATCM44_wp041_e,2022,0,0.7976036071777344,ATCM37_wp052_e,2014,8,0.91858256
Measure 755,Measure,2022,7,ATCM35_wp058_e,2012,10,0.7950127124786377,ATCM36_wp059_e,2013,9,0.9103384
Measure 755,Measure,2022,8,ATCM35_wp044_e,2012,10,0.7940540313720703,ATCM35_wp044_e,2012,10,0.9057317
Measure 755,Measure,2022,9,ATCM36_wp059_e,2013,9,0.7923790216445923,ATCM44_wp041_e,2022,0,0.8993338
Measure 755,Measure,2022,10,ATCM37_wp052_e,2014,8,0.7875728607177734,ATCM35_wp058_e,2012,10,0.8791883
Resolution 230,Resolution,1995,1,ATCM31_wp061_e,2008,-13,0.8270450234413147,ATCM24_wp016_e,2001,-6,0.9710852
Resolution 230,Resolution,1995,2,ATCM30_wp038_e,2007,-12,0.8148322105407715,ATCM30_wp038_e,2007,-12,0.9701947
Resolution 230,Resolution,1995,3,ATCM24_wp016_e,2001,-6,0.7986266613006592,ATCM31_wp061_e,2008,-13,0.96760666
Resolution 230,Resolution,1995,4,ATCM14_wp031_rev1_e,1987,8,0.7764051556587219,ATCM20_wp013_e,1996,-1,0.96597666
Resolution 230,Resolution,1995,5,ATCM20_wp013_e,1996,-1,0.7695832252502441,ATCM14_wp031_rev1_e,1987,8,0.9648021
Resolution 230,Resolution,1995,6,ATCM15_wp041_e,1989,6,0.7689368724822998,ATCM32_wp003_e,2009,-14,0.95705354
Resolution 230,Resolution,1995,7,ATCM14_wp013_e,1987,8,0.7682472467422485,ATCM14_wp013_e,1987,8,0.95607984
Resolution 230,Resolution,1995,8,ATCM32_wp003_e,2009,-14,0.7670325040817261,ATCM15_wp041_e,1989,6,0.9497813
Resolution 230,Resolution,1995,9,ATCM5_wp046_e,1968,27,0.7669529914855957,ATCM24_wp023_e,2001,-6,0.9439912
Resolution 230,Resolution,1995,10,ATCM24_wp023_e,2001,-6,0.7640930414199829,ATCM5_wp046_e,1968,27,0.9333337
Resolution 805,Resolution,2023,1,ATCM12_wp001_rev1_e,1983,40,0.8267076015472412,ATCM45_wp040_e,2023,0,0.9701947
Resolution 805,Resolution,2023,2,ATCM12_wp018_e,1983,40,0.8232008218765259,ATCM23_wp007_rev2_e,1999,24,0.93982506
Resolution 805,Resolution,2023,3,ATCM23_wp007_rev2_e,1999,24,0.8081937432289124,ATCM37_wp024_e,2014,9,0.93938166
Resolution 805,Resolution,2023,4,ATCM23_wp007_e,1999,24,0.8017374873161316,ATCM23_wp007_e,1999,24,0.93284583
Resolution 805,Resolution,2023,5,ATCM37_wp024_e,2014,9,0.7907131910324097,ATCM22_wp014_e,1998,25,0.92085373
Resolution 805,Resolution,2023,6,ATCM15_wp034_e,1989,34,0.7786179184913635,ATCM15_wp050_e,1989,34,0.9051044
Resolution 805,Resolution,2023,7,ATCM15_wp050_e,1989,34,0.7752540111541748,ATCM15_wp066_rev2_e,1989,34,0.89574176
Resolution 805,Resolution,2023,8,ATCM22_wp014_e,1998,25,0.7746833562850952,ATCM12_wp001_rev1_e,1983,40,0.89222497
Resolution 805,Resolution,2023,9,ATCM45_wp040_e,2023,0,0.7736634016036987,ATCM15_wp034_e,1989,34,0.89184874
Resolution 805,Resolution,2023,10,ATCM15_wp066_rev2_e,1989,34,0.7720257043838501,ATCM12_wp018_e,1983,40,0.8622821
Measure 797,Measure,2023,1,ATCM45_wp024_e,2023,0,0.8977184295654297,ATCM41_wp010_e,2018,5,0.98443246
Measure 797,Measure,2023,2,ATCM41_wp010_e,2018,5,0.873279333114624,ATCM45_wp024_e,2023,0,0.9827969
Measure 797,Measure,2023,3,ATCM35_wp041_e,2012,11,0.8242514133453369,ATCM34_wp010_e,2011,12,0.93477726
Measure 797,Measure,2023,4,ATCM38_wp008_e,2015,8,0.8149289488792419,ATCM38_wp008_e,2015,8,0.93247795
Measure 797,Measure,2023,5,ATCM43_wp045_e,2021,2,0.814765989780426,ATCM35_wp041_e,2012,11,0.9283699
Measure 797,Measure,2023,6,ATCM39_wp027_e,2016,7,0.8142287135124207,ATCM39_wp027_e,2016,7,0.89683104
Measure 797,Measure,2023,7,ATCM34_wp033_e,2011,12,0.7891514301300049,ATCM45_wp007_e,2023,0,0.8913768
Measure 797,Measure,2023,8,ATCM34_wp010_e,2011,12,0.7845463156700134,ATCM43_wp045_e,2021,2,0.888217
Measure 797,Measure,2023,9,ATCM46_wp023_e,2024,-1,0.7749693989753723,ATCM46_wp023_e,2024,-1,0.8846785
Measure 797,Measure,2023,10,ATCM45_wp007_e,2023,0,0.7703689336776733,ATCM34_wp033_e,2011,12,0.88347745
Measure 815,Measure,2024,1,ATCM46_wp026_e,2024,0,0.8950688242912292,ATCM46_wp026_e,2024,0,0.983445
Measure 815,Measure,2024,2,ATCM35_wp044_e,2012,12,0.8310937285423279,ATCM36_wp036_e,2013,11,0.9639975
Measure 815,Measure,2024,3,ATCM46_wp027_e,2024,0,0.8295110464096069,ATCM31_wp031_e,2008,16,0.9603016
Measure 815,Measure,2024,4,ATCM31_wp031_e,2008,16,0.827406644821167,ATCM46_wp027_e,2024,0,0.92686176
Measure 815,Measure,2024,5,ATCM38_wp026_e,2015,9,0.82171630859375,ATCM38_wp026_e,2015,9,0.92566115
Measure 815,Measure,2024,6,ATCM36_wp036_e,2013,11,0.8208345770835876,ATCM41_wp031_e,2018,6,0.9144456
Measure 815,Measure,2024,7,ATCM46_wp023_e,2024,0,0.8203405737876892,ATCM45_wp054_rev1_e,2023,1,0.91178244
Measure 815,Measure,2024,8,ATCM36_wp059_e,2013,11,0.8151174187660217,ATCM36_wp059_e,2013,11,0.91156626
Measure 815,Measure,2024,9,ATCM45_wp054_rev1_e,2023,1,0.8128373622894287,ATCM35_wp044_e,2012,12,0.907345
Measure 815,Measure,2024,10,ATCM41_wp031_e,2018,6,0.809892475605011,ATCM46_wp023_e,2024,0,0.9043468
Decision 655,Decision,2017,1,ATCM40_wp027_e,2017,0,0.9612737894058228,ATCM40_wp027_e,2017,0,0.9760927
Decision 655,Decision,2017,2,ATCM31_wp001_e,2008,9,0.8406355381011963,ATCM31_wp001_e,2008,9,0.9523265
Decision 655,Decision,2017,3,ATCM38_wp043_e,2015,2,0.8378733396530151,ATCM27_wp048_rev1_e,2004,13,0.9488415
Decision 655,Decision,2017,4,ATCM26_wp040_e,2003,14,0.7955016493797302,ATCM38_wp043_e,2015,2,0.9488415
Decision 655,Decision,2017,5,ATCM16_wp052_e,1991,26,0.7901815176010132,ATCM39_wp042_e,2016,1,0.933212
Decision 655,Decision,2017,6,ATCM21_wp001_e,1997,20,0.7896851301193237,ATCM21_wp001_e,1997,20,0.92869383
Decision 655,Decision,2017,7,ATCM17_wp024_rev2_e,1992,25,0.7859429717063904,ATCM1_wp002_e,1961,56,0.92686176
Decision 655,Decision,2017,8,ATCM27_wp048_rev1_e,2004,13,0.7851428389549255,ATCM26_wp040_e,2003,14,0.9132176
Decision 655,Decision,2017,9,ATCM39_wp042_e,2016,1,0.7848743200302124,ATCM17_wp024_rev2_e,1992,25,0.84726137
Decision 655,Decision,2017,10,ATCM1_wp002_e,1961,56,0.7815220952033997,ATCM16_wp052_e,1991,26,0.8374073
Measure 670,Measure,2018,1,ATCM45_wp007_e,2023,-5,0.9045594930648804,ATCM36_wp013_e,2013,5,0.9791637
Measure 670,Measure,2018,2,ATCM36_wp013_e,2013,5,0.8957264423370361,ATCM41_wp007_e,2018,0,0.97590977
Measure 670,Measure,2018,3,ATCM41_wp007_e,2018,0,0.8900492787361145,ATCM45_wp007_e,2023,-5,0.9749741
Measure 670,Measure,2018,4,ATCM35_wp044_e,2012,6,0.7915179133415222,ATCM45_wp002_rev1_e,2023,-5,0.91131
Measure 670,Measure,2018,5,ATCM35_wp061_e,2012,6,0.7865138053894043,ATCM35_wp044_e,2012,6,0.9045157
Measure 670,Measure,2018,6,ATCM43_wp045_e,2021,-3,0.7857093811035156,ATCM43_wp045_e,2021,-3,0.90108824
Measure 670,Measure,2018,7,ATCM35_wp060_e,2012,6,0.7843785285949707,ATCM39_wp027_e,2016,2,0.90012664
Measure 670,Measure,2018,8,ATCM39_wp027_e,2016,2,0.7803929448127747,ATCM46_wp023_e,2024,-6,0.8971018
Measure 670,Measure,2018,9,ATCM46_wp023_e,2024,-6,0.7802237272262573,ATCM35_wp061_e,2012,6,0.87980926
Measure 670,Measure,2018,10,ATCM45_wp002_rev1_e,2023,-5,0.7802112102508545,ATCM35_wp060_e,2012,6,0.87980926
Decision 771,Decision,2022,1,ATCM35_wp030_e,2012,10,0.8517128229141235,ATCM35_wp030_e,2012,10,0.9661048
Decision 771,Decision,2022,2,ATCM36_wp067_e,2013,9,0.7839354872703552,ATCM35_wp047_e,2012,10,0.94135296
Decision 771,Decision,2022,3,ATCM45_wp015_rev2_e,2023,-1,0.7653114795684814,ATCM45_wp015_rev2_e,2023,-1,0.9392704
Decision 771,Decision,2022,4,ATCM36_wp031_e,2013,9,0.7464396953582764,ATCM36_wp031_e,2013,9,0.9287585
Decision 771,Decision,2022,5,ATCM35_wp047_e,2012,10,0.7301508188247681,ATCM36_wp067_e,2013,9,0.9232055
Decision 771,Decision,2022,6,ATCM38_wp005_e,2015,7,0.7125935554504395,ATCM40_wp030_e,2017,5,0.9116646
Decision 771,Decision,2022,7,ATCM40_wp030_e,2017,5,0.711066722869873,ATCM32_wp046_e,2009,13,0.86041605
Decision 771,Decision,2022,8,ATCM36_wp007_e,2013,9,0.7092088460922241,ATCM36_wp007_e,2013,9,0.83419085
Decision 771,Decision,2022,9,ATCM32_wp046_e,2009,13,0.7033872604370117,ATCM37_wp001_e,2014,8,0.8208144
Decision 771,Decision,2022,10,ATCM37_wp001_e,2014,8,0.7010239958763123,ATCM38_wp005_e,2015,7,0.80106574
Measure 823,Measure,2024,1,ATCM46_wp032_e,2024,0,0.8776410818099976,ATCM42_wp049_e,2019,5,0.9738046
Measure 823,Measure,2024,2,ATCM42_wp049_e,2019,5,0.8750951886177063,ATCM46_wp032_e,2024,0,0.97319996
Measure 823,Measure,2024,3,ATCM36_wp060_e,2013,11,0.8746141791343689,ATCM36_wp060_e,2013,11,0.9704198
Measure 823,Measure,2024,4,ATCM31_wp007_e,2008,16,0.8124374151229858,ATCM31_wp007_e,2008,16,0.9598525
Measure 823,Measure,2024,5,ATCM39_wp026_e,2016,8,0.804747462272644,ATCM42_wp007_e,2019,5,0.91063684
Measure 823,Measure,2024,6,ATCM36_wp030_e,2013,11,0.8045308589935303,ATCM46_wp023_e,2024,0,0.88763386
Measure 823,Measure,2024,7,ATCM42_wp007_e,2019,5,0.8043620586395264,ATCM46_wp025_e,2024,0,0.8854731
Measure 823,Measure,2024,8,ATCM46_wp023_e,2024,0,0.8036143779754639,ATCM36_wp030_e,2013,11,0.8768876
Measure 823,Measure,2024,9,ATCM35_wp060_e,2012,12,0.8022736310958862,ATCM39_wp026_e,2016,8,0.87519085
Measure 823,Measure,2024,10,ATCM46_wp025_e,2024,0,0.7952373027801514,ATCM35_wp060_e,2012,12,0.84213746
Resolution 557,Resolution,2013,1,ATCM35_wp051_e,2012,1,0.9042547941207886,ATCM35_wp051_e,2012,1,0.9648021
Resolution 557,Resolution,2013,2,ATCM33_wp046_e,2010,3,0.8838917016983032,ATCM37_wp053_e,2014,-1,0.9565693
Resolution 557,Resolution,2013,3,ATCM37_wp053_e,2014,-1,0.8442193269729614,ATCM33_wp046_e,2010,3,0.9555851
Resolution 557,Resolution,2013,4,ATCM36_wp025_e,2013,0,0.8403626680374146,ATCM36_wp025_e,2013,0,0.9501526
Resolution 557,Resolution,2013,5,ATCM35_wp049_e,2012,1,0.8185017108917236,ATCM35_wp049_e,2012,1,0.9402653
Resolution 557,Resolution,2013,6,ATCM31_wp020_e,2008,5,0.8060906529426575,ATCM31_wp020_e,2008,5,0.93746316
Resolution 557,Resolution,2013,7,ATCM31_wp033_e,2008,5,0.794217586517334,ATCM36_wp034_e,2013,0,0.93489623
Resolution 557,Resolution,2013,8,ATCM33_wp069_e,2010,3,0.7928338050842285,ATCM31_wp033_e,2008,5,0.9229976
Resolution 557,Resolution,2013,9,ATCM36_wp034_e,2013,0,0.7921876907348633,ATCM33_wp069_e,2010,3,0.9130288
Resolution 557,Resolution,2013,10,ATCM33_wp001_e,2010,3,0.7826820015907288,ATCM33_wp001_e,2010,3,0.86753035
Resolution 852,Resolution,2025,1,ATCM43_wp011_e,2021,4,0.794283390045166,ATCM43_wp011_e,2021,4,0.9586308
Resolution 852,Resolution,2025,2,ATCM32_wp009_e,2009,16,0.7723396420478821,ATCM18_wp019_e,1994,31,0.9459213
Resolution 852,Resolution,2025,3,ATCM33_wp049_e,2010,15,0.7718461155891418,ATCM18_wp009_e,1994,31,0.9333337
Resolution 852,Resolution,2025,4,ATCM46_wp052_e,2024,1,0.7587593793869019,ATCM46_wp052_e,2024,1,0.9078977
Resolution 852,Resolution,2025,5,ATCM42_wp051_e,2019,6,0.7468295097351074,ATCM32_wp009_e,2009,16,0.8988908
Resolution 852,Resolution,2025,6,ATCM43_wp048_e,2021,4,0.7425823211669922,ATCM43_wp048_e,2021,4,0.8988021
Resolution 852,Resolution,2025,7,ATCM28_wp031_e,2005,20,0.7358454465866089,ATCM33_wp049_e,2010,15,0.8832763
Resolution 852,Resolution,2025,8,ATCM18_wp019_e,1994,31,0.7351581454277039,ATCM42_wp051_e,2019,6,0.8804275
Resolution 852,Resolution,2025,9,ATCM18_wp009_e,1994,31,0.7347617149353027,ATCM16_wp029_e,1991,34,0.8756169
Resolution 852,Resolution,2025,10,ATCM16_wp029_e,1991,34,0.7329537868499756,ATCM28_wp031_e,2005,20,0.8710806
Decision 833,Decision,2024,1,ATCM27_wp030_rev1_e,2004,20,0.8259947299957275,ATCM26_wp005_e,2003,21,0.925594
Decision 833,Decision,2024,2,ATCM26_wp011_e,2003,21,0.8053372502326965,ATCM26_wp011_e,2003,21,0.9221254
Decision 833,Decision,2024,3,ATCM26_wp005_e,2003,21,0.7615944743156433,ATCM27_wp030_rev1_e,2004,20,0.914703
Decision 833,Decision,2024,4,ATCM25_wp049_e,2002,22,0.7410542964935303,ATCM24_wp037_e,2001,23,0.9127424
Decision 833,Decision,2024,5,ATCM18_wp008_e,1994,30,0.7403757572174072,ATCM27_wp029_e,2004,20,0.90822387
Decision 833,Decision,2024,6,ATCM27_wp029_e,2004,20,0.7358638644218445,ATCM25_wp046_e,2002,22,0.902214
Decision 833,Decision,2024,7,ATCM24_wp037_e,2001,23,0.7336961627006531,ATCM25_wp049_e,2002,22,0.8955592
Decision 833,Decision,2024,8,ATCM18_wp035_e,1994,30,0.7231632471084595,ATCM25_wp044_e,2002,22,0.86662996
Decision 833,Decision,2024,9,ATCM25_wp044_e,2002,22,0.7192035913467407,ATCM18_wp008_e,1994,30,0.8650418
Decision 833,Decision,2024,10,ATCM25_wp046_e,2002,22,0.7171162962913513,ATCM18_wp035_e,1994,30,0.8029266
Measure 817,Measure,2024,1,ATCM45_wp020_e,2023,1,0.8866124153137207,ATCM31_wp009_e,2008,16,0.98873806
Measure 817,Measure,2024,2,ATCM36_wp002_e,2013,11,0.8647658824920654,ATCM45_wp020_e,2023,1,0.9839462
Measure 817,Measure,2024,3,ATCM41_wp002_e,2018,6,0.8528670072555542,ATCM36_wp002_e,2013,11,0.98198617
Measure 817,Measure,2024,4,ATCM31_wp009_e,2008,16,0.8139252662658691,ATCM46_wp051_e,2024,0,0.97963655
Measure 817,Measure,2024,5,ATCM38_wp026_e,2015,9,0.8117853403091431,ATCM41_wp002_e,2018,6,0.9414607
Measure 817,Measure,2024,6,ATCM36_wp059_e,2013,11,0.8079431056976318,ATCM38_wp026_e,2015,9,0.92978543
Measure 817,Measure,2024,7,ATCM46_wp051_e,2024,0,0.8061590194702148,ATCM36_wp059_e,2013,11,0.9087111
Measure 817,Measure,2024,8,ATCM46_wp023_e,2024,0,0.8040523529052734,ATCM35_wp044_e,2012,12,0.90627223
Measure 817,Measure,2024,9,ATCM24_wp033_e,2001,23,0.8038114905357361,ATCM46_wp023_e,2024,0,0.9016092
Measure 817,Measure,2024,10,ATCM35_wp044_e,2012,12,0.8029858469963074,ATCM24_wp033_e,2001,23,0.89959866
Measure 825,Measure,2024,1,ATCM42_wp007_e,2019,5,0.8965184688568115,ATCM42_wp007_e,2019,5,0.9845517
Measure 825,Measure,2024,2,ATCM36_wp056_e,2013,11,0.8406068682670593,ATCM46_wp053_e,2024,0,0.9766336
Measure 825,Measure,2024,3,ATCM46_wp053_e,2024,0,0.8343353867530823,ATCM36_wp056_e,2013,11,0.9304203
Measure 825,Measure,2024,4,ATCM35_wp040_e,2012,12,0.8118774890899658,ATCM35_wp040_e,2012,12,0.91959924
Measure 825,Measure,2024,5,ATCM38_wp026_e,2015,9,0.8108027577400208,ATCM38_wp026_e,2015,9,0.91608334
Measure 825,Measure,2024,6,ATCM42_wp049_e,2019,5,0.801302433013916,ATCM46_wp023_e,2024,0,0.8936255
Measure 825,Measure,2024,7,ATCM46_wp023_e,2024,0,0.8007878065109253,ATCM42_wp049_e,2019,5,0.89231884
Measure 825,Measure,2024,8,ATCM35_wp060_e,2012,12,0.794061541557312,ATCM36_wp060_e,2013,11,0.88763386
Measure 825,Measure,2024,9,ATCM35_wp061_e,2012,12,0.792648196220398,ATCM35_wp061_e,2012,12,0.8590027
Measure 825,Measure,2024,10,ATCM36_wp060_e,2013,11,0.7919347286224365,ATCM35_wp060_e,2012,12,0.84877175
Measure 595,Measure,2015,1,ATCM38_wp003_e,2015,0,0.8782244920730591,ATCM38_wp003_e,2015,0,0.97868
Measure 595,Measure,2015,2,ATCM44_wp006_e,2022,-7,0.8263338804244995,ATCM32_wp020_e,2009,6,0.96686405
Measure 595,Measure,2015,3,ATCM32_wp020_e,2009,6,0.821880042552948,ATCM46_wp055_e,2024,-9,0.96219295
Measure 595,Measure,2015,4,ATCM35_wp044_e,2012,3,0.8059768676757812,ATCM44_wp006_e,2022,-7,0.9616204
Measure 595,Measure,2015,5,ATCM37_wp054_e,2014,1,0.8026554584503174,ATCM37_wp054_e,2014,1,0.9098589
Measure 595,Measure,2015,6,ATCM35_wp060_e,2012,3,0.8021576404571533,ATCM36_wp059_e,2013,2,0.9025151
Measure 595,Measure,2015,7,ATCM35_wp058_e,2012,3,0.8002468347549438,ATCM35_wp044_e,2012,3,0.9004773
Measure 595,Measure,2015,8,ATCM36_wp059_e,2013,2,0.7992719411849976,ATCM46_wp023_e,2024,-9,0.8969214
Measure 595,Measure,2015,9,ATCM46_wp023_e,2024,-9,0.7991528511047363,ATCM35_wp060_e,2012,3,0.8762537
Measure 595,Measure,2015,10,ATCM46_wp055_e,2024,-9,0.7986794114112854,ATCM35_wp058_e,2012,3,0.8704211
Decision 843,Decision,2025,1,ATCM21_wp001_e,1997,28,0.820581316947937,ATCM27_wp048_rev1_e,2004,21,0.9580066
Decision 843,Decision,2025,2,ATCM27_wp008_e,2004,21,0.793128490447998,ATCM1_wp002_e,1961,64,0.95769125
Decision 843,Decision,2025,3,ATCM36_wp040_e,2013,12,0.7928040027618408,ATCM21_wp001_e,1997,28,0.93665683
Decision 843,Decision,2025,4,ATCM21_wp033_e,1997,28,0.783288836479187,ATCM26_wp040_e,2003,22,0.929466
Decision 843,Decision,2025,5,ATCM21_wp024_e,1997,28,0.775934100151062,ATCM36_wp040_e,2013,12,0.89637846
Decision 843,Decision,2025,6,ATCM1_wp002_e,1961,64,0.7642531394958496,ATCM27_wp008_e,2004,21,0.89099807
Decision 843,Decision,2025,7,ATCM26_wp040_e,2003,22,0.7619074583053589,ATCM21_wp033_e,1997,28,0.88347745
Decision 843,Decision,2025,8,ATCM10_wp015_e,1979,46,0.7615083456039429,ATCM21_wp024_e,1997,28,0.8670808
Decision 843,Decision,2025,9,ATCM27_wp048_rev1_e,2004,21,0.7596869468688965,ATCM2_wp001_e,1962,63,0.84877175
Decision 843,Decision,2025,10,ATCM2_wp001_e,1962,63,0.7500590085983276,ATCM10_wp015_e,1979,46,0.79981786
Decision 803,Decision,2023,1,ATCM35_wp030_e,2012,11,0.8508155345916748,ATCM35_wp030_e,2012,11,0.9661048
Decision 803,Decision,2023,2,ATCM36_wp067_e,2013,10,0.7860584259033203,ATCM35_wp047_e,2012,11,0.94135296
Decision 803,Decision,2023,3,ATCM45_wp015_rev2_e,2023,0,0.7659986615180969,ATCM45_wp015_rev2_e,2023,0,0.938373
Decision 803,Decision,2023,4,ATCM36_wp031_e,2013,10,0.7480887174606323,ATCM36_wp031_e,2013,10,0.92978543
Decision 803,Decision,2023,5,ATCM35_wp047_e,2012,11,0.7303328514099121,ATCM36_wp067_e,2013,10,0.9238263
Decision 803,Decision,2023,6,ATCM40_wp030_e,2017,6,0.7093926072120667,ATCM40_wp030_e,2017,6,0.91135937
Decision 803,Decision,2023,7,ATCM38_wp005_e,2015,8,0.7092198133468628,ATCM32_wp046_e,2009,14,0.8590027
Decision 803,Decision,2023,8,ATCM36_wp007_e,2013,10,0.7044391632080078,ATCM36_wp007_e,2013,10,0.8314717
Decision 803,Decision,2023,9,ATCM32_wp046_e,2009,14,0.6985722184181213,ATCM37_wp001_e,2014,9,0.8208144
Decision 803,Decision,2023,10,ATCM37_wp001_e,2014,9,0.696517825126648,ATCM38_wp005_e,2015,8,0.7985641
Measure 819,Measure,2024,1,ATCM32_wp042_e,2009,15,0.8846464157104492,ATCM46_wp039_e,2024,0,0.9773362
Measure 819,Measure,2024,2,ATCM42_wp040_e,2019,5,0.8537040948867798,ATCM42_wp040_e,2019,5,0.97400314
Measure 819,Measure,2024,3,ATCM37_wp011_e,2014,10,0.8399486541748047,ATCM32_wp042_e,2009,15,0.962617
Measure 819,Measure,2024,4,ATCM46_wp039_e,2024,0,0.8297780752182007,ATCM27_wp024_rev1_e,2004,20,0.9620506
Measure 819,Measure,2024,5,ATCM36_wp059_e,2013,11,0.8141777515411377,ATCM37_wp011_e,2014,10,0.9620506
Measure 819,Measure,2024,6,ATCM35_wp060_e,2012,12,0.8012179136276245,ATCM36_wp059_e,2013,11,0.9035413
Measure 819,Measure,2024,7,ATCM35_wp044_e,2012,12,0.8008140325546265,ATCM35_wp044_e,2012,12,0.90134907
Measure 819,Measure,2024,8,ATCM27_wp024_rev1_e,2004,20,0.7978081703186035,ATCM46_wp023_e,2024,0,0.8956505
Measure 819,Measure,2024,9,ATCM46_wp023_e,2024,0,0.7952731251716614,ATCM35_wp061_e,2012,12,0.88685226
Measure 819,Measure,2024,10,ATCM35_wp061_e,2012,12,0.7942509651184082,ATCM35_wp060_e,2012,12,0.8736898
Decision 699,Decision,2019,1,ATCM42_wp051_e,2019,0,0.9192116260528564,ATCM42_wp051_e,2019,0,0.97750866
Decision 699,Decision,2019,2,ATCM43_wp048_e,2021,-2,0.8811054229736328,ATCM43_wp048_e,2021,-2,0.9692777
Decision 699,Decision,2019,3,ATCM17_wp002_e,1992,27,0.8584671020507812,ATCM18_wp018_e,1994,25,0.92586255
Decision 699,Decision,2019,4,ATCM18_wp018_e,1994,25,0.8540445566177368,ATCM16_wp029_e,1991,28,0.9233438
Decision 699,Decision,2019,5,ATCM18_wp009_e,1994,25,0.8424767255783081,ATCM17_wp014_e,1992,27,0.9230669
Decision 699,Decision,2019,6,ATCM17_wp014_e,1992,27,0.8407188653945923,ATCM16_wp041_e,1991,28,0.92138594
Decision 699,Decision,2019,7,ATCM17_wp001_e,1992,27,0.8317010402679443,ATCM18_wp009_e,1994,25,0.9179595
Decision 699,Decision,2019,8,ATCM16_wp029_e,1991,28,0.829432487487793,ATCM17_wp002_e,1992,27,0.91518754
Decision 699,Decision,2019,9,ATCM16_wp041_e,1991,28,0.8275070786476135,ATCM17_wp001_e,1992,27,0.9058983
Decision 699,Decision,2019,10,ATCM15_wp033_e,1989,30,0.8261252641677856,ATCM15_wp033_e,1989,30,0.90568995
Recommendation 145,Recommendation,1985,1,ATCM13_wp031_e,1985,0,0.9442869424819946,ATCM15_wp070_rev1_e,1989,-4,0.92991287
Recommendation 145,Recommendation,1985,2,ATCM13_wp034_e,1985,0,0.8091491460800171,ATCM16_wp056_e,1991,-6,0.91303366
Recommendation 145,Recommendation,1985,3,ATCM17_wp033_e,1992,-7,0.7949110269546509,ATCM17_wp033_e,1992,-7,0.91011894
Recommendation 145,Recommendation,1985,4,ATCM14_wp009_e,1987,-2,0.7826195955276489,ATCM14_wp009_e,1987,-2,0.90993905
Recommendation 145,Recommendation,1985,5,ATCM11_wp005_e,1981,4,0.7775499820709229,ATCM16_wp011_e,1991,-6,0.90514636
Recommendation 145,Recommendation,1985,6,ATCM15_wp070_rev1_e,1989,-4,0.7679235935211182,ATCM13_wp034_e,1985,0,0.89297384
Recommendation 145,Recommendation,1985,7,ATCM16_wp056_e,1991,-6,0.7635725736618042,ATCM13_wp031_e,1985,0,0.8842793
Recommendation 145,Recommendation,1985,8,ATCM12_wp026_e,1983,2,0.76028972864151,ATCM12_wp008_e,1983,2,0.8314717
Recommendation 145,Recommendation,1985,9,ATCM12_wp008_e,1983,2,0.7594168186187744,ATCM12_wp026_e,1983,2,0.82480085
Recommendation 145,Recommendation,1985,10,ATCM16_wp011_e,1991,-6,0.7584515810012817,ATCM11_wp005_e,1981,4,0.7783799
Resolution 659,Resolution,2017,1,ATCM40_wp016_e,2017,0,0.905075192451477,ATCM40_wp016_e,2017,0,0.9869594
Resolution 659,Resolution,2017,2,ATCM20_wp016_e,1996,21,0.852704644203186,ATCM37_wp033_e,2014,3,0.9530308
Resolution 659,Resolution,2017,3,ATCM39_wp006_e,2016,1,0.8223114609718323,ATCM34_wp061_rev1_e,2011,6,0.9380332
Resolution 659,Resolution,2017,4,ATCM34_wp057_e,2011,6,0.8146750926971436,ATCM39_wp006_e,2016,1,0.93677264
Resolution 659,Resolution,2017,5,ATCM37_wp033_e,2014,3,0.811516523361206,ATCM34_wp057_e,2011,6,0.9172211
Resolution 659,Resolution,2017,6,ATCM33_wp010_e,2010,7,0.8073594570159912,ATCM33_wp050_e,2010,7,0.91647667
Resolution 659,Resolution,2017,7,ATCM34_wp061_rev1_e,2011,6,0.7933957576751709,ATCM33_wp010_e,2010,7,0.9162146
Resolution 659,Resolution,2017,8,ATCM22_wp005_e,1998,19,0.7919850945472717,ATCM22_wp005_e,1998,19,0.902214
Resolution 659,Resolution,2017,9,ATCM16_wp001_e,1991,26,0.7888392210006714,ATCM20_wp016_e,1996,21,0.8941811
Resolution 659,Resolution,2017,10,ATCM33_wp050_e,2010,7,0.7875809669494629,ATCM16_wp001_e,1991,26,0.8852749
Measure 667,Measure,2018,1,ATCM36_wp011_e,2013,5,0.8824905157089233,ATCM36_wp011_e,2013,5,0.9776798
Measure 667,Measure,2018,2,ATCM41_wp006_e,2018,0,0.879793643951416,ATCM45_wp005_e,2023,-5,0.97319996
Measure 667,Measure,2018,3,ATCM45_wp005_e,2023,-5,0.871961236000061,ATCM41_wp006_e,2018,0,0.9710852
Measure 667,Measure,2018,4,ATCM28_wp042_e,2005,13,0.7953068614006042,ATCM28_wp042_e,2005,13,0.9274553
Measure 667,Measure,2018,5,ATCM35_wp044_e,2012,6,0.7950419187545776,ATCM35_wp044_e,2012,6,0.90396607
Measure 667,Measure,2018,6,ATCM44_wp043_e,2022,-4,0.7943903207778931,ATCM44_wp040_e,2022,-4,0.89427346
Measure 667,Measure,2018,7,ATCM35_wp058_e,2012,6,0.794007420539856,ATCM44_wp043_e,2022,-4,0.8930671
Measure 667,Measure,2018,8,ATCM44_wp040_e,2022,-4,0.7936071157455444,ATCM43_wp020_e,2021,-3,0.8895672
Measure 667,Measure,2018,9,ATCM43_wp020_e,2021,-3,0.7933012247085571,ATCM43_wp022_e,2021,-3,0.8781472
Measure 667,Measure,2018,10,ATCM43_wp022_e,2021,-3,0.7919089794158936,ATCM35_wp058_e,2012,6,0.87497735
Measure 672,Measure,2018,1,ATCM45_wp024_e,2023,-5,0.9014636278152466,ATCM41_wp010_e,2018,0,0.9845517
Measure 672,Measure,2018,2,ATCM41_wp010_e,2018,0,0.88054358959198,ATCM45_wp024_e,2023,-5,0.9826643
Measure 672,Measure,2018,3,ATCM39_wp027_e,2016,2,0.8310534954071045,ATCM34_wp010_e,2011,7,0.9455202
Measure 672,Measure,2018,4,ATCM35_wp041_e,2012,6,0.8301562070846558,ATCM38_wp008_e,2015,3,0.9371187
Measure 672,Measure,2018,5,ATCM43_wp045_e,2021,-3,0.8297998905181885,ATCM35_wp041_e,2012,6,0.9340591
Measure 672,Measure,2018,6,ATCM38_wp008_e,2015,3,0.8236576914787292,ATCM39_wp027_e,2016,2,0.8979998
Measure 672,Measure,2018,7,ATCM34_wp033_e,2011,7,0.8044875264167786,ATCM43_wp045_e,2021,-3,0.88975894
Measure 672,Measure,2018,8,ATCM46_wp023_e,2024,-6,0.7916550040245056,ATCM34_wp033_e,2011,7,0.8880229
Measure 672,Measure,2018,9,ATCM35_wp058_e,2012,6,0.7886197566986084,ATCM46_wp023_e,2024,-6,0.8858686
Measure 672,Measure,2018,10,ATCM34_wp010_e,2011,7,0.7871657013893127,ATCM35_wp058_e,2012,6,0.84004915
Measure 767,Measure,2022,1,ATCM44_wp019_e,2022,0,0.8875059485435486,ATCM44_wp019_e,2022,0,0.9780182
Measure 767,Measure,2022,2,ATCM38_wp011_e,2015,7,0.8674333095550537,ATCM38_wp011_e,2015,7,0.97478276
Measure 767,Measure,2022,3,ATCM33_wp038_e,2010,12,0.8366933465003967,ATCM28_wp036_e,2005,17,0.9627573
Measure 767,Measure,2022,4,ATCM28_wp036_e,2005,17,0.824020504951477,ATCM33_wp038_e,2010,12,0.9586308
Measure 767,Measure,2022,5,ATCM27_wp027_rev1_e,2004,18,0.8181385397911072,ATCM27_wp027_rev1_e,2004,18,0.95491725
Measure 767,Measure,2022,6,ATCM47_wp009_e,2025,-3,0.790772020816803,ATCM28_wp042_e,2005,17,0.9209605
Measure 767,Measure,2022,7,ATCM46_wp023_e,2024,-2,0.7820228934288025,ATCM47_wp009_e,2025,-3,0.9160082
Measure 767,Measure,2022,8,ATCM28_wp042_e,2005,17,0.7815060019493103,ATCM38_wp026_e,2015,7,0.90685123
Measure 767,Measure,2022,9,ATCM38_wp026_e,2015,7,0.7761495113372803,ATCM38_wp041_e,2015,7,0.88267076
Measure 767,Measure,2022,10,ATCM38_wp041_e,2015,7,0.77475905418396,ATCM46_wp023_e,2024,-2,0.87604177
Resolution 849,Resolution,2025,1,ATCM46_wp052_e,2024,1,0.8522210121154785,ATCM46_wp052_e,2024,1,0.9530308
Resolution 849,Resolution,2025,2,ATCM47_wp021_rev1_e,2025,0,0.8485690355300903,ATCM47_wp021_rev1_e,2025,0,0.9497813
Resolution 849,Resolution,2025,3,ATCM28_wp031_e,2005,20,0.8399893641471863,ATCM28_wp031_e,2005,20,0.9434727
Resolution 849,Resolution,2025,4,ATCM41_wp032_e,2018,7,0.8239585161209106,ATCM42_wp054_e,2019,6,0.94305456
Resolution 849,Resolution,2025,5,ATCM42_wp054_e,2019,6,0.8233175277709961,ATCM41_wp032_e,2018,7,0.935958
Resolution 849,Resolution,2025,6,ATCM36_wp015_e,2013,12,0.8200124502182007,ATCM27_wp026_e,2004,21,0.9346581
Resolution 849,Resolution,2025,7,ATCM27_wp026_e,2004,21,0.8149541020393372,ATCM36_wp015_e,2013,12,0.92672926
Resolution 849,Resolution,2025,8,ATCM29_wp001_e,2006,19,0.8128743171691895,ATCM36_wp020_e,2013,12,0.92491853
Resolution 849,Resolution,2025,9,ATCM36_wp020_e,2013,12,0.8118041753768921,ATCM29_wp001_e,2006,19,0.91836315
Resolution 849,Resolution,2025,10,ATCM29_wp002_e,2006,19,0.8054506778717041,ATCM29_wp002_e,2006,19,0.9153579
Recommendation 84,Recommendation,1970,1,ATCM6_wp026_e,1970,0,0.8923470973968506,ATCM6_wp026_e,1970,0,0.95541906
Recommendation 84,Recommendation,1970,2,ATCM4_wp003_e,1966,4,0.841105580329895,ATCM8_wp008_e,1975,-5,0.9514318
Recommendation 84,Recommendation,1970,3,ATCM6_wp013_e,1970,0,0.7905800342559814,ATCM4_wp045_rev1_e,1966,4,0.92862916
Recommendation 84,Recommendation,1970,4,ATCM2_wp018_e,1962,8,0.7702147960662842,ATCM6_wp013_e,1970,0,0.9278485
Recommendation 84,Recommendation,1970,5,ATCM4_wp030_e,1966,4,0.7645977735519409,ATCM4_wp045_e,1966,4,0.9245788
Recommendation 84,Recommendation,1970,6,ATCM6_wp013_rev1_e,1970,0,0.7629784345626831,ATCM4_wp003_e,1966,4,0.9241692
Recommendation 84,Recommendation,1970,7,ATCM4_wp045_e,1966,4,0.7608585357666016,ATCM6_wp013_rev1_e,1970,0,0.9197435
Recommendation 84,Recommendation,1970,8,ATCM4_wp045_rev1_e,1966,4,0.7574577331542969,ATCM4_wp030_e,1966,4,0.9146459
Recommendation 84,Recommendation,1970,9,ATCM5_wp010_e,1968,2,0.7567212581634521,ATCM5_wp010_e,1968,2,0.9109344
Recommendation 84,Recommendation,1970,10,ATCM8_wp008_e,1975,-5,0.7506085634231567,ATCM2_wp018_e,1962,8,0.9005648
Resolution 777,Resolution,2022,1,ATCM44_wp029_e,2022,0,0.7832317352294922,ATCM45_wp038_rev1_e,2023,-1,0.94210327
Resolution 777,Resolution,2022,2,ATCM33_wp063_e,2010,12,0.7584484815597534,ATCM33_wp063_e,2010,12,0.9295939
Resolution 777,Resolution,2022,3,ATCM31_wp035_e,2008,14,0.7471505999565125,ATCM37_wp008_e,2014,8,0.924306
Resolution 777,Resolution,2022,4,ATCM45_wp038_rev1_e,2023,-1,0.7450038194656372,ATCM44_wp029_e,2022,0,0.9213152
Resolution 777,Resolution,2022,5,ATCM38_wp016_e,2015,7,0.7401494383811951,ATCM43_wp032_e,2021,1,0.919056
Resolution 777,Resolution,2022,6,ATCM37_wp008_e,2014,8,0.7255579233169556,ATCM34_wp044_e,2011,11,0.9139716
Resolution 777,Resolution,2022,7,ATCM17_wp028_rev1_e,1992,30,0.723527193069458,ATCM38_wp016_e,2015,7,0.90212786
Resolution 777,Resolution,2022,8,ATCM8_wp009_e,1975,47,0.7188434600830078,ATCM31_wp035_e,2008,14,0.8988021
Resolution 777,Resolution,2022,9,ATCM34_wp044_e,2011,11,0.7178019285202026,ATCM8_wp009_e,1975,47,0.8287171
Resolution 777,Resolution,2022,10,ATCM43_wp032_e,2021,1,0.7135467529296875,ATCM17_wp028_rev1_e,1992,30,0.823101
nan 809,Untyped,2008,1,ATCM37_wp031_e,2014,-6,0.8225138187408447,ATCM46_wp005_e,2024,-16,0.9177387
nan 809,Untyped,2008,2,ATCM46_wp005_e,2024,-16,0.8060920238494873,ATCM42_wp020_e,2019,-11,0.9159895
nan 809,Untyped,2008,3,ATCM36_wp006_e,2013,-5,0.7991976141929626,ATCM37_wp031_e,2014,-6,0.9037114
nan 809,Untyped,2008,4,ATCM36_wp036_e,2013,-5,0.7989062070846558,ATCM36_wp006_e,2013,-5,0.9031149
nan 809,Untyped,2008,5,ATCM42_wp020_e,2019,-11,0.7984704375267029,ATCM36_wp036_e,2013,-5,0.88124746
nan 809,Untyped,2008,6,ATCM32_wp051_rev1_e,2009,-1,0.7894936800003052,ATCM45_wp047_e,2023,-15,0.87604177
nan 809,Untyped,2008,7,ATCM36_wp056_e,2013,-5,0.7885406017303467,ATCM36_wp056_e,2013,-5,0.812034
nan 809,Untyped,2008,8,ATCM38_wp026_e,2015,-7,0.7861090302467346,ATCM32_wp051_rev1_e,2009,-1,0.78766996
nan 809,Untyped,2008,9,ATCM45_wp047_e,2023,-15,0.7846099734306335,ATCM38_wp026_e,2015,-7,0.7810635
nan 809,Untyped,2008,10,ATCM34_wp047_e,2011,-3,0.7801191210746765,ATCM34_wp047_e,2011,-3,0.747321
Decision 847,Decision,2025,1,ATCM28_wp070_e,2005,20,0.9320428967475891,ATCM28_wp070_e,2005,20,0.9641328
Decision 847,Decision,2025,2,ATCM38_wp036_e,2015,10,0.8959550857543945,ATCM38_wp036_e,2015,10,0.9631751
Decision 847,Decision,2025,3,ATCM28_wp048_rev3_e,2005,20,0.8522874116897583,ATCM45_wp030_rev2_e,2023,2,0.9616204
Decision 847,Decision,2025,4,ATCM45_wp030_rev2_e,2023,2,0.8290953040122986,ATCM26_wp033_e,2003,22,0.9595504
Decision 847,Decision,2025,5,ATCM17_wp011_e,1992,33,0.8232040405273438,ATCM28_wp048_rev3_e,2005,20,0.94996727
Decision 847,Decision,2025,6,ATCM23_wp015_e,1999,26,0.821362316608429,ATCM28_wp049_e,2005,20,0.93381816
Decision 847,Decision,2025,7,ATCM17_wp008_e,1992,33,0.8207125663757324,ATCM23_wp021_e,1999,26,0.89683104
Decision 847,Decision,2025,8,ATCM28_wp049_e,2005,20,0.8188545107841492,ATCM23_wp015_e,1999,26,0.88841075
Decision 847,Decision,2025,9,ATCM23_wp021_e,1999,26,0.8183948397636414,ATCM17_wp011_e,1992,33,0.8632072
Decision 847,Decision,2025,10,ATCM26_wp033_e,2003,22,0.8180110454559326,ATCM17_wp008_e,1992,33,0.8542049
Measure 793,Measure,2023,1,ATCM36_wp030_e,2013,10,0.9105965495109558,ATCM45_wp028_rev1_e,2023,0,0.97360456
Measure 793,Measure,2023,2,ATCM45_wp028_rev1_e,2023,0,0.8907005786895752,ATCM36_wp030_e,2013,10,0.9717361
Measure 793,Measure,2023,3,ATCM41_wp015_e,2018,5,0.8552688956260681,ATCM41_wp015_e,2018,5,0.95705354
Measure 793,Measure,2023,4,ATCM31_wp025_rev1_e,2008,15,0.8384249210357666,ATCM31_wp025_rev1_e,2008,15,0.9567313
Measure 793,Measure,2023,5,ATCM38_wp026_e,2015,8,0.8165553212165833,ATCM38_wp026_e,2015,8,0.9334551
Measure 793,Measure,2023,6,ATCM46_wp023_e,2024,-1,0.8009985089302063,ATCM46_wp012_rev1_e,2024,-1,0.9215272
Measure 793,Measure,2023,7,ATCM46_wp012_rev1_e,2024,-1,0.7990670204162598,ATCM46_wp023_e,2024,-1,0.8995105
Measure 793,Measure,2023,8,ATCM35_wp019_e,2012,11,0.7986507415771484,ATCM39_wp026_e,2016,7,0.895924
Measure 793,Measure,2023,9,ATCM42_wp009_e,2019,4,0.7981078028678894,ATCM42_wp009_e,2019,4,0.8907132
Measure 793,Measure,2023,10,ATCM39_wp026_e,2016,7,0.7955543994903564,ATCM35_wp019_e,2012,11,0.87476355
Measure 729,Measure,2021,1,ATCM42_wp035_e,2019,2,0.8733878135681152,ATCM42_wp035_e,2019,2,0.9572139
Measure 729,Measure,2021,2,ATCM41_wp018_rev1_e,2018,3,0.8153338432312012,ATCM41_wp018_rev1_e,2018,3,0.91589546
Measure 729,Measure,2021,3,ATCM16_wp019_e,1991,30,0.7876362800598145,ATCM44_wp043_e,2022,-1,0.88937515
Measure 729,Measure,2021,4,ATCM36_wp063_e,2013,8,0.787030816078186,ATCM28_wp042_e,2005,16,0.8878285
Measure 729,Measure,2021,5,ATCM35_wp060_e,2012,9,0.7781378626823425,ATCM35_wp060_e,2012,9,0.8690936
Measure 729,Measure,2021,6,ATCM44_wp043_e,2022,-1,0.777779221534729,ATCM22_wp005_e,1998,23,0.8688713
Measure 729,Measure,2021,7,ATCM28_wp042_e,2005,16,0.7777453660964966,ATCM38_wp026_e,2015,6,0.8670808
Measure 729,Measure,2021,8,ATCM38_wp026_e,2015,6,0.7762280702590942,ATCM36_wp063_e,2013,8,0.8636677
Measure 729,Measure,2021,9,ATCM16_wp012_e,1991,30,0.7760975360870361,ATCM16_wp019_e,1991,30,0.86181754
Measure 729,Measure,2021,10,ATCM22_wp005_e,1998,23,0.7753382325172424,ATCM16_wp012_e,1991,30,0.8336498
Resolution 741,Resolution,2021,1,ATCM30_wp043_e,2007,14,0.8911459445953369,ATCM43_wp060_rev1_e,2021,0,0.9773362
Resolution 741,Resolution,2021,2,ATCM31_wp041_rev1_e,2008,13,0.8846127986907959,ATCM30_wp043_e,2007,14,0.967361
Resolution 741,Resolution,2021,3,ATCM32_wp003_e,2009,12,0.8626020550727844,ATCM41_wp020_e,2018,3,0.9671134
Resolution 741,Resolution,2021,4,ATCM31_wp061_e,2008,13,0.8467670679092407,ATCM31_wp041_rev1_e,2008,13,0.9641328
Resolution 741,Resolution,2021,5,ATCM41_wp020_e,2018,3,0.8293535709381104,ATCM39_wp005_e,2016,5,0.9586308
Resolution 741,Resolution,2021,6,ATCM39_wp005_e,2016,5,0.8232269883155823,ATCM22_wp005_e,1998,23,0.8939036
Resolution 741,Resolution,2021,7,ATCM30_wp038_e,2007,14,0.8223226070404053,ATCM30_wp038_e,2007,14,0.89033234
Resolution 741,Resolution,2021,8,ATCM43_wp060_rev1_e,2021,0,0.8099762797355652,ATCM31_wp061_e,2008,13,0.88879734
Resolution 741,Resolution,2021,9,ATCM22_wp005_e,1998,23,0.806334912776947,ATCM16_wp001_e,1991,30,0.8622821
Resolution 741,Resolution,2021,10,ATCM16_wp001_e,1991,30,0.8060823678970337,ATCM32_wp003_e,2009,12,0.86088455
Decision 801,Decision,2023,1,ATCM30_wp044_e,2007,16,0.9073044061660767,ATCM30_wp044_e,2007,16,0.93381816
Decision 801,Decision,2023,2,ATCM28_wp068_e,2005,18,0.8743115067481995,ATCM26_wp011_e,2003,20,0.933212
Decision 801,Decision,2023,3,ATCM26_wp011_e,2003,20,0.8111427426338196,ATCM28_wp068_e,2005,18,0.9311125
Decision 801,Decision,2023,4,ATCM26_wp005_e,2003,20,0.7294528484344482,ATCM26_wp005_e,2003,20,0.9274553
Decision 801,Decision,2023,5,ATCM27_wp030_rev1_e,2004,19,0.7107955813407898,ATCM24_wp037_e,2001,22,0.8732581
Decision 801,Decision,2023,6,ATCM18_wp008_e,1994,29,0.7074210047721863,ATCM25_wp049_e,2002,21,0.8303741
Decision 801,Decision,2023,7,ATCM25_wp044_e,2002,21,0.7071547508239746,ATCM25_wp044_e,2002,21,0.8298232
Decision 801,Decision,2023,8,ATCM24_wp037_e,2001,22,0.7051442861557007,ATCM27_wp030_rev1_e,2004,19,0.8242356
Decision 801,Decision,2023,9,ATCM25_wp049_e,2002,21,0.6961988210678101,ATCM27_wp047_rev1_e,2004,19,0.80415994
Decision 801,Decision,2023,10,ATCM27_wp047_rev1_e,2004,19,0.6894266605377197,ATCM18_wp008_e,1994,29,0.7889737
Measure 789,Measure,2023,1,ATCM35_wp061_e,2012,11,0.8767188787460327,ATCM45_wp050_e,2023,0,0.9708651
Measure 789,Measure,2023,2,ATCM41_wp011_e,2018,5,0.8489701747894287,ATCM35_wp061_e,2012,11,0.96686405
Measure 789,Measure,2023,3,ATCM45_wp050_e,2023,0,0.835206151008606,ATCM41_wp011_e,2018,5,0.9598525
Measure 789,Measure,2023,4,ATCM35_wp060_e,2012,11,0.8202743530273438,ATCM14_wp035_e,1987,36,0.92599654
Measure 789,Measure,2023,5,ATCM14_wp035_e,1987,36,0.7947461605072021,ATCM35_wp054_e,2012,11,0.88704807
Measure 789,Measure,2023,6,ATCM29_wp029_e,2006,17,0.7886897325515747,ATCM43_wp039_rev1_e,2021,2,0.87898064
Measure 789,Measure,2023,7,ATCM35_wp054_e,2012,11,0.7855727076530457,ATCM35_wp060_e,2012,11,0.87129974
Measure 789,Measure,2023,8,ATCM43_wp039_rev1_e,2021,2,0.7845454216003418,ATCM36_wp059_e,2013,10,0.8613517
Measure 789,Measure,2023,9,ATCM36_wp059_e,2013,10,0.7787157893180847,ATCM35_wp058_e,2012,11,0.8585289
Measure 789,Measure,2023,10,ATCM35_wp058_e,2012,11,0.7774835228919983,ATCM29_wp029_e,2006,17,0.8507664
Measure 761,Measure,2022,1,ATCM44_wp032_e,2022,0,0.8913475275039673,ATCM29_wp024_e,2006,16,0.97948
Measure 761,Measure,2022,2,ATCM39_wp040_e,2016,6,0.8515373468399048,ATCM39_wp040_e,2016,6,0.9778496
Measure 761,Measure,2022,3,ATCM29_wp024_e,2006,16,0.8455685377120972,ATCM34_wp058_e,2011,11,0.9762744
Measure 761,Measure,2022,4,ATCM34_wp058_e,2011,11,0.8287298679351807,ATCM44_wp032_e,2022,0,0.9760927
Measure 761,Measure,2022,5,ATCM35_wp058_e,2012,10,0.7973067760467529,ATCM38_wp026_e,2015,7,0.9164206
Measure 761,Measure,2022,6,ATCM36_wp059_e,2013,9,0.7949363589286804,ATCM36_wp059_e,2013,9,0.907345
Measure 761,Measure,2022,7,ATCM37_wp054_e,2014,8,0.7944316864013672,ATCM35_wp044_e,2012,10,0.9031149
Measure 761,Measure,2022,8,ATCM35_wp044_e,2012,10,0.7903866767883301,ATCM37_wp054_e,2014,8,0.9005648
Measure 761,Measure,2022,9,ATCM35_wp060_e,2012,10,0.78966224193573,ATCM35_wp060_e,2012,10,0.8690936
Measure 761,Measure,2022,10,ATCM38_wp026_e,2015,7,0.7883359789848328,ATCM35_wp058_e,2012,10,0.8542049
Measure 627,Measure,2016,1,ATCM34_wp006_e,2011,5,0.880500853061676,ATCM44_wp002_e,2022,-6,0.9841912
Measure 627,Measure,2016,2,ATCM39_wp002_e,2016,0,0.869692862033844,ATCM39_wp002_e,2016,0,0.983445
Measure 627,Measure,2016,3,ATCM44_wp002_e,2022,-6,0.8628817796707153,ATCM34_wp006_e,2011,5,0.9833174
Measure 627,Measure,2016,4,ATCM45_wp045_e,2023,-7,0.8259633779525757,ATCM45_wp045_e,2023,-7,0.981138
Measure 627,Measure,2016,5,ATCM35_wp060_e,2012,4,0.8176038265228271,ATCM38_wp026_e,2015,1,0.91640186
Measure 627,Measure,2016,6,ATCM35_wp061_e,2012,4,0.8150857090950012,ATCM36_wp059_e,2013,3,0.90493655
Measure 627,Measure,2016,7,ATCM36_wp059_e,2013,3,0.8142595291137695,ATCM44_wp046_e,2022,-6,0.89737195
Measure 627,Measure,2016,8,ATCM44_wp046_e,2022,-6,0.8121131062507629,ATCM35_wp061_e,2012,4,0.8804275
Measure 627,Measure,2016,9,ATCM38_wp026_e,2015,1,0.8110790848731995,ATCM35_wp060_e,2012,4,0.87239087
Measure 627,Measure,2016,10,ATCM35_wp058_e,2012,4,0.8107446432113647,ATCM35_wp058_e,2012,4,0.86953735
Resolution 807,Resolution,2023,1,ATCM45_wp055_e,2023,0,0.9381430149078369,ATCM45_wp055_e,2023,0,0.98655105
Resolution 807,Resolution,2023,2,ATCM39_wp038_e,2016,7,0.9129990935325623,ATCM39_wp038_e,2016,7,0.97516406
Resolution 807,Resolution,2023,3,ATCM22_wp022_e,1998,25,0.8331806659698486,ATCM22_wp022_e,1998,25,0.9148363
Resolution 807,Resolution,2023,4,ATCM10_wp030_e,1979,44,0.819659948348999,ATCM9_wp080_e,1977,46,0.9015226
Resolution 807,Resolution,2023,5,ATCM9_wp078_e,1977,46,0.8169646859169006,ATCM7_wp048_e,1972,51,0.8988908
Resolution 807,Resolution,2023,6,ATCM7_wp017_rev1_e,1972,51,0.8123935461044312,ATCM7_wp017_rev1_e,1972,51,0.89297384
Resolution 807,Resolution,2023,7,ATCM9_wp080_e,1977,46,0.8121141195297241,ATCM7_wp050_e,1972,51,0.8915658
Resolution 807,Resolution,2023,8,ATCM7_wp048_e,1972,51,0.8039119839668274,ATCM8_wp023_e,1975,48,0.89099807
Resolution 807,Resolution,2023,9,ATCM8_wp023_e,1975,48,0.7986263036727905,ATCM9_wp078_e,1977,46,0.88879734
Resolution 807,Resolution,2023,10,ATCM7_wp050_e,1972,51,0.7983015775680542,ATCM10_wp030_e,1979,44,0.8693157
Measure 841,Measure,2025,1,ATCM47_wp011_e,2025,0,0.8819700479507446,ATCM47_wp011_e,2025,0,0.9815669
Measure 841,Measure,2025,2,ATCM31_wp031_e,2008,17,0.8184848427772522,ATCM36_wp036_e,2013,12,0.9545797
Measure 841,Measure,2025,3,ATCM35_wp044_e,2012,13,0.8151172995567322,ATCM31_wp031_e,2008,17,0.9453187
Measure 841,Measure,2025,4,ATCM36_wp036_e,2013,12,0.8112403750419617,ATCM46_wp026_e,2024,1,0.91821665
Measure 841,Measure,2025,5,ATCM46_wp023_e,2024,1,0.8070802688598633,ATCM46_wp027_e,2024,1,0.9146459
Measure 841,Measure,2025,6,ATCM35_wp060_e,2012,13,0.8060235381126404,ATCM45_wp054_rev1_e,2023,2,0.9106766
Measure 841,Measure,2025,7,ATCM36_wp059_e,2013,12,0.8013817071914673,ATCM36_wp059_e,2013,12,0.90568995
Measure 841,Measure,2025,8,ATCM46_wp026_e,2024,1,0.7991662621498108,ATCM35_wp044_e,2012,13,0.90396607
Measure 841,Measure,2025,9,ATCM46_wp027_e,2024,1,0.7977009415626526,ATCM46_wp023_e,2024,1,0.8991568
Measure 841,Measure,2025,10,ATCM45_wp054_rev1_e,2023,2,0.7938659191131592,ATCM35_wp060_e,2012,13,0.88063294
Measure 829,Measure,2024,1,ATCM44_wp006_e,2022,2,0.8494724035263062,ATCM44_wp006_e,2022,2,0.9749741
Measure 829,Measure,2024,2,ATCM38_wp003_e,2015,9,0.8460487127304077,ATCM46_wp055_e,2024,0,0.9695095
Measure 829,Measure,2024,3,ATCM38_wp004_e,2015,9,0.8244556784629822,ATCM26_wp007_rev2_e,2003,21,0.9567313
Measure 829,Measure,2024,4,ATCM26_wp007_rev2_e,2003,21,0.8202428817749023,ATCM25_wp018_e,2002,22,0.9463195
Measure 829,Measure,2024,5,ATCM35_wp060_e,2012,12,0.8078007102012634,ATCM38_wp003_e,2015,9,0.9455202
Measure 829,Measure,2024,6,ATCM46_wp055_e,2024,0,0.8068674802780151,ATCM38_wp004_e,2015,9,0.94284445
Measure 829,Measure,2024,7,ATCM25_wp018_e,2002,22,0.8065228462219238,ATCM16_wp018_e,1991,33,0.93971455
Measure 829,Measure,2024,8,ATCM16_wp018_e,1991,33,0.79994797706604,ATCM35_wp061_e,2012,12,0.89537644
Measure 829,Measure,2024,9,ATCM35_wp061_e,2012,12,0.7990727424621582,ATCM35_wp060_e,2012,12,0.88841075
Measure 829,Measure,2024,10,ATCM35_wp058_e,2012,12,0.7923852801322937,ATCM35_wp058_e,2012,12,0.88763386
Resolution 269,Resolution,1999,1,ATCM30_wp014_rev1_e,2007,-8,0.7938814163208008,ATCM30_wp014_rev1_e,2007,-8,0.93223155
Resolution 269,Resolution,1999,2,ATCM18_wp018_e,1994,5,0.7835502028465271,ATCM31_wp022_e,2008,-9,0.92856437
Resolution 269,Resolution,1999,3,ATCM17_wp002_e,1992,7,0.781897783279419,ATCM17_wp006_e,1992,7,0.9281748
Resolution 269,Resolution,1999,4,ATCM16_wp041_e,1991,8,0.7747368216514587,ATCM18_wp018_e,1994,5,0.90108824
Resolution 269,Resolution,1999,5,ATCM17_wp006_e,1992,7,0.769564688205719,ATCM16_wp041_e,1991,8,0.8982678
Resolution 269,Resolution,1999,6,ATCM16_wp048_e,1991,8,0.7664213180541992,ATCM17_wp002_e,1992,7,0.8976414
Resolution 269,Resolution,1999,7,ATCM31_wp022_e,2008,-9,0.7650388479232788,ATCM7_wp051_rev1_e,1972,27,0.8962877
Resolution 269,Resolution,1999,8,ATCM16_wp002_e,1991,8,0.7615281343460083,ATCM17_wp001_e,1992,7,0.88267076
Resolution 269,Resolution,1999,9,ATCM7_wp051_rev1_e,1972,27,0.7615029811859131,ATCM16_wp048_e,1991,8,0.8822656
Resolution 269,Resolution,1999,10,ATCM17_wp001_e,1992,7,0.7549673914909363,ATCM16_wp002_e,1991,8,0.87856454
nan 811,Untyped,1961,1,ATCM21_wp001_e,1997,-36,0.6002858877182007,ATCM1_wp002_e,1961,0,0.892037
nan 811,Untyped,1961,2,ATCM27_wp008_e,2004,-43,0.5935546159744263,ATCM21_wp001_e,1997,-36,0.8715186
nan 811,Untyped,1961,3,ATCM1_wp002_e,1961,0,0.5868492126464844,ATCM21_wp040_e,1997,-36,0.8697588
nan 811,Untyped,1961,4,ATCM27_wp048_rev1_e,2004,-43,0.585555374622345,ATCM27_wp048_rev1_e,2004,-43,0.8682022
nan 811,Untyped,1961,5,ATCM26_wp040_e,2003,-42,0.5784673094749451,ATCM10_wp015_e,1979,-18,0.86662996
nan 811,Untyped,1961,6,ATCM32_wp007_e,2009,-48,0.5778622627258301,ATCM26_wp040_e,2003,-42,0.8507664
nan 811,Untyped,1961,7,ATCM26_wp003_e,2003,-42,0.5584545135498047,ATCM32_wp007_e,2009,-48,0.8447167
nan 811,Untyped,1961,8,ATCM28_wp056_e,2005,-44,0.5515435338020325,ATCM28_wp056_e,2005,-44,0.84265614
nan 811,Untyped,1961,9,ATCM21_wp040_e,1997,-36,0.5475436449050903,ATCM27_wp008_e,2004,-43,0.823101
nan 811,Untyped,1961,10,ATCM10_wp015_e,1979,-18,0.5405025482177734,ATCM26_wp003_e,2003,-42,0.7973044
Measure 691,Measure,2019,1,ATCM44_wp046_e,2022,-3,0.854608416557312,ATCM42_wp056_e,2019,0,0.97835165
Measure 691,Measure,2019,2,ATCM42_wp056_e,2019,0,0.8484709858894348,ATCM35_wp042_e,2012,7,0.96760666
Measure 691,Measure,2019,3,ATCM28_wp020_e,2005,14,0.8406051397323608,ATCM34_wp023_e,2011,8,0.9361917
Measure 691,Measure,2019,4,ATCM27_wp013_e,2004,15,0.834082305431366,ATCM35_wp054_e,2012,7,0.9330902
Measure 691,Measure,2019,5,ATCM35_wp042_e,2012,7,0.833321750164032,ATCM28_wp020_e,2005,14,0.9326008
Measure 691,Measure,2019,6,ATCM40_wp008_e,2017,2,0.8323845863342285,ATCM27_wp013_e,2004,15,0.92856437
Measure 691,Measure,2019,7,ATCM34_wp023_e,2011,8,0.82961106300354,ATCM40_wp008_e,2017,2,0.92103153
Measure 691,Measure,2019,8,ATCM35_wp054_e,2012,7,0.826443612575531,ATCM44_wp046_e,2022,-3,0.91876495
Measure 691,Measure,2019,9,ATCM45_wp059_e,2023,-4,0.8122454881668091,ATCM45_wp059_e,2023,-4,0.88347745
Measure 691,Measure,2019,10,ATCM35_wp060_e,2012,7,0.8036965131759644,ATCM35_wp060_e,2012,7,0.8467552
Measure 827,Measure,2024,1,ATCM45_wp011_e,2023,1,0.8439927101135254,ATCM45_wp011_e,2023,1,0.94357675
Measure 827,Measure,2024,2,ATCM44_wp013_e,2022,2,0.8298318386077881,ATCM44_wp013_e,2022,2,0.9409202
Measure 827,Measure,2024,3,ATCM42_wp035_e,2019,5,0.7895488739013672,ATCM28_wp042_e,2005,19,0.8848775
Measure 827,Measure,2024,4,ATCM35_wp058_e,2012,12,0.7882953882217407,ATCM42_wp035_e,2019,5,0.88347745
Measure 827,Measure,2024,5,ATCM44_wp046_e,2022,2,0.7790656089782715,ATCM35_wp060_e,2012,12,0.8682022
Measure 827,Measure,2024,6,ATCM35_wp060_e,2012,12,0.7781981229782104,ATCM35_wp058_e,2012,12,0.8652696
Measure 827,Measure,2024,7,ATCM16_wp019_e,1991,33,0.7764286398887634,ATCM22_wp005_e,1998,26,0.8632072
Measure 827,Measure,2024,8,ATCM22_wp005_e,1998,26,0.7715516090393066,ATCM44_wp046_e,2022,2,0.85994625
Measure 827,Measure,2024,9,ATCM28_wp042_e,2005,19,0.7698373198509216,ATCM16_wp019_e,1991,33,0.8546907
Measure 827,Measure,2024,10,ATCM34_wp023_e,2011,13,0.7684056758880615,ATCM34_wp023_e,2011,13,0.8507664
Measure 839,Measure,2025,1,ATCM47_wp009_e,2025,0,0.9100607633590698,ATCM47_wp009_e,2025,0,0.98443246
Measure 839,Measure,2025,2,ATCM37_wp030_e,2014,11,0.8863603472709656,ATCM37_wp030_e,2014,11,0.9661048
Measure 839,Measure,2025,3,ATCM32_wp040_e,2009,16,0.868158221244812,ATCM32_wp040_e,2009,16,0.9637254
Measure 839,Measure,2025,4,ATCM38_wp026_e,2015,10,0.8293092250823975,ATCM27_wp014_e,2004,21,0.95491725
Measure 839,Measure,2025,5,ATCM27_wp014_e,2004,21,0.8259428143501282,ATCM27_wp014_rev1_e,2004,21,0.9510695
Measure 839,Measure,2025,6,ATCM27_wp014_rev1_e,2004,21,0.8239218592643738,ATCM26_wp015_e,2003,22,0.943264
Measure 839,Measure,2025,7,ATCM46_wp023_e,2024,1,0.820417046546936,ATCM38_wp026_e,2015,10,0.92278904
Measure 839,Measure,2025,8,ATCM33_wp035_e,2010,15,0.8150758743286133,ATCM33_wp035_e,2010,15,0.90383875
Measure 839,Measure,2025,9,ATCM26_wp015_e,2003,22,0.8089479804039001,ATCM45_wp059_e,2023,2,0.9037539
Measure 839,Measure,2025,10,ATCM45_wp059_e,2023,2,0.8046009540557861,ATCM46_wp023_e,2024,1,0.89835703
Measure 765,Measure,2022,1,ATCM44_wp046_e,2022,0,0.9009561538696289,ATCM34_wp023_e,2011,11,0.97400314
Measure 765,Measure,2022,2,ATCM34_wp023_e,2011,11,0.8918029069900513,ATCM44_wp046_e,2022,0,0.97319996
Measure 765,Measure,2022,3,ATCM40_wp008_e,2017,5,0.8703117966651917,ATCM40_wp008_e,2017,5,0.9723727
Measure 765,Measure,2022,4,ATCM35_wp054_e,2012,10,0.8539777994155884,ATCM42_wp056_e,2019,3,0.9497813
Measure 765,Measure,2022,5,ATCM43_wp039_rev1_e,2021,1,0.852484941482544,ATCM45_wp051_e,2023,-1,0.9309872
Measure 765,Measure,2022,6,ATCM45_wp051_e,2023,-1,0.8496435880661011,ATCM28_wp020_e,2005,17,0.92592955
Measure 765,Measure,2022,7,ATCM27_wp013_e,2004,18,0.830675482749939,ATCM27_wp013_e,2004,18,0.92278904
Measure 765,Measure,2022,8,ATCM28_wp020_e,2005,17,0.8289574384689331,ATCM35_wp054_e,2012,10,0.9197435
Measure 765,Measure,2022,9,ATCM42_wp056_e,2019,3,0.8238577842712402,ATCM43_wp039_rev1_e,2021,1,0.91927373
Measure 765,Measure,2022,10,ATCM35_wp061_e,2012,10,0.8237716555595398,ATCM35_wp061_e,2012,10,0.8846785
Resolution 746,Resolution,2021,1,ATCM43_wp065_e,2021,0,0.8174184560775757,ATCM43_wp065_e,2021,0,0.97963655
Resolution 746,Resolution,2021,2,ATCM10_wp027_e,1979,42,0.8098639249801636,ATCM34_wp002_rev1_e,2011,10,0.91504526
Resolution 746,Resolution,2021,3,ATCM34_wp002_rev1_e,2011,10,0.770784318447113,ATCM10_wp027_e,1979,42,0.90539753
Resolution 746,Resolution,2021,4,ATCM21_wp011_e,1997,24,0.7434488534927368,ATCM21_wp011_e,1997,24,0.88387895
Resolution 746,Resolution,2021,5,ATCM29_wp017_e,2006,15,0.7342251539230347,ATCM31_wp033_e,2008,13,0.87497735
Resolution 746,Resolution,2021,6,ATCM37_wp053_e,2014,7,0.6866669058799744,ATCM29_wp017_e,2006,15,0.86181754
Resolution 746,Resolution,2021,7,ATCM22_wp002_e,1998,23,0.6808359622955322,ATCM22_wp002_e,1998,23,0.83899665
Resolution 746,Resolution,2021,8,ATCM31_wp033_e,2008,13,0.6808249950408936,ATCM22_wp012_e,1998,23,0.8374073
Resolution 746,Resolution,2021,9,ATCM22_wp012_e,1998,23,0.6765507459640503,ATCM37_wp053_e,2014,7,0.8138162
Resolution 746,Resolution,2021,10,ATCM14_wp027_rev1_e,1987,34,0.6657670736312866,ATCM14_wp027_rev1_e,1987,34,0.7966724
Resolution 837,Resolution,2024,1,ATCM43_wp011_e,2021,3,0.795292317867279,ATCM43_wp011_e,2021,3,0.9552524
Resolution 837,Resolution,2024,2,ATCM32_wp009_e,2009,15,0.7710719704627991,ATCM18_wp009_e,1994,30,0.92464685
Resolution 837,Resolution,2024,3,ATCM33_wp049_e,2010,14,0.7605856657028198,ATCM45_wp036_e,2023,1,0.9133046
Resolution 837,Resolution,2024,4,ATCM42_wp051_e,2019,5,0.7574863433837891,ATCM34_wp045_e,2011,13,0.90169585
Resolution 837,Resolution,2024,5,ATCM46_wp052_e,2024,0,0.7522978782653809,ATCM46_wp052_e,2024,0,0.8988908
Resolution 837,Resolution,2024,6,ATCM43_wp048_e,2021,3,0.7494122982025146,ATCM32_wp009_e,2009,15,0.89222497
Resolution 837,Resolution,2024,7,ATCM18_wp009_e,1994,30,0.7351059317588806,ATCM43_wp048_e,2021,3,0.88841075
Resolution 837,Resolution,2024,8,ATCM45_wp036_e,2023,1,0.7342660427093506,ATCM42_wp051_e,2019,5,0.875404
Resolution 837,Resolution,2024,9,ATCM16_wp029_e,1991,33,0.7328988313674927,ATCM33_wp049_e,2010,14,0.87433493
Resolution 837,Resolution,2024,10,ATCM34_wp045_e,2011,13,0.7308145761489868,ATCM16_wp029_e,1991,33,0.8677546
Decision 799,Decision,2023,1,ATCM45_wp022_e,2023,0,0.783576488494873,ATCM45_wp022_e,2023,0,0.97868
Decision 799,Decision,2023,2,ATCM32_wp007_e,2009,14,0.7777582406997681,ATCM40_wp027_e,2017,6,0.91534853
Decision 799,Decision,2023,3,ATCM17_wp010_e,1992,31,0.71849125623703,ATCM32_wp007_e,2009,14,0.9000389
Decision 799,Decision,2023,4,ATCM17_wp020_e,1992,31,0.6971091032028198,ATCM45_wp021_rev1_e,2023,0,0.88918287
Decision 799,Decision,2023,5,ATCM22_wp024_e,1998,25,0.677778959274292,ATCM21_wp040_e,1997,26,0.87604177
Decision 799,Decision,2023,6,ATCM21_wp040_e,1997,26,0.6434681415557861,ATCM17_wp020_e,1992,31,0.8686486
Decision 799,Decision,2023,7,ATCM45_wp021_rev1_e,2023,0,0.6380002498626709,ATCM17_wp010_e,1992,31,0.8575773
Decision 799,Decision,2023,8,ATCM22_wp023_e,1998,25,0.6377362012863159,ATCM22_wp024_e,1998,25,0.8208144
Decision 799,Decision,2023,9,ATCM40_wp027_e,2017,6,0.6323932409286499,ATCM21_wp001_e,1997,26,0.7837237
Decision 799,Decision,2023,10,ATCM21_wp001_e,1997,26,0.6317017674446106,ATCM22_wp023_e,1998,25,0.7715682
Measure 813,Measure,2024,1,ATCM39_wp026_e,2016,8,0.9194654822349548,ATCM46_wp025_e,2024,0,0.9762744
Measure 813,Measure,2024,2,ATCM46_wp025_e,2024,0,0.8807921409606934,ATCM34_wp031_e,2011,13,0.9742002
Measure 813,Measure,2024,3,ATCM34_wp031_e,2011,13,0.8729561567306519,ATCM39_wp026_e,2016,8,0.9723727
Measure 813,Measure,2024,4,ATCM38_wp026_e,2015,9,0.8225017189979553,ATCM29_wp031_e,2006,18,0.9537254
Measure 813,Measure,2024,5,ATCM46_wp023_e,2024,0,0.8145425319671631,ATCM38_wp026_e,2015,9,0.91992354
Measure 813,Measure,2024,6,ATCM35_wp058_e,2012,12,0.8121499419212341,ATCM43_wp003_e,2021,3,0.91570723
Measure 813,Measure,2024,7,ATCM35_wp060_e,2012,12,0.8077504634857178,ATCM44_wp044_e,2022,2,0.9035839
Measure 813,Measure,2024,8,ATCM43_wp003_e,2021,3,0.8067142963409424,ATCM46_wp023_e,2024,0,0.8932535
Measure 813,Measure,2024,9,ATCM29_wp031_e,2006,18,0.8046708106994629,ATCM35_wp060_e,2012,12,0.87239087
Measure 813,Measure,2024,10,ATCM44_wp044_e,2022,2,0.8039811849594116,ATCM35_wp058_e,2012,12,0.8546907
Decision 549,Decision,2013,1,ATCM30_wp044_e,2007,6,0.9090498685836792,ATCM26_wp005_e,2003,10,0.92849964
Decision 549,Decision,2013,2,ATCM28_wp068_e,2005,8,0.8700850009918213,ATCM26_wp011_e,2003,10,0.92464685
Decision 549,Decision,2013,3,ATCM26_wp011_e,2003,10,0.818080723285675,ATCM28_wp068_e,2005,8,0.92117345
Decision 549,Decision,2013,4,ATCM26_wp005_e,2003,10,0.7297472953796387,ATCM30_wp044_e,2007,6,0.9205329
Decision 549,Decision,2013,5,ATCM27_wp030_rev1_e,2004,9,0.7166250944137573,ATCM24_wp037_e,2001,12,0.8517556
Decision 549,Decision,2013,6,ATCM24_wp037_e,2001,12,0.70865797996521,ATCM25_wp044_e,2002,11,0.8287171
Decision 549,Decision,2013,7,ATCM25_wp044_e,2002,11,0.7058913707733154,ATCM27_wp030_rev1_e,2004,9,0.8072176
Decision 549,Decision,2013,8,ATCM18_wp008_e,1994,19,0.7043980360031128,ATCM25_wp049_e,2002,11,0.80106574
Decision 549,Decision,2013,9,ATCM25_wp049_e,2002,11,0.6995530724525452,ATCM27_wp047_rev1_e,2004,9,0.78239655
Decision 549,Decision,2013,10,ATCM27_wp047_rev1_e,2004,9,0.6810656785964966,ATCM18_wp008_e,1994,19,0.7797246
Measure 220,Measure,1995,1,ATCM5_wp031_rev1_e,1968,27,0.7134981751441956,ATCM7_wp034_rev2_e,1972,23,0.9356059
Measure 220,Measure,1995,2,ATCM36_wp062_e,2013,-18,0.7098002433776855,ATCM7_wp034_rev1_e,1972,23,0.935252
Measure 220,Measure,1995,3,ATCM5_wp031_e,1968,27,0.6977067589759827,ATCM7_wp034_rev3_e,1972,23,0.9306097
Measure 220,Measure,1995,4,ATCM21_wp027_e,1997,-2,0.6961911916732788,ATCM26_wp017_rev1_e,2003,-8,0.9238263
Measure 220,Measure,1995,5,ATCM15_wp041_e,1989,6,0.6858403086662292,ATCM5_wp031_e,1968,27,0.8941811
Measure 220,Measure,1995,6,ATCM5_wp032_e,1968,27,0.6796696782112122,ATCM15_wp041_e,1989,6,0.8886042
Measure 220,Measure,1995,7,ATCM7_wp034_rev1_e,1972,23,0.6765813231468201,ATCM5_wp031_rev1_e,1968,27,0.885671
Measure 220,Measure,1995,8,ATCM7_wp034_rev2_e,1972,23,0.6759788990020752,ATCM5_wp032_e,1968,27,0.8632072
Measure 220,Measure,1995,9,ATCM7_wp034_rev3_e,1972,23,0.6758135557174683,ATCM21_wp027_e,1997,-2,0.8585289
Measure 220,Measure,1995,10,ATCM26_wp017_rev1_e,2003,-8,0.6705889105796814,ATCM36_wp062_e,2013,-18,0.76461047
Recommendation 67,Recommendation,1968,1,ATCM5_wp035_rev1_e,1968,0,0.929227352142334,ATCM15_wp017_e,1989,-21,0.95939845
Recommendation 67,Recommendation,1968,2,ATCM5_wp035_e,1968,0,0.922065794467926,ATCM5_wp035_rev1_e,1968,0,0.9523265
Recommendation 67,Recommendation,1968,3,ATCM15_wp017_e,1989,-21,0.8817247152328491,ATCM5_wp035_e,1968,0,0.94210327
Recommendation 67,Recommendation,1968,4,ATCM5_wp004_e,1968,0,0.8334602117538452,ATCM5_wp050_rev1_e,1968,0,0.9402653
Recommendation 67,Recommendation,1968,5,ATCM10_wp051_rev1_e,1979,-11,0.7314818501472473,ATCM5_wp004_e,1968,0,0.91883785
Recommendation 67,Recommendation,1968,6,ATCM10_wp051_e,1979,-11,0.7165086269378662,ATCM10_wp051_rev1_e,1979,-11,0.9104678
Recommendation 67,Recommendation,1968,7,ATCM25_wp005_e,2002,-34,0.6933881044387817,ATCM10_wp051_e,1979,-11,0.910059
Recommendation 67,Recommendation,1968,8,ATCM1_wp026_e,1961,7,0.6628838777542114,ATCM1_wp020_e,1961,7,0.8657243
Recommendation 67,Recommendation,1968,9,ATCM1_wp020_e,1961,7,0.6627442836761475,ATCM1_wp026_e,1961,7,0.86088455
Recommendation 67,Recommendation,1968,10,ATCM5_wp050_rev1_e,1968,0,0.6624719500541687,ATCM25_wp005_e,2002,-34,0.8374073
Recommendation 185,Recommendation,1989,1,ATCM15_wp029_e,1989,0,0.9461660385131836,ATCM15_wp029_e,1989,0,0.925594
Recommendation 185,Recommendation,1989,2,ATCM15_wp051_rev1_e,1989,0,0.9424934387207031,ATCM15_wp051_rev1_e,1989,0,0.92375755
Recommendation 185,Recommendation,1989,3,ATCM15_wp021_e,1989,0,0.8200664520263672,ATCM15_wp021_e,1989,0,0.91825324
Recommendation 185,Recommendation,1989,4,ATCM47_wp013_e,2025,-36,0.7956756353378296,ATCM15_wp071_e,1989,0,0.91148746
Recommendation 185,Recommendation,1989,5,ATCM2_wp002_e,1962,27,0.788542628288269,ATCM20_wp022_e,1996,-7,0.88879734
Recommendation 185,Recommendation,1989,6,ATCM20_wp022_e,1996,-7,0.7806801795959473,ATCM32_wp041_e,2009,-20,0.88606596
Recommendation 185,Recommendation,1989,7,ATCM32_wp041_e,2009,-20,0.7720537185668945,ATCM15_wp006_e,1989,0,0.875404
Recommendation 185,Recommendation,1989,8,ATCM15_wp006_e,1989,0,0.770194411277771,ATCM47_wp013_e,2025,-36,0.872825
Recommendation 185,Recommendation,1989,9,ATCM15_wp071_e,1989,0,0.7666420936584473,ATCM2_wp002_e,1962,27,0.8627453
Recommendation 185,Recommendation,1989,10,ATCM9_wp047_e,1977,12,0.7648839950561523,ATCM9_wp047_e,1977,12,0.85126173
Measure 567,Measure,2014,1,ATCM46_wp005_e,2024,-10,0.8932275772094727,ATCM36_wp006_e,2013,1,0.9790037
Measure 567,Measure,2014,2,ATCM36_wp006_e,2013,1,0.8674161434173584,ATCM42_wp020_e,2019,-5,0.97516406
Measure 567,Measure,2014,3,ATCM42_wp020_e,2019,-5,0.8499801754951477,ATCM46_wp005_e,2024,-10,0.973403
Measure 567,Measure,2014,4,ATCM31_wp032_e,2008,6,0.8132137060165405,ATCM31_wp032_e,2008,6,0.9501526
Measure 567,Measure,2014,5,ATCM35_wp061_e,2012,2,0.8035341501235962,ATCM35_wp054_e,2012,2,0.9166073
Measure 567,Measure,2014,6,ATCM46_wp023_e,2024,-10,0.7991955876350403,ATCM36_wp059_e,2013,1,0.9066862
Measure 567,Measure,2014,7,ATCM35_wp060_e,2012,2,0.7979578971862793,ATCM36_wp029_e,2013,1,0.90400845
Measure 567,Measure,2014,8,ATCM36_wp059_e,2013,1,0.7894412279129028,ATCM46_wp023_e,2024,-10,0.8977311
Measure 567,Measure,2014,9,ATCM35_wp054_e,2012,2,0.7876887321472168,ATCM35_wp061_e,2012,2,0.88879734
Measure 567,Measure,2014,10,ATCM36_wp029_e,2013,1,0.7854393720626831,ATCM35_wp060_e,2012,2,0.87856454
Measure 787,Measure,2023,1,ATCM45_wp020_e,2023,0,0.8850368857383728,ATCM31_wp009_e,2008,15,0.9880205
Measure 787,Measure,2023,2,ATCM36_wp002_e,2013,10,0.8644695281982422,ATCM45_wp020_e,2023,0,0.9833174
Measure 787,Measure,2023,3,ATCM41_wp002_e,2018,5,0.8546236753463745,ATCM36_wp002_e,2013,10,0.9814249
Measure 787,Measure,2023,4,ATCM31_wp009_e,2008,15,0.815823495388031,ATCM46_wp051_e,2024,-1,0.97835165
Measure 787,Measure,2023,5,ATCM38_wp026_e,2015,8,0.8092789053916931,ATCM41_wp002_e,2018,5,0.94102865
Measure 787,Measure,2023,6,ATCM46_wp051_e,2024,-1,0.8059570789337158,ATCM38_wp026_e,2015,8,0.9284348
Measure 787,Measure,2023,7,ATCM36_wp059_e,2013,10,0.8055516481399536,ATCM36_wp059_e,2013,10,0.90672743
Measure 787,Measure,2023,8,ATCM24_wp033_e,2001,22,0.8040993809700012,ATCM35_wp044_e,2012,11,0.90268683
Measure 787,Measure,2023,9,ATCM46_wp023_e,2024,-1,0.8034831881523132,ATCM24_wp033_e,2001,22,0.90073955
Measure 787,Measure,2023,10,ATCM35_wp044_e,2012,11,0.8002513647079468,ATCM46_wp023_e,2024,-1,0.9003021
Resolution 851,Resolution,2025,1,ATCM30_wp043_e,2007,18,0.891352653503418,ATCM30_wp043_e,2007,18,0.9627573
Resolution 851,Resolution,2025,2,ATCM31_wp041_rev1_e,2008,17,0.8858282566070557,ATCM39_wp005_e,2016,9,0.9584756
Resolution 851,Resolution,2025,3,ATCM32_wp003_e,2009,16,0.8352488279342651,ATCM31_wp041_rev1_e,2008,17,0.9584756
Resolution 851,Resolution,2025,4,ATCM39_wp005_e,2016,9,0.8341382741928101,ATCM41_wp020_e,2018,7,0.94769174
Resolution 851,Resolution,2025,5,ATCM31_wp061_e,2008,17,0.8061344027519226,ATCM21_wp000_e,1997,28,0.9407027
Resolution 851,Resolution,2025,6,ATCM22_wp005_e,1998,27,0.8051754236221313,ATCM22_wp005_e,1998,27,0.87898064
Resolution 851,Resolution,2025,7,ATCM25_wp009_e,2002,23,0.8019644021987915,ATCM31_wp061_e,2008,17,0.8502698
Resolution 851,Resolution,2025,8,ATCM41_wp020_e,2018,7,0.7990853786468506,ATCM16_wp001_e,1991,34,0.8467552
Resolution 851,Resolution,2025,9,ATCM16_wp001_e,1991,34,0.7985736131668091,ATCM25_wp009_e,2002,23,0.8368747
Resolution 851,Resolution,2025,10,ATCM21_wp000_e,1997,28,0.7981950044631958,ATCM32_wp003_e,2009,16,0.82592696
Decision 739,Decision,2021,1,ATCM43_wp038_e,2021,0,0.8992919921875,ATCM43_wp038_e,2021,0,0.9856961
Decision 739,Decision,2021,2,ATCM33_wp041_e,2010,11,0.8663445115089417,ATCM45_wp016_e,2023,-2,0.9708651
Decision 739,Decision,2021,3,ATCM46_wp054_e,2024,-3,0.849742591381073,ATCM46_wp054_e,2024,-3,0.9463195
Decision 739,Decision,2021,4,ATCM47_wp015_e,2025,-4,0.8281558752059937,ATCM24_wp007_e,2001,20,0.93677264
Decision 739,Decision,2021,5,ATCM27_wp012_e,2004,17,0.8280843496322632,ATCM47_wp015_e,2025,-4,0.92991287
Decision 739,Decision,2021,6,ATCM44_wp009_e,2022,-1,0.8279606103897095,ATCM44_wp009_e,2022,-1,0.90672743
Decision 739,Decision,2021,7,ATCM23_wp033_e,1999,22,0.8277664184570312,ATCM33_wp041_e,2010,11,0.90635514
Decision 739,Decision,2021,8,ATCM45_wp016_e,2023,-2,0.8246572017669678,ATCM28_wp029_e,2005,16,0.90281546
Decision 739,Decision,2021,9,ATCM28_wp029_e,2005,16,0.810596227645874,ATCM27_wp012_e,2004,17,0.87519085
Decision 739,Decision,2021,10,ATCM24_wp007_e,2001,20,0.8081488609313965,ATCM23_wp033_e,1999,22,0.87433493
Decision 831,Decision,2024,1,ATCM42_wp028_e,2019,5,0.9171252250671387,ATCM42_wp028_e,2019,5,0.9753525
Decision 831,Decision,2024,2,ATCM46_wp059_e,2024,0,0.9029897451400757,ATCM46_wp059_e,2024,0,0.9742002
Decision 831,Decision,2024,3,ATCM36_wp051_rev1_e,2013,11,0.8850515484809875,ATCM36_wp051_rev1_e,2013,11,0.9542397
Decision 831,Decision,2024,4,ATCM18_wp020_e,1994,30,0.8026761412620544,ATCM2_wp020_e,1962,62,0.8931604
Decision 831,Decision,2024,5,ATCM2_wp020_e,1962,62,0.799551248550415,ATCM2_wp020_rev1_e,1962,62,0.8916602
Decision 831,Decision,2024,6,ATCM12_wp011_e,1983,41,0.7834494709968567,ATCM18_wp020_e,1994,30,0.8880229
Decision 831,Decision,2024,7,ATCM2_wp020_rev1_e,1962,62,0.7810356616973877,ATCM11_wp005_e,1981,43,0.8358054
Decision 831,Decision,2024,8,ATCM11_wp005_e,1981,43,0.7766695618629456,ATCM11_wp038_e,1981,43,0.83419085
Decision 831,Decision,2024,9,ATCM18_wp035_e,1994,30,0.7669664025306702,ATCM12_wp011_e,1983,41,0.8264878
Decision 831,Decision,2024,10,ATCM11_wp038_e,1981,43,0.7664653062820435,ATCM18_wp035_e,1994,30,0.7915634
Measure 561,Measure,2014,1,ATCM37_wp006_e,2014,0,0.8720930218696594,ATCM37_wp006_e,2014,0,0.98490417
Measure 561,Measure,2014,2,ATCM32_wp024_e,2009,5,0.8521685600280762,ATCM32_wp024_e,2009,5,0.9755397
Measure 561,Measure,2014,3,ATCM44_wp005_e,2022,-8,0.8257349133491516,ATCM44_wp005_e,2022,-8,0.95970166
Measure 561,Measure,2014,4,ATCM43_wp002_rev1_e,2021,-7,0.8189439177513123,ATCM43_wp002_rev1_e,2021,-7,0.9497813
Measure 561,Measure,2014,5,ATCM35_wp058_e,2012,2,0.8099063038825989,ATCM37_wp052_e,2014,0,0.9266629
Measure 561,Measure,2014,6,ATCM35_wp044_e,2012,2,0.8089704513549805,ATCM36_wp059_e,2013,1,0.9177387
Measure 561,Measure,2014,7,ATCM36_wp059_e,2013,1,0.8071087598800659,ATCM35_wp044_e,2012,2,0.91636443
Measure 561,Measure,2014,8,ATCM44_wp041_e,2022,-8,0.8054665327072144,ATCM44_wp041_e,2022,-8,0.90722185
Measure 561,Measure,2014,9,ATCM35_wp060_e,2012,2,0.8011765480041504,ATCM35_wp060_e,2012,2,0.90073955
Measure 561,Measure,2014,10,ATCM37_wp052_e,2014,0,0.7995319366455078,ATCM35_wp058_e,2012,2,0.8872437
Resolution 365,Resolution,2006,1,ATCM29_wp005_rev1_e,2006,0,0.8770999908447266,ATCM29_wp005_rev1_e,2006,0,0.9545797
Resolution 365,Resolution,2006,2,ATCM45_wp014_e,2023,-17,0.7707784175872803,ATCM45_wp014_e,2023,-17,0.88665617
Resolution 365,Resolution,2006,3,ATCM26_wp037_rev1_e,2003,3,0.7071369886398315,ATCM24_wp026_e,2001,5,0.8442036
Resolution 365,Resolution,2006,4,ATCM26_wp037_e,2003,3,0.7066513895988464,ATCM29_wp013_e,2006,0,0.8395235
Resolution 365,Resolution,2006,5,ATCM15_wp064_e,1989,17,0.706466555595398,ATCM26_wp037_e,2003,3,0.8236691
Resolution 365,Resolution,2006,6,ATCM15_wp012_e,1989,17,0.7053318619728088,ATCM26_wp037_rev1_e,2003,3,0.8225315
Resolution 365,Resolution,2006,7,ATCM29_wp013_e,2006,0,0.6952062845230103,ATCM15_wp064_e,1989,17,0.8053874
Resolution 365,Resolution,2006,8,ATCM15_wp019_e,1989,17,0.6832255721092224,ATCM15_wp012_e,1989,17,0.7928494
Resolution 365,Resolution,2006,9,ATCM32_wp015_e,2009,-3,0.6798397302627563,ATCM32_wp015_e,2009,-3,0.747321
Resolution 365,Resolution,2006,10,ATCM24_wp026_e,2001,5,0.6791605949401855,ATCM15_wp019_e,1989,17,0.7383673
Decision 769,Decision,2022,1,ATCM27_wp030_rev1_e,2004,18,0.7958176136016846,ATCM26_wp005_e,2003,19,0.9309872
Decision 769,Decision,2022,2,ATCM26_wp011_e,2003,19,0.7912662625312805,ATCM24_wp037_e,2001,21,0.9149218
Decision 769,Decision,2022,3,ATCM25_wp049_e,2002,20,0.7547992467880249,ATCM27_wp030_rev1_e,2004,18,0.91289586
Decision 769,Decision,2022,4,ATCM24_wp037_e,2001,21,0.7531285285949707,ATCM27_wp029_e,2004,18,0.9109245
Decision 769,Decision,2022,5,ATCM18_wp008_e,1994,28,0.7516419291496277,ATCM26_wp011_e,2003,19,0.90726286
Decision 769,Decision,2022,6,ATCM26_wp005_e,2003,19,0.7491170167922974,ATCM25_wp049_e,2002,20,0.8982678
Decision 769,Decision,2022,7,ATCM27_wp029_e,2004,18,0.7404627799987793,ATCM25_wp046_e,2002,20,0.8962877
Decision 769,Decision,2022,8,ATCM30_wp044_e,2007,15,0.7354523539543152,ATCM30_wp044_e,2007,15,0.8777285
Decision 769,Decision,2022,9,ATCM25_wp046_e,2002,20,0.7330278158187866,ATCM18_wp008_e,1994,28,0.85565823
Decision 769,Decision,2022,10,ATCM17_wp019_e,1992,30,0.7298354506492615,ATCM17_wp019_e,1992,30,0.85517514
Resolution 676,Resolution,2018,1,ATCM46_wp052_e,2024,-6,0.8600609302520752,ATCM46_wp052_e,2024,-6,0.9533793
Resolution 676,Resolution,2018,2,ATCM28_wp031_e,2005,13,0.849643349647522,ATCM42_wp054_e,2019,-1,0.9525035
Resolution 676,Resolution,2018,3,ATCM47_wp021_rev1_e,2025,-7,0.8327751159667969,ATCM41_wp032_e,2018,0,0.9484609
Resolution 676,Resolution,2018,4,ATCM36_wp015_e,2013,5,0.8275822401046753,ATCM28_wp031_e,2005,13,0.9482696
Resolution 676,Resolution,2018,5,ATCM36_wp020_e,2013,5,0.8237190246582031,ATCM47_wp021_rev1_e,2025,-7,0.9480776
Resolution 676,Resolution,2018,6,ATCM41_wp032_e,2018,0,0.8226491212844849,ATCM42_wp055_e,2019,-1,0.9427391
Resolution 676,Resolution,2018,7,ATCM29_wp001_e,2006,12,0.8192384243011475,ATCM27_wp026_e,2004,14,0.9388232
Resolution 676,Resolution,2018,8,ATCM42_wp055_e,2019,-1,0.8179514408111572,ATCM36_wp015_e,2013,5,0.9365409
Resolution 676,Resolution,2018,9,ATCM42_wp054_e,2019,-1,0.8171858787536621,ATCM36_wp020_e,2013,5,0.9363083
Resolution 676,Resolution,2018,10,ATCM27_wp026_e,2004,14,0.8160685300827026,ATCM29_wp001_e,2006,12,0.92997646
Measure 821,Measure,2024,1,ATCM46_wp023_e,2024,0,0.9280821681022644,ATCM36_wp029_e,2013,11,0.9742002
Measure 821,Measure,2024,2,ATCM36_wp029_e,2013,11,0.9097309112548828,ATCM42_wp010_e,2019,5,0.9713038
Measure 821,Measure,2024,3,ATCM42_wp010_e,2019,5,0.8946420550346375,ATCM46_wp023_e,2024,0,0.9708651
Measure 821,Measure,2024,4,ATCM31_wp025_rev1_e,2008,16,0.8320103883743286,ATCM31_wp025_rev1_e,2008,16,0.9575327
Measure 821,Measure,2024,5,ATCM38_wp026_e,2015,9,0.829976499080658,ATCM47_wp009_e,2025,-1,0.92498636
Measure 821,Measure,2024,6,ATCM35_wp061_e,2012,12,0.8132601976394653,ATCM38_wp026_e,2015,9,0.92410076
Measure 821,Measure,2024,7,ATCM47_wp011_e,2025,-1,0.8131756782531738,ATCM46_wp026_e,2024,0,0.91638315
Measure 821,Measure,2024,8,ATCM46_wp026_e,2024,0,0.8116216659545898,ATCM47_wp011_e,2025,-1,0.91613966
Measure 821,Measure,2024,9,ATCM47_wp009_e,2025,-1,0.8041986227035522,ATCM36_wp059_e,2013,11,0.90230006
Measure 821,Measure,2024,10,ATCM36_wp059_e,2013,11,0.8022386431694031,ATCM35_wp061_e,2012,12,0.8726081
Decision 845,Decision,2025,1,ATCM30_wp044_e,2007,18,0.9040358066558838,ATCM28_wp068_e,2005,20,0.9417828
Decision 845,Decision,2025,2,ATCM28_wp068_e,2005,20,0.8770468235015869,ATCM26_wp011_e,2003,22,0.935015
Decision 845,Decision,2025,3,ATCM26_wp011_e,2003,22,0.8141531944274902,ATCM30_wp044_e,2007,18,0.9336973
Decision 845,Decision,2025,4,ATCM26_wp005_e,2003,22,0.7313948273658752,ATCM26_wp005_e,2003,22,0.92984915
Decision 845,Decision,2025,5,ATCM27_wp030_rev1_e,2004,21,0.7159507274627686,ATCM24_wp037_e,2001,24,0.87898064
Decision 845,Decision,2025,6,ATCM25_wp044_e,2002,23,0.7079509496688843,ATCM27_wp030_rev1_e,2004,21,0.85517514
Decision 845,Decision,2025,7,ATCM18_wp008_e,1994,31,0.7042944431304932,ATCM25_wp044_e,2002,23,0.8379385
Decision 845,Decision,2025,8,ATCM24_wp037_e,2001,24,0.702825665473938,ATCM25_wp049_e,2002,23,0.83473045
Decision 845,Decision,2025,9,ATCM25_wp049_e,2002,23,0.6935449838638306,ATCM27_wp047_rev1_e,2004,21,0.8167574
Decision 845,Decision,2025,10,ATCM27_wp047_rev1_e,2004,21,0.6852988004684448,ATCM18_wp008_e,1994,31,0.8053874
Resolution 743,Resolution,2021,1,ATCM46_wp052_e,2024,-3,0.8656420707702637,ATCM43_wp011_e,2021,0,0.9695095
Resolution 743,Resolution,2021,2,ATCM42_wp055_e,2019,2,0.8539202809333801,ATCM42_wp055_e,2019,2,0.95355266
Resolution 743,Resolution,2021,3,ATCM43_wp011_e,2021,0,0.8302590250968933,ATCM46_wp052_e,2024,-3,0.95070475
Resolution 743,Resolution,2021,4,ATCM32_wp009_e,2009,12,0.8301268815994263,ATCM32_wp009_e,2009,12,0.9403749
Resolution 743,Resolution,2021,5,ATCM27_wp026_e,2004,17,0.8250626921653748,ATCM41_wp032_e,2018,3,0.9282398
Resolution 743,Resolution,2021,6,ATCM28_wp031_e,2005,16,0.8176209926605225,ATCM28_wp031_e,2005,16,0.92505413
Resolution 743,Resolution,2021,7,ATCM36_wp015_e,2013,8,0.8163512945175171,ATCM36_wp015_e,2013,8,0.923895
Resolution 743,Resolution,2021,8,ATCM30_wp022_e,2007,14,0.8062812685966492,ATCM27_wp026_e,2004,17,0.92046136
Resolution 743,Resolution,2021,9,ATCM41_wp032_e,2018,3,0.8058753609657288,ATCM36_wp020_e,2013,8,0.918692
Resolution 743,Resolution,2021,10,ATCM36_wp020_e,2013,8,0.8047031164169312,ATCM30_wp022_e,2007,14,0.8982678
Recommendation 100,Recommendation,1972,1,ATCM7_wp011_e,1972,0,0.6487154960632324,ATCM7_wp011_e,1972,0,0.9586308
Recommendation 100,Recommendation,1972,2,ATCM5_wp046_e,1968,4,0.6276215314865112,ATCM30_wp038_e,2007,-35,0.94450533
Recommendation 100,Recommendation,1972,3,ATCM24_wp016_e,2001,-29,0.596373438835144,ATCM6_wp005_rev1_e,1970,2,0.94252783
Recommendation 100,Recommendation,1972,4,ATCM14_wp031_rev1_e,1987,-15,0.5781632661819458,ATCM24_wp016_e,2001,-29,0.9407027
Recommendation 100,Recommendation,1972,5,ATCM6_wp005_e,1970,2,0.5781086683273315,ATCM6_wp005_e,1970,2,0.93859845
Recommendation 100,Recommendation,1972,6,ATCM25_wp004_e,2002,-30,0.5729266405105591,ATCM14_wp031_rev1_e,1987,-15,0.9280445
Recommendation 100,Recommendation,1972,7,ATCM43_wp060_rev1_e,2021,-49,0.5688515901565552,ATCM5_wp046_e,1968,4,0.92099595
Recommendation 100,Recommendation,1972,8,ATCM6_wp005_rev1_e,1970,2,0.5661123991012573,ATCM43_wp060_rev1_e,2021,-49,0.9195631
Recommendation 100,Recommendation,1972,9,ATCM30_wp038_e,2007,-35,0.5656459927558899,ATCM32_wp003_e,2009,-37,0.91821665
Recommendation 100,Recommendation,1972,10,ATCM32_wp003_e,2009,-37,0.5587244033813477,ATCM25_wp004_e,2002,-30,0.8699799
Resolution 747,Resolution,2021,1,ATCM43_wp032_e,2021,0,0.8663009405136108,ATCM43_wp032_e,2021,0,0.98069936
Resolution 747,Resolution,2021,2,ATCM44_wp029_e,2022,-1,0.8220709562301636,ATCM44_wp029_e,2022,-1,0.96532893
Resolution 747,Resolution,2021,3,ATCM38_wp016_e,2015,6,0.7812099456787109,ATCM46_wp038_e,2024,-3,0.923895
Resolution 747,Resolution,2021,4,ATCM30_wp028_e,2007,14,0.7578734159469604,ATCM31_wp035_e,2008,13,0.9196353
Resolution 747,Resolution,2021,5,ATCM31_wp035_e,2008,13,0.7442196607589722,ATCM45_wp043_e,2023,-2,0.91825324
Resolution 747,Resolution,2021,6,ATCM46_wp038_e,2024,-3,0.7277793884277344,ATCM41_wp003_e,2018,3,0.9155563
Resolution 747,Resolution,2021,7,ATCM45_wp043_e,2023,-2,0.7208545804023743,ATCM38_wp016_e,2015,6,0.91532004
Resolution 747,Resolution,2021,8,ATCM41_wp003_e,2018,3,0.7157831192016602,ATCM30_wp028_e,2007,14,0.9141251
Resolution 747,Resolution,2021,9,ATCM15_wp011_rev2_e,1989,32,0.7127232551574707,ATCM33_wp063_e,2010,11,0.9129495
Resolution 747,Resolution,2021,10,ATCM33_wp063_e,2010,11,0.7079849243164062,ATCM15_wp011_rev2_e,1989,32,0.8613517
Decision 673,Decision,2018,1,ATCM27_wp030_rev1_e,2004,14,0.8068298101425171,ATCM26_wp005_e,2003,15,0.9265965
Decision 673,Decision,2018,2,ATCM26_wp011_e,2003,15,0.806670606136322,ATCM27_wp029_e,2004,14,0.911517
Decision 673,Decision,2018,3,ATCM26_wp005_e,2003,15,0.7725294828414917,ATCM24_wp037_e,2001,17,0.90681005
Decision 673,Decision,2018,4,ATCM25_wp049_e,2002,16,0.7671924829483032,ATCM27_wp030_rev1_e,2004,14,0.90502053
Decision 673,Decision,2018,5,ATCM18_wp008_e,1994,24,0.7664172649383545,ATCM26_wp011_e,2003,15,0.89791036
Decision 673,Decision,2018,6,ATCM24_wp037_e,2001,17,0.7641122341156006,ATCM25_wp049_e,2002,16,0.8928805
Decision 673,Decision,2018,7,ATCM30_wp044_e,2007,11,0.7452247738838196,ATCM30_wp044_e,2007,11,0.8818593
Decision 673,Decision,2018,8,ATCM17_wp007_e,1992,26,0.7449597120285034,ATCM18_wp008_e,1994,24,0.85517514
Decision 673,Decision,2018,9,ATCM27_wp029_e,2004,14,0.7440008521080017,ATCM17_wp019_e,1992,26,0.8517556
Decision 673,Decision,2018,10,ATCM17_wp019_e,1992,26,0.7430360913276672,ATCM17_wp007_e,1992,26,0.8368747
Resolution 853,Resolution,2025,1,ATCM47_wp001_e,2025,0,0.9073412418365479,ATCM47_wp001_e,2025,0,0.9793225
Resolution 853,Resolution,2025,2,ATCM42_wp014_e,2019,6,0.8428624272346497,ATCM42_wp014_e,2019,6,0.962617
Resolution 853,Resolution,2025,3,ATCM17_wp012_e,1992,33,0.7858550548553467,ATCM47_wp033_e,2025,0,0.9341793
Resolution 853,Resolution,2025,4,ATCM47_wp033_e,2025,0,0.7715818881988525,ATCM21_wp012_rev1_e,1997,28,0.89213103
Resolution 853,Resolution,2025,5,ATCM21_wp012_rev1_e,1997,28,0.7571239471435547,ATCM28_wp052_e,2005,20,0.88918287
Resolution 853,Resolution,2025,6,ATCM28_wp052_e,2005,20,0.7554024457931519,ATCM15_wp012_e,1989,36,0.8814517
Resolution 853,Resolution,2025,7,ATCM21_wp021_e,1997,28,0.7507387399673462,ATCM17_wp012_e,1992,33,0.8648136
Resolution 853,Resolution,2025,8,ATCM15_wp012_e,1989,36,0.7455799579620361,ATCM6_wp019_rev1_e,1970,55,0.8242356
Resolution 853,Resolution,2025,9,ATCM6_wp019_rev1_e,1970,55,0.7309327125549316,ATCM6_wp019_e,1970,55,0.8196625
Resolution 853,Resolution,2025,10,ATCM6_wp019_e,1970,55,0.730854868888855,ATCM21_wp021_e,1997,28,0.8102388
Measure 270,Measure,2000,1,ATCM28_wp042_e,2005,-5,0.8544360995292664,ATCM15_wp032_rev1_e,1989,11,0.92752105
Measure 270,Measure,2000,2,ATCM8_wp005_e,1975,25,0.8464565277099609,ATCM44_wp041_e,2022,-22,0.9254594
Measure 270,Measure,2000,3,ATCM44_wp041_e,2022,-22,0.842950165271759,ATCM28_wp042_e,2005,-5,0.9213505
Measure 270,Measure,2000,4,ATCM36_wp059_e,2013,-13,0.8390349745750427,ATCM25_wp021_e,2002,-2,0.9206043
Measure 270,Measure,2000,5,ATCM8_wp002_e,1975,25,0.8387863636016846,ATCM24_wp033_e,2001,-1,0.9037963
Measure 270,Measure,2000,6,ATCM35_wp060_e,2012,-12,0.8375044465065002,ATCM8_wp002_e,1975,25,0.902644
Measure 270,Measure,2000,7,ATCM34_wp006_e,2011,-11,0.8351106643676758,ATCM8_wp005_e,1975,25,0.89128226
Measure 270,Measure,2000,8,ATCM24_wp033_e,2001,-1,0.8313472270965576,ATCM36_wp059_e,2013,-13,0.8814517
Measure 270,Measure,2000,9,ATCM15_wp032_rev1_e,1989,11,0.8294455409049988,ATCM34_wp006_e,2011,-11,0.8741202
Measure 270,Measure,2000,10,ATCM25_wp021_e,2002,-2,0.8292918801307678,ATCM35_wp060_e,2012,-12,0.82196057
Recommendation 85,Recommendation,1970,1,ATCM6_wp004_rev1_e,1970,0,0.8739713430404663,ATCM6_wp004_rev1_e,1970,0,0.95125103
Recommendation 85,Recommendation,1970,2,ATCM6_wp004_e,1970,0,0.7685222625732422,ATCM16_wp019_e,1991,-21,0.930167
Recommendation 85,Recommendation,1970,3,ATCM16_wp019_e,1991,-21,0.7526419162750244,ATCM6_wp004_e,1970,0,0.92491853
Recommendation 85,Recommendation,1970,4,ATCM35_wp058_e,2012,-42,0.7453784942626953,ATCM35_wp058_e,2012,-42,0.91435957
Recommendation 85,Recommendation,1970,5,ATCM4_wp053_rev1_e,1966,4,0.7408832907676697,ATCM4_wp038_e,1966,4,0.8979998
Recommendation 85,Recommendation,1970,6,ATCM4_wp038_e,1966,4,0.7372380495071411,ATCM4_wp042_rev2_e,1966,4,0.89184874
Recommendation 85,Recommendation,1970,7,ATCM4_wp053_e,1966,4,0.7354439496994019,ATCM4_wp042_rev1_e,1966,4,0.8889902
Recommendation 85,Recommendation,1970,8,ATCM4_wp042_rev2_e,1966,4,0.7337720394134521,ATCM4_wp042_e,1966,4,0.88606596
Recommendation 85,Recommendation,1970,9,ATCM4_wp042_rev1_e,1966,4,0.7273906469345093,ATCM4_wp053_e,1966,4,0.87939554
Recommendation 85,Recommendation,1970,10,ATCM4_wp042_e,1966,4,0.7223841547966003,ATCM4_wp053_rev1_e,1966,4,0.8507664
Measure 671,Measure,2018,1,ATCM41_wp005_e,2018,0,0.8877344131469727,ATCM36_wp014_e,2013,5,0.9773362
Measure 671,Measure,2018,2,ATCM36_wp014_e,2013,5,0.8848028779029846,ATCM45_wp008_e,2023,-5,0.97319996
Measure 671,Measure,2018,3,ATCM45_wp008_e,2023,-5,0.8565627336502075,ATCM41_wp005_e,2018,0,0.9708651
Measure 671,Measure,2018,4,ATCM31_wp053_e,2008,10,0.816595196723938,ATCM31_wp053_e,2008,10,0.962617
Measure 671,Measure,2018,5,ATCM30_wp021_e,2007,11,0.8158811330795288,ATCM30_wp021_e,2007,11,0.9251894
Measure 671,Measure,2018,6,ATCM35_wp044_e,2012,6,0.8106430172920227,ATCM37_wp058_rev1_e,2014,4,0.9046842
Measure 671,Measure,2018,7,ATCM35_wp058_e,2012,6,0.8102217316627502,ATCM36_wp059_e,2013,5,0.8994221
Measure 671,Measure,2018,8,ATCM36_wp059_e,2013,5,0.8068116903305054,ATCM42_wp016_e,2019,-1,0.89808923
Measure 671,Measure,2018,9,ATCM42_wp016_e,2019,-1,0.8055592775344849,ATCM35_wp044_e,2012,6,0.89231884
Measure 671,Measure,2018,10,ATCM37_wp058_rev1_e,2014,4,0.8051503896713257,ATCM35_wp058_e,2012,6,0.8502698
Measure 785,Measure,2023,1,ATCM42_wp003_e,2019,4,0.8716726303100586,ATCM31_wp037_rev1_e,2008,15,0.9856961
Measure 785,Measure,2023,2,ATCM45_wp023_e,2023,0,0.8702015280723572,ATCM36_wp003_e,2013,10,0.983445
Measure 785,Measure,2023,3,ATCM31_wp037_rev1_e,2008,15,0.8627921938896179,ATCM42_wp003_e,2019,4,0.9829285
Measure 785,Measure,2023,4,ATCM36_wp003_e,2013,10,0.8560161590576172,ATCM45_wp023_e,2023,0,0.9826643
Measure 785,Measure,2023,5,ATCM46_wp023_e,2024,-1,0.8133126497268677,ATCM36_wp059_e,2013,10,0.9062307
Measure 785,Measure,2023,6,ATCM39_wp027_e,2016,7,0.803299069404602,ATCM45_wp054_rev1_e,2023,0,0.9046421
Measure 785,Measure,2023,7,ATCM35_wp044_e,2012,11,0.8023517727851868,ATCM35_wp044_e,2012,11,0.9034136
Measure 785,Measure,2023,8,ATCM43_wp045_e,2021,2,0.7986338138580322,ATCM39_wp027_e,2016,7,0.90038973
Measure 785,Measure,2023,9,ATCM45_wp054_rev1_e,2023,0,0.7956094741821289,ATCM43_wp045_e,2021,2,0.8971018
Measure 785,Measure,2023,10,ATCM36_wp059_e,2013,10,0.7951995134353638,ATCM46_wp023_e,2024,-1,0.8949181
Resolution 677,Resolution,2018,1,ATCM31_wp061_e,2008,10,0.8867124319076538,ATCM41_wp020_e,2018,0,0.983445
Resolution 677,Resolution,2018,2,ATCM32_wp003_e,2009,9,0.8704711198806763,ATCM31_wp061_e,2008,10,0.95970166
Resolution 677,Resolution,2018,3,ATCM30_wp038_e,2007,11,0.8511925935745239,ATCM30_wp038_e,2007,11,0.95939845
Resolution 677,Resolution,2018,4,ATCM20_wp013_e,1996,22,0.8364810347557068,ATCM42_wp058_e,2019,-1,0.95769125
Resolution 677,Resolution,2018,5,ATCM24_wp016_e,2001,17,0.8315668702125549,ATCM32_wp003_e,2009,9,0.9526798
Resolution 677,Resolution,2018,6,ATCM41_wp020_e,2018,0,0.8309326171875,ATCM40_wp047_e,2017,1,0.9510695
Resolution 677,Resolution,2018,7,ATCM33_wp047_e,2010,8,0.8217002153396606,ATCM39_wp030_e,2016,2,0.9484609
Resolution 677,Resolution,2018,8,ATCM40_wp047_e,2017,1,0.8196214437484741,ATCM24_wp016_e,2001,17,0.9434727
Resolution 677,Resolution,2018,9,ATCM42_wp058_e,2019,-1,0.8180946707725525,ATCM20_wp013_e,1996,22,0.9351336
Resolution 677,Resolution,2018,10,ATCM39_wp030_e,2016,2,0.8177759647369385,ATCM33_wp047_e,2010,8,0.9311125
Measure 791,Measure,2023,1,ATCM45_wp007_e,2023,0,0.9079010486602783,ATCM36_wp013_e,2013,10,0.9785164
Measure 791,Measure,2023,2,ATCM36_wp013_e,2013,10,0.8972641825675964,ATCM41_wp007_e,2018,5,0.9749741
Measure 791,Measure,2023,3,ATCM41_wp007_e,2018,5,0.8909339904785156,ATCM45_wp007_e,2023,0,0.9742002
Measure 791,Measure,2023,4,ATCM35_wp044_e,2012,11,0.7793538570404053,ATCM47_wp011_e,2025,-2,0.9179963
Measure 791,Measure,2023,5,ATCM35_wp061_e,2012,11,0.7778342366218567,ATCM45_wp002_rev1_e,2023,0,0.91013885
Measure 791,Measure,2023,6,ATCM43_wp045_e,2021,2,0.7759575843811035,ATCM46_wp005_e,2024,-1,0.90362644
Measure 791,Measure,2023,7,ATCM45_wp002_rev1_e,2023,0,0.774644672870636,ATCM35_wp044_e,2012,11,0.9006522
Measure 791,Measure,2023,8,ATCM35_wp060_e,2012,11,0.7730949521064758,ATCM43_wp045_e,2021,2,0.8979998
Measure 791,Measure,2023,9,ATCM47_wp011_e,2025,-2,0.7726677656173706,ATCM35_wp061_e,2012,11,0.8741202
Measure 791,Measure,2023,10,ATCM46_wp005_e,2024,-1,0.7724908590316772,ATCM35_wp060_e,2012,11,0.8739052
Decision 835,Decision,2024,1,ATCM46_wp060_e,2024,0,0.8918836116790771,ATCM47_wp002_e,2025,-1,0.9797918
Decision 835,Decision,2024,2,ATCM46_wp004_e,2024,0,0.8914899230003357,ATCM46_wp058_e,2024,0,0.9791637
Decision 835,Decision,2024,3,ATCM46_wp024_e,2024,0,0.8894795179367065,ATCM46_wp024_e,2024,0,0.9749741
Decision 835,Decision,2024,4,ATCM45_wp013_e,2023,1,0.8807061910629272,ATCM46_wp003_e,2024,0,0.9723727
Decision 835,Decision,2024,5,ATCM46_wp058_e,2024,0,0.8793659210205078,ATCM45_wp013_e,2023,1,0.96996796
Decision 835,Decision,2024,6,ATCM46_wp003_e,2024,0,0.8772829174995422,ATCM46_wp060_e,2024,0,0.9695095
Decision 835,Decision,2024,7,ATCM47_wp002_e,2025,-1,0.8550835847854614,ATCM46_wp004_e,2024,0,0.9690442
Decision 835,Decision,2024,8,ATCM17_wp002_e,1992,32,0.8486732840538025,ATCM45_wp019_e,2023,1,0.9595504
Decision 835,Decision,2024,9,ATCM45_wp019_e,2023,1,0.8482298254966736,ATCM17_wp002_e,1992,32,0.9229281
Decision 835,Decision,2024,10,ATCM16_wp041_e,1991,33,0.8477495908737183,ATCM16_wp041_e,1991,33,0.91981554
Resolution 779,Resolution,2022,1,ATCM21_wp025_e,1997,25,0.8733247518539429,ATCM43_wp061_e,2021,1,0.9605984
Resolution 779,Resolution,2022,2,ATCM43_wp061_e,2021,1,0.8634487986564636,ATCM21_wp025_e,1997,25,0.94940734
Resolution 779,Resolution,2022,3,ATCM42_wp066_e,2019,3,0.8494670391082764,ATCM21_wp041_e,1997,25,0.943264
Resolution 779,Resolution,2022,4,ATCM33_wp041_e,2010,12,0.8388829231262207,ATCM36_wp033_e,2013,9,0.9371187
Resolution 779,Resolution,2022,5,ATCM36_wp033_e,2013,9,0.8330165147781372,ATCM18_wp020_e,1994,28,0.9291452
Resolution 779,Resolution,2022,6,ATCM43_wp038_e,2021,1,0.8188358545303345,ATCM42_wp066_e,2019,3,0.92908084
Resolution 779,Resolution,2022,7,ATCM27_wp012_e,2004,18,0.8107714056968689,ATCM43_wp038_e,2021,1,0.91930985
Resolution 779,Resolution,2022,8,ATCM23_wp033_e,1999,23,0.8083169460296631,ATCM27_wp012_e,2004,18,0.91263664
Resolution 779,Resolution,2022,9,ATCM18_wp020_e,1994,28,0.798233151435852,ATCM33_wp041_e,2010,12,0.9113494
Resolution 779,Resolution,2022,10,ATCM21_wp041_e,1997,25,0.7958205938339233,ATCM23_wp033_e,1999,23,0.85126173
