Document_Number,Subject,Status,Category,Topics,Title,Content,Measure,Year,ATCM,Feature,City,TRUE,FALSE
432,Landing of Persons from Passenger vessels,Not yet effective,Tourism and Non-Governmental Activities,Tourism and Non-Governmental Activities,"Measure 15 (2009) - ATCM XXXII - CEP XII, Baltimore","Landing of Persons from Passenger Vessels in the Antarctic Treaty AreaThe Representatives,Noting the increasing trend in tourist activities in the Treaty area and the possible impacts of such activities on the Antarctic environment, including its wildlife, and on the conduct of scientific research;Conscious of their responsibilities to ensure that tourism is conducted in a safe and environmentally responsible manner consistent with the objectives of the Antarctic Treaty;Acknowledging the tourism industry’s collaboration in efforts to ensure that its activities are sustainable and compatible with the objectives of the Antarctic Treaty;Aware of hazards confronting passenger vessels operating in the Antarctic Treaty area and desiring to promote the safety of life at sea;Wishing to minimize the likelihood of marine oil spills due to incidents involving large tourist vessels in Antarctica;Recalling Resolution 4 (2007);Recalling the existence of resolutions which set site-specific recommendations;Recommend to their Governments the following Measure for approval in accordance with paragraph 4 of Article IX of the Antarctic Treaty:That:1. Parties shall require their operators organizing tourist or other non-governmental activities in the Antarctic Treaty area, for which advance notification is required in accordance with Article VII(5) of the Antarctic Treaty,a. to refrain from making any landings in Antarctica from vessels carrying more than 500 passengers unless a lower number is otherwise specified in applicable ATCM measures; andb. in the case of vessels carrying 500 or fewer passengers,i. to coordinate with each other with the objective  that not more than one tourist vessel is at a landing site at any one time;ii. to restrict the number of passengers on shore at any one time to 100 or fewer, unless a lower number is otherwise specified in applicable ATCM Measures and to maintain a 1:20 guide-to-passenger ratio, unless a more restrictive ratio is otherwise specified in applicable ATCM  measures.2. nothing in this Measure shall derogate from the rights and obligations of any Party with respect to environmental impact assessments and restrictions on the activities of their nationals in accordance with Article 8 and other relevant provisions of the Protocol on Environmental Protection to the Antarctic Treaty.3. this Measure, including the specific restrictions in paragraph 1 above, shall be subject to further discussion in future ATCMs to take account of possible changes in circumstance, including with respect to specific sites in Antarctica.",Measure 15,2009,ATCM XXXII,CEP XII,Baltimore,"Argentina, Australia, Belgium, Czechia, Ecuador, Finland, France, Japan, Netherlands, New Zealand, Russian Federation, Spain, Ukraine, United Kingdom, Uruguay","Brazil, Bulgaria, Chile, China, Germany, India, Italy, Korea (ROK), Norway, Peru, Poland, South Africa, Sweden, United States"
331,Annex VI (Liability),Not yet effective,Institutional & legal mattersEnvironmental protection,Institutional & legal mattersEnvironmental protection,"Measure 1 (2005) - ATCM XXVIII - CEP VIII, Stockholm","ANNEX VI TO THE PROTOCOL ON ENVIRONMENTAL PROTECTION TO THE ANTARCTIC TREATY:LIABILITY ARISING FROM ENVIRONMENTAL EMERGENCIESThe Representatives,Recommend to their Governments that:i. The Annex attached to this Measure form Annex VI on Liability Arising From Environmental Emergencies to the Protocol on Environmental Protection to the Antarctic Treaty;ii. The Annex become effective upon the date on which this Measure has been approved by all Consultative Parties entitled to attend the XXVIIIth Antarctic Treaty Consultative Meeting.Attachment: Annex VI to the Protocol on Environmental Protection to the Antarctic Treaty.",Measure 1,2005,ATCM XXVIII,CEP VIII,Stockholm,"Australia, Chile, Colombia, Ecuador, Finland, France, Germany, Italy, Netherlands, New Zealand, Norway, Peru, Poland, Russian Federation, South Africa, Spain, Sweden, Ukraine, United Kingdom, Uruguay","Argentina, Belgium, Brazil, Bulgaria, China, Czechia, India, Japan, Korea (ROK), United States"
321,Tourism and Non-Governmental activities,Not yet effective,Tourism and Non-Governmental Activities,Tourism and Non-Governmental Activities,"Measure 4 (2004) - ATCM XXVII - CEP VII, Capetown","INSURANCE AND CONTINGENCY PLANNING FOR TOURISM AND  NON GOVERNMENTAL ACTIVITIES IN THE ANTARCTIC TREATY AREAThe Representatives,Concerned at the potential impacts, including the imposition of additional costs, that tourist or other non-governmental activities may have on national programmes, and the risks to the safety of those involved in search and rescue operations;Desiring to ensure that tourist or other non-governmental activities undertaken in Antarctica are carried out in a safe and self-sufficient manner;Desiring further to ensure that the risks associated with tourism or other non-governmental activities are fully identified in advance, and minimised;Noting that the ""Procedures to be Followed by Organisers and Operators"", as set out in the Attachment to Recommendation XVIII-1, contain some elements relating to self-sufficiency and insurance;Recommend to their Governments the following Measure for approval in accordance with paragraph 4 of Article IX of the Antarctic Treaty:That Parties shall require those under their jurisdiction organising or conducting tourist or other non-governmental activities in the Antarctic Treaty Area, for which advance notification is required in accordance with Article VII (5) of the Antarctic Treaty, to demonstrate compliance with the following requirements:- that appropriate contingency plans and sufficient arrangements for health and safety, search and rescue (SAR), and medical care and evacuation have been drawn up and are in place prior to the start of the activity.  Such plans and arrangements shall not be reliant on support from other operators or national programmes without their express written agreement; and- that adequate insurance or other arrangements are in place to cover any costs associated with search and rescue and medical care and evacuation.",Measure 4,2004,ATCM XXVII,CEP VII,Capetown,"Argentina, Australia, Belgium, Chile, Czechia, Ecuador, Finland, France, Japan, Netherlands, New Zealand, Norway, Poland, Russian Federation, South Africa, Spain, Ukraine, United Kingdom, Uruguay","Brazil, Bulgaria, China, Germany, India, Italy, Korea (ROK), Peru, Sweden, United States"
277,"Extension of expiry dates for SSSI 4 (Cape Crozier), 5 (Fildes Peninsula), 6 (Byers Peninsula), 7 (Haswell Island), 18 (Northwest White Island), 33 (Ardley Island), 35 (Bransfield Strait) and 36 (Dallman Bay)",Did not enter into effect. Withdrawn:M 4 (2011),Area protection and management,Area protection and management,"Measure 3 (2001) - ATCM XXIV - CEP IV, St. Petersburg","ANTARCTIC PROTECTED AREAS SYSTEM:EXTENSION OF EXPIRY DATES FOR CERTAIN SITES OF SPECIAL SCIENTIFIC INTERESTThe Representatives,Recalling Recommendations VIII-4, XIII-8, XII-8, XVI-2, and XVI-3 adopting the Management Plans for Sites of Special Scientific Interest numbers 4, 5, 6, 7, 18, 33, 35, and 36;Noting that the expiry date for these sites is 31 December 2001, but wishing to continue to protect these sites until such time their respective management plans have been revised in accordance with Annex V to the Environmental Protocol;Recommend to their Governments the following Measure for approval in accordance with paragraph 4 of Article IX of the Antarctic Treaty:That the date of expiry of the management plans in the list annexed to this Measure be extended until 31 December 2005, and that this Measure be applied provisionally, to the fullest extent possible consistent with their Governments' domestic laws and regulations, pending such approval.Annex to Measure 3(2001)SSSI Number 4 Cape Crozier, Ross IslandSSSI Number 5 Fildes Peninsula, King George Island, South Shetland IslandsSSSI Number 6 Byers Peninsula, Livingston Island, South Shetland IslandsSSSI Number 7 Haswell IslandSSSI Number 18 North-west White Island, McMurdo SoundSSSI Number 33 Ardley Island, Maxwell Bay, King George IslandSSSI Number 35 Western Bransfield Strait, off Low Island, South Shetland IslandsSSSI Number 36 East Dallman Bay, off Brabant Island",Measure 3,2001,ATCM XXIV,CEP IV,,"Australia, Belgium, Brazil, Chile, China, Czechia, Ecuador, Finland, France, Germany, India, Japan, Korea (ROK), Netherlands, New Zealand, Norway, Peru, Poland, Russian Federation, South Africa, Sweden, United States, Uruguay","Argentina, Bulgaria, Italy, Spain, Ukraine, United Kingdom"
276,Historic Monument 76 (Ruins of Base Pedro Aguirre Cerda),Did not enter into effect. No longer current:M 3 (2003),Historic Sites and MonumentsArea protection and management,Historic Sites and MonumentsArea protection and management,"Measure 2 (2001) - ATCM XXIV - CEP IV, St. Petersburg","ANTARCTIC PROTECTED AREA SYSTEM HISTORIC SITES AND MONUMENTSRUINS OF THE BASE PEDRO AGUIRRE CERDA, PENDULUM COVE, DECEPTION ISLAND, ANTARCTICAThe Representatives,Recalling Recommendations I-IX, VI-14, VII-9, XII-7, XIII-16, XIV-8;Acknowledging the significance of the ruins of the base Pedro Aguirre Cerda, Deception Island:- to Chilean Antarctic history;- to early meteorological and volcanological recordings in Antarctica;- as an example of historic damage to a base by a natural phenomena,Recommend to their Governments the following Measure for approval in accordance with paragraph 4 of Article IX of the Antarctic Treaty:The following site be added to the ""List of Historic Monuments identified and described by the Proposing Government or Governments"" annexed to Recommendation VII-9 and thereafter it be accorded the respect and protection required by the Recommendations recalled above:The ruins of the base Pedro Aguirre Cerda, being a Chilean meteorological and volcanological center situated at Pendulum Cove, Deception Island, Antarctica, that was destroyed by volcanic eruptions in 1967 and 1969.",Measure 2,2001,ATCM XXIV,CEP IV,,"Australia, Belgium, Brazil, Chile, China, Czechia, Finland, France, Germany, India, Japan, Korea (ROK), Netherlands, New Zealand, Norway, Peru, Poland, Russian Federation, South Africa, Sweden, United Kingdom, United States, Uruguay","Argentina, Bulgaria, Ecuador, Italy, Spain, Ukraine"
275,Historic Monument 75 ('A' Hut of Scott Base),Did not enter into effect. No longer current:M 3 (2003),Historic Sites and MonumentsArea protection and management,Historic Sites and MonumentsArea protection and management,"Measure 1 (2001) - ATCM XXIV - CEP IV, St. Petersburg","ANTARCTIC PROTECTED AREA SYSTEM HISTORIC SITES AND MONUMENTS""A HUT"", SCOTT BASE, ROSS SEA REGION, ANTARCTICAThe Representatives,Recalling Recommendations I-IX, VI-14, VII-9, XII-7, XIII-16, XIV-8;Acknowledging the significance of ""A Hut"", Scott Base to:- New Zealand Antarctic history- the establishment of Scott Base- early scientific investigation in the Ross Sea Region- the involvement of New Zealand in the International Geophysical Year 1957- connections between Antarctica and New Zealand- the Commonwealth Trans Antarctic Expedition 1956/1957Recommend to their Governments the following Measure for approval in accordance with paragraph 4 of Article IX of the Antarctic Treaty:The following building be added to the ""List of Historic Monuments Identified and Described by the Proposing Government or Governments"" annexed to Recommendation VII-9 and that thereafter it be accorded the respect and protection required by the Recommendations recalled above:The A Hut of Scott Base, being the only existing Trans Antarctic Expedition 1956/1957 building in Antarctica sited at Pram Point, Ross Island, Ross Sea Region, Antarctica.",Measure 1,2001,ATCM XXIV,CEP IV,,"Australia, Belgium, Brazil, Chile, China, Czechia, Finland, France, Germany, India, Japan, Korea (ROK), Netherlands, New Zealand, Norway, Peru, Poland, Russian Federation, South Africa, Sweden, United Kingdom, United States, Uruguay","Argentina, Bulgaria, Ecuador, Italy, Spain, Ukraine"
271,"Extension of expiry dates for SSSI 1 (Cape Royds), 2 (Arrival Heights), 3 (Barwick Valley), 16 (Bailey Peninsula), 20 (Biscoe Point), 21 (Deception Island), 24 (Mount Melbourne), 25 (Marine Plain), 26 (Chile Bay), 27 (Port Foster), 28 (South Bay), 29 (Ablation Point), 31 (Mount Flora) and 32 (Cape Shirreff)",Did not enter into effect. Withdrawn:M 5 (2009),Area protection and management,Area protection and management,"Measure 2 (2000) - SATCM XII - CEP III, The Hague","ANTARCTIC PROTECTED AREAS SYSTEM.EXTENSION OF EXPIRY DATES FOR CERTAIN SITES OF SPECIAL SCIENTIFIC INTERESTThe Representatives,Recalling Recommendations VIII-4, XIII-8, XIV-5, XV-6 and XV-7 adopting the Management Plans for Sites of Special Scientific Interest numbers 1, 2, 3, 16, 20, 21, 24, 25, 26, 27, 28, 29, 31 and 32;Noting that the expiry date for these sites is 31 December 2000, but wishing to continue to protect these sites, until such time that their respective Management Plans have been revised in accordance with Annex V of the Environmental Protocol;Recommend to their Governments the following Measure for approval in accordance with paragraph 4 of Article IX of the Antarctic Treaty.That the date of expiry of the management plans in the list annexed to this Measure be extended until 31 December 2005, and that this Measure be applied provisionally, to the fullest extent possible consistent with their Governments' domestic laws and regulations, pending such approval.Annex to Measure 2 (2000)SSSI Number 1   Cape Royds, Ross IslandSSSI Number 2   Arrival Heights, Hut Point Peninsula, Ross IslandSSSI Number 3   Barwick Valley, Victoria LandSSSI Number 16  North-Eastern Bailey Peninsula, Budd CoastSSSI Number 20  Biscoe Point, Anvers IslandSSSI Number 21  Parts of Deception Island, South Shetland IslandsSSSI Number 24  Summit of Mount Melbourne, Northern Victoria LandSSSI Number 25  Marine Plain, Mule Peninsula, Vestfold HillsSSSI Number 26  Chile Bay, (Discovery Bay), Greenwich IslandSSSI Number 27  Port Foster, Deception Island, South Shetland IslandsSSSI Number 28  South Bay, Doumer Island, Palmer  ArchipelagoSSSI Number 29  Ablation Point-Ganymede Heights, Alexander IslandSSSI Number 31  Mount Flora, Hope Bay, Antarctic PeninsulaSSSI Number 32  Cape Shirreff, Livingstone Island, South Shetland Islands",Measure 2,2000,ATCM XII,CEP III,,"Australia, Belgium, Brazil, Chile, China, Finland, Germany, India, Netherlands, New Zealand, Peru, Russian Federation, South Africa, Sweden, United States, Uruguay","Argentina, Bulgaria, Czechia, Ecuador, France, Italy, Japan, Korea (ROK), Norway, Poland, Spain, Ukraine, United Kingdom"
270,"Revised management plans for SPA 14 (Lynch Island), 19 (Lagotellerie Island), 20 (New College Valley, also incorporating SSSI 10 (Caughley Beach)), SSSI 8 (Admiralty Bay), 17 (Clark Peninsula), 22 (Yukidori Valley), and 34 (Lions Rump)",Did not enter into effect. Withdrawn:D 3 (2017),Area protection and management,Area protection and management,"Measure 1 (2000) - SATCM XII - CEP III, The Hague","ANTARCTIC PROTECTED AREAS SYSTEM:REVISED MANAGEMENT PLANS FOR SPECIALLY PROTECTED AREAS AND SITES OF SPECIAL SCIENTIFIC INTEREST.The Representatives,Recalling Resolution 1 (1998) allocating responsibility among Consultative Parties for the revision of Management Plans for protected areas;Recommend to their Governments the following Measure for approval in accordance with paragraph 4 of Article IX of the Antarctic Treaty:1. That the Management Plan for Specially Protected Area N° 14, attached to this Measure, be inserted in the Annex to Recommendation IV-14 to replace the plan previously annexed to that Recommendation.2. That the Management Plan for Specially Protected Area N° 19, attached to this Measure, be inserted in the Annex to Recommendation XIII-11 to replace the plan previously annexed to that Recommendation.3. That the Management Plan for Specially Protected Area N° 20, attached to this Measure, be inserted in the Annex to Recommendation XIII-12 to replace the plan previously annexed to that Recommendation, and that thereupon SSSI No 10, as designated by Recommendation XIII-8, shall cease to exist.4. That the Management Plan for Site of Special Scientific Interest N° 8, attached to this Measure, be inserted in the Annex to Recommendation X-5 to replace the plan previously annexed to that Recommendation.5. That the Management Plan for Site of Special Scientific Interest N° 17, attached to this Measure, be inserted in the Annex to Recommendation XIII-8 to replace the plan previously annexed to that Recommendation.6. That the Management Plan for Site of Special Scientific Interest N° 22, attached to this Measure, be inserted in the Annex to Recommendation XIV-5 to replace the plan previously annexed to that Recommendation.7. That the Management Plan for Site of Special Scientific Interest N° 34, attached to this Measure, be inserted in the Annex to Recommendation XVI-2 to replace the plan previously annexed to that Recommendation.8. That the Parties ensure that their nationals comply with the mandatory provisions of the revised management plans.",Measure 1,2000,ATCM XII,CEP III,,"Australia, Belgium, Brazil, Chile, China, Czechia, Ecuador, Finland, France, Germany, India, Korea (ROK), Netherlands, New Zealand, Peru, Russian Federation, South Africa, Sweden, United Kingdom, United States, Uruguay","Argentina, Bulgaria, Italy, Japan, Norway, Poland, Spain, Ukraine"
261,Revised management plan for SSSI 23 (Svarthamaren),Did not enter into effect. Withdrawn:M 8 (2009),Area protection and management,Area protection and management,"Measure 1 (1999) - ATCM XXIII -  CEP II, Lima","ANTARCTIC PROTECTED AREAS SYSTEM:REVISED MANAGEMENT PLAN FOR SITE OF SPECIAL SCIENTIFIC INTEREST NO 23SVARTHAMARENThe Representatives,Recommend to their Governments the following Measure for approval in accordance with paragraph 4 of Article IX of the Antarctic Treaty:1. That the Management Plan for SSSI N° 23, attached to this Measure, be inserted in the Annex to Recommendation XIII-8 to replace the plan previously annexed to that Recommendation.2. That the Consultative Parties ensure that their nationals comply with the mandatory provisions of the revised management plan.",Measure 1,1999,ATCM XXIII,CEP II,Lima,"Argentina, Australia, Belgium, Brazil, Chile, China, Finland, France, Germany, India, Netherlands, New Zealand, Peru, Poland, Russian Federation, South Africa, Spain, Sweden, United Kingdom, United States, Uruguay","Bulgaria, Czechia, Ecuador, Italy, Japan, Korea (ROK), Norway, Ukraine"
250,Historic Monument 74 (Elephant Island),Did not enter into effect. No longer current:M 3 (2003),Historic Sites and MonumentsArea protection and management,Historic Sites and MonumentsArea protection and management,"Measure 2 (1998) - ATCM XXII - CEP I, Tromsø","ANTARCTIC PROTECTED AREAS SYSTEM: HISTORIC SITES AND MONUMENTS. SOUTH-WEST COAST OF ELEPHANT ISLAND, SOUTH SHETLAND ISLANDSThe Representatives,Recalling Recommendations I-IX, VI-14, VII-9, XII-7, XIII-16 and XIV-8;Noting the urgent need to protect the site containing wreckage from a large wooden sailing ship on the south-west coast of Elephant Island;Aware that the identity of this wreckage is still not known and that further investigation at the site may be necessary to determine the historical significance of the wreckage;Considering that Historic Site status should be conferred on the site;Recommend to their Governments the following Measure for approval in accordance with paragraph 4 of Article IX of the Antarctic Treaty:The following site be added to the ""List of Historic Monuments Identified and Described by the Proposing Government or Governments"" annexed to Recommendation VII-9 and that thereafter it be accorded the respect and protection required by the Recommendations recalled above:The south-west coast of Elephant Island between the southern side of Mensa Bay (61°10'S, 55°24'W) and Cape Lookout (61°17'S, 55°13'W), including all of the foreshore and intertidal areas, in which the wreckage of a large wooden sailing ship has been found.",Measure 2,1998,ATCM XXII,CEP I,Tromsø,"Argentina, Australia, Belgium, Brazil, Chile, China, Czechia, Finland, France, Germany, India, Korea (ROK), Netherlands, New Zealand, Peru, Poland, Russian Federation, South Africa, Spain, Sweden, United Kingdom, United States, Uruguay","Bulgaria, Ecuador, Italy, Japan, Norway, Ukraine"
249,"Designation of SPA 27 (Backdoor Bay), SPA 28 (Hut Point) and 29 (Cape Adare)",Did not enter into effect. Withdrawn:M 9 (2010),Area protection and management,Area protection and management,"Measure 1 (1998) - ATCM XXII - CEP I, Tromsø","ANTARCTIC PROTECTED AREAS SYSTEM: MANAGEMENT PLANS FOR SPECIALLY PROTECTED AREASNUMBER 27: CAPE ROYDS HISTORIC SITE AND ITS ENVIRONS (Appendix A)NUMBER 28: HUT POINT HISTORIC SITE (Appendix B)NUMBER 29: CAPE ADARE HISTORIC SITE AND ITS ENVIRONS (Appendix C)The Representatives,Recalling Recommendations XV-8 and XV-9;Noting that Management Plans for the above Areas have been endorsed by the Scientific Committee on Antarctic Research (SCAR);Noting also that the format of the Management Plans accord with Article 5 of Annex V of the Protocol on Environmental Protection to the Antarctic Treaty adopted under Recommendation XVI-10;Recognising that these Areas have outstanding historic significance which require long-term protection to ensure that their values are maintained, and to avoid undue human disturbance;Agreeing that pending entry into force of Annex V, proposals to designate and adopt management plans for the protection of particular historic values should be viewed as proposals for the designation of Specially Protected Areas (SPAs) in accordance with the Agreed Measures for the Conservation of Antarctic Flora and Fauna;Recommend to their Governments the following Measure for approval in accordance with paragraph 4 of Article IX of the Antarctic Treaty:That the Management Plans for the Cape Royds Historic Site and its environs (SPA No 27), the Hut Point Historic Site (SPA No 28) and the Cape Adare Historic Site and its environs (SPA No 29) annexed to this Measure be adopted.",Measure 1,1998,ATCM XXII,CEP I,Tromsø,"Argentina, Australia, Belgium, Brazil, Chile, China, Finland, France, Germany, India, Netherlands, New Zealand, Peru, Poland, Russian Federation, South Africa, Spain, Sweden, United Kingdom, United States, Uruguay","Bulgaria, Czechia, Ecuador, Italy, Japan, Korea (ROK), Norway, Ukraine"
243,Description of Historic Site No. 41 (Stone Hut on Paulet Island) modified,Did not enter into effect. No longer current:M 3 (2003),Historic Sites and MonumentsArea protection and management,Historic Sites and MonumentsArea protection and management,"Measure 5 (1997) - ATCM XXI, Christchurch","ANTARCTIC PROTECTED AREAS SYSTEM:HISTORIC SITES AND MONUMENTS:AMENDMENT NUMBER 41: STONE HUT ON PAULET ISLANDThe Representatives,Recalling the Measures adopted in Recommendations I-IX, V-4, VI-14, VII-9; and Resolution 8 (1995);Recommend to their Governments the following Measure for approval in accordance with paragraph 4 of Article IX of the Antarctic Treaty:That an amendment of the description of Historic Site Number 41, which is contained in the ""List of Historic Monuments and Described by the proposing Government or Governments"" annexed to Recommendation VII-9, be approved.Amendment to Listing:Site Number 41:  Stone Hut on Paulet Island.The following text should be added to the final part of the paragraph;""...and the rock cairn built by the survivors of the wreck at the highest point of the island to draw the attention of rescue expeditions.""",Measure 5,1997,ATCM XXI,,Christchurch,"Argentina, Australia, Belgium, Brazil, Chile, China, Czechia, Finland, France, Germany, India, Korea (ROK), Netherlands, New Zealand, Norway, Peru, Poland, Russian Federation, South Africa, Spain, Sweden, United Kingdom, United States, Uruguay","Bulgaria, Ecuador, Italy, Japan, Ukraine"
242,Historic Monument 73 (Lewis Bay Tomb),Did not enter into effect. No longer current:M 3 (2003),Historic Sites and MonumentsArea protection and management,Historic Sites and MonumentsArea protection and management,"Measure 4 (1997) - ATCM XXI, Christchurch","ANTARCTIC PROTECTED AREAS SYSTEM:HISTORIC SITES AND MONUMENTS:MEMORIAL CROSS, LEWIS BAY, ROSS ISLANDThe Representatives,Recalling in particular Recommendation XI-3;And also Recommendations I-9, V-4, VI-14, VII-9, XIII-7, XIII-16, XIV-8;Recommend to their Governments the following Measure for approval in accordance with paragraph 4 of Article 9 of the Antarctic Treaty to add the following historic monument to the ""List of Historic Monuments Identified and Described by the Proposing Government or Governments"" annexed to Recommendation VII-9, thereby guaranteeing its full protection and respect as envisaged by the Recommendation noted above.Memorial Cross for the 1979 Mount Erebus Crash Victims, Lewis Bay, Ross Island.A cross of stainless steel which was erected in January 1987 on a rocky promontory three kilometres from the Mount Erebus crash site in memory of the 257 people of different nationalities who lost their lives when the aircraft in which they were travelling crashed into the lower slopes of Mount Erebus, Ross Island.  The Cross was erected as a mark of respect and in remembrance of those who died in this tragedy.",Measure 4,1997,ATCM XXI,,Christchurch,"Argentina, Australia, Belgium, Brazil, Chile, China, Czechia, Finland, France, Germany, India, Japan, Korea (ROK), Netherlands, New Zealand, Norway, Peru, Poland, Russian Federation, South Africa, Spain, Sweden, United Kingdom, United States, Uruguay","Bulgaria, Ecuador, Italy, Ukraine"
241,"Designation of SSSI 37 (Botany Bay); revised management plans for SSSI 11 (Tramway Ridge), 12 (Canada Glacier), 13 (Potter Peninsula), 14 (Harmony Point) and 15 (Cierva Point)",Did not enter into effect. Withdrawn:M 6 (2011),Area protection and management,Area protection and management,"Measure 3 (1997) - ATCM XXI, Christchurch","ANTARCTIC PROTECTED AREAS SYSTEM: REVISED DESCRIPTIONS AND MANAGEMENT PLANS FOR SITES OF SPECIAL SCIENTIFIC INTEREST (SSSI)SSSI 11: Tramway RidgeSSSI 12: Canada Glacier, Taylor Valley, Victoria Land (Annex A)SSSI 13: Potter Peninsula, 25 de Mayo Island (King George Island), South Shetland Islands (Annex B)SSSI 14: Harmony Point, Nelson Island, South Shetland Islands (Annex C)SSSI 15: Cierva Point, Danco Coast, Antarctic Peninsula (Annex D)SSSI 37: Botany Bay, Cape Geology, Victoria LandThe Representatives,Recommend to their Governments the following Measure for approval in accordance with paragraph 4 of Article IX of the Antarctic Treaty:1. For the following Sites of Special Scientific Interest, that the relevant Management Plans annexed to this Measure be inserted in the Annex to Recommendation XIII-8 to replace those plans previously annexed to this Recommendation:SSSI 12: Canada Glacier, Taylor Valley, Victoria Land (Annex A)SSSI 13: Potter Peninsula, 25 de Mayo Island (King George Island), South Shetland Islands (Annedx B)SSSI 14: Harmony Point, Nelson Island, South Shetland Islands (Annex C)SSSI 15: Cierva Point, Danco Coast, Antarctic Peninsula (Annex D)2. For SSSI No. 37 Botany Bay, Cape Geology, Victoria Land, that the Management Plan annexed to this Measure (Annex E) be approved and adopted.3. For SSSI No. 11 Tramway Ridge, that the term 'restricted zone' be changed to 'prohibited zone'.4. That the Consultative Parties ensure that their nationals comply with the mandatory provisions of the new and revised management plans.",Measure 3,1997,ATCM XXI,,Christchurch,"Argentina, Australia, Belgium, Brazil, Chile, China, Czechia, Ecuador, Finland, France, Germany, India, Japan, Korea (ROK), Netherlands, New Zealand, Norway, Peru, Poland, Russian Federation, South Africa, Spain, Sweden, United Kingdom, United States, Uruguay","Bulgaria, Italy, Ukraine"
240,Designation of SPA 25 (Cape Evans) and SPA 26 (Lewis Bay Tomb),Did not enter into effect. Withdrawn:M 8 (2010),Area protection and management,Area protection and management,"Measure 2 (1997) - ATCM XXI, Christchurch","ANTARCTIC PROTECTED AREAS SYSTEM: MANAGEMENT PLANS FOR SPECIALLY PROTECTED AREASNUMBER 25: CAPE EVANS HISTORIC SITE AND ITS ENVIRONS (Annex A)NUMBER 26: LEWIS BAY TOMB (Annex B)The Representatives,Recalling Recommendations XV-8 and XV-9;Noting that Management Plans for the above Areas have been endorsed by the Scientific Committee on Antarctic Research (SCAR);Noting also that the format of the Management Plans accord with Article 5 of Annex V of the Protocol on Environmental Protection to the Antarctic Treaty adopted under Recommendation XVI-10;Recognising that both these Areas have outstanding historic and commemorative significance which require long-term protection to ensure that their values are maintained and to avoid undue human disturbance;Agreeing that pending entry into force of Annex V, proposals to designate and adopt management plans for the protection of historic or commemorative values should be viewed as proposals for the designation of Specially Protected Areas (SPAs) in accordance with the Agreed Measures for the Conservation of Antarctic Flora and Fauna;Recommend to their Governments the following Measure for approval in accordance with paragraph 4 of Article IX of the Antarctic Treaty:That the Management Plans for the Cape Evans Historic Site and its environs (SPA No. 25) and the Lewis Bay Tomb (SPA No. 26) annexed to this Measure be adopted.",Measure 2,1997,ATCM XXI,,Christchurch,"Argentina, Australia, Belgium, Brazil, Chile, China, Finland, France, Germany, India, Netherlands, New Zealand, Norway, Peru, Poland, Russian Federation, South Africa, Spain, Sweden, United Kingdom, United States, Uruguay","Bulgaria, Czechia, Ecuador, Italy, Japan, Korea (ROK), Ukraine"
239,Revised management plan for SPA 5 (Beaufort Island),Did not enter into effect. Withdrawn:M 4 (2010),Area protection and management,Area protection and management,"Measure 1 (1997) - ATCM XXI, Christchurch","ANTARCTIC PROTECTED AREAS SYSTEM:REVISED DESCRIPTION AND MANAGEMENT PLAN FOR SPECIALLY PROTECTED AREASPA 5 BEAUFORT ISLAND (Annex A)The Representatives,Recalling Recommendations XV-8 and XV-9/VIII-3Noting that revised and new Area Descriptions and Proposed Management Plans have been endorsed by the Scientific Committee on Antarctic Research (SCAR);Noting also that the format of the revised and new Area Descriptions and proposed Management Plans accord with Article 5 of Annex V of the Protocol on Environmental Protection to the Antarctic Treaty adopted under Recommendation XVI-10;Recommend to their Governments the following Measure for approval in accordance with paragraph 4 of Article IX of the Antarctic Treaty:For Specially Protected Area No. 5 Beaufort Island (Annex A)1. That the Description inserted in Annex B, Specially Protected Areas, of the Agreed Measures for the Conservation of Antarctic Fauna and Flora shall be deleted.2. That the Description and Management Plan of the Specially Protected Area at Annex A shall be inserted in Annex B, Specially Protected Areas, of the Agreed Measures for the Conservation of Antarctic Fauna and Flora.",Measure 1,1997,ATCM XXI,,Christchurch,"Argentina, Australia, Belgium, Brazil, Chile, China, Finland, France, Germany, India, Netherlands, New Zealand, Norway, Peru, Poland, Russian Federation, South Africa, Spain, Sweden, United Kingdom, United States, Uruguay","Bulgaria, Czechia, Ecuador, Italy, Japan, Korea (ROK), Ukraine"
233,Historic Monument 72 (Mikkelsen Cairn),Did not enter into effect. No longer current:M 3 (2003),Historic Sites and MonumentsArea protection and management,Historic Sites and MonumentsArea protection and management,"Measure 2 (1996) - ATCM XX, Utrecht","ANTARCTIC PROTECTED AREA SYSTEM: NEW HISTORIC SITES AND MONUMENTSThe Representatives,Recalling Recommendations I-IX, V-4, Vl-14, Vll-9, XII-7, XIII-16 and XIV-8, Measures 4 and 5 (1995) and Resolution 8 (1995),Recommend to their governments the following Measure for approval in accordance with paragraph 4 of Article IX of the Antarctic Treaty to add the following historic monuments to the ""List of Historic Monuments Identified and Described by the proposing Government or Governments"" annexed to recommendation Vll-9, thereby guaranteeing its full protection and respect as envisaged by the Recommendations noted above.Mikkelsen Cairn, Tryne Islands, Vestfold Hills.  A rock cairn and a wooden mast erected by the landing party led by Captain Klarius Mikkelsen of the Norwegian whaling ship Thorshavn and including Caroline Mikkelsen, Captain Mikkelsen's wife, the first woman to set foot on East Antarctica.  The cairn, at latitude 68°22'34""S longitude 78°24'33""E was discovered by Australian National Antarctic Research Expedition field parties in 1957 and again in 1995.",Measure 2,1996,ATCM XX,,Utrecht,"Argentina, Australia, Belgium, Brazil, Chile, China, Czechia, Finland, France, Germany, India, Italy, Japan, Korea (ROK), Netherlands, New Zealand, Norway, Peru, Poland, Russian Federation, South Africa, Spain, Sweden, United Kingdom, United States, Uruguay","Bulgaria, Ecuador, Ukraine"
232,Revision of management plans for SSSI 9 (Rothera Point) and 19 (Linnaeus Terrace),Did not enter into effect. Withdrawn:M 10 (2008),Area protection and management,Area protection and management,"Measure 1 (1996) - ATCM XX, Utrecht","REVISED DESCRIPTION AND MANAGEMENT PLAN FOR SITES OF SPECIAL SCIENTIFIC INTEREST (SSSI)The Representatives,Recommend to their Governments the following Measure for approval in accordance with paragraph 4 of Article IX of the Antarctic Treaty,For the Sites of Special Scientific Interest mentioned below.(i) the Management Plan inserted in the Annex to Recommendation XIII-8 on the Facilitation of scientific research: Sites of Special Scientific Interest be deleted;(ii) the relevant Management Plan of the Sites of Special Scientific Interest, annexed to this Measure, be inserted in the Annex to Recommendation XIII-8 on the Facilitation of scientific research: Sites of Special Scientific Interest;The Sites of Special Scientific Interest concerned are:SSSI No 9 Rothera Point, Adelaide IslandSSSI No 19 Linnaeus Terrace, Asgard Range, Victoria Land;iii) that the Consultative Parties ensure that their nationals comply with mandatory provisions of the new Management Plans.",Measure 1,1996,ATCM XX,,Utrecht,"Argentina, Australia, Belgium, Brazil, Chile, China, Finland, France, Germany, India, Italy, Netherlands, New Zealand, Norway, Peru, Poland, Russian Federation, South Africa, Spain, Sweden, United Kingdom, United States, Uruguay","Bulgaria, Czechia, Ecuador, Japan, Korea (ROK), Ukraine"
220,Amendment to Historic Monument No. 14 (Inexpressible Island),Did not enter into effect. No longer current:M 3 (2003),Historic Sites and MonumentsArea protection and management,Historic Sites and MonumentsArea protection and management,"Measure 5 (1995) - ATCM XIX, Seoul","HISTORIC SITES AND MONUMENTS:AMENDMENTThe Representatives of the Consultative Parties,Recalling Recommendations I-IX, VI-14, VII-9, XII-7, XIII-16 and XIV-8;Recommend to their Governments the following Measure for approval in accordance with paragraph 4 of Article IX of the Antarctic Treaty:That the description of Historic Site Number 14, which is contained in the ""List of Historic Monuments Identified and Described by the proposing Government or Governments"" annexed to Recommendation VII-9, be amended to read:Site Number 14: Inexpressible Island, Terra Nova Bay, Scott Coast""Site of ice cave at Inexpressible Bay, Terra Nova Bay, constructed in March 1912 by Victor Campbell's Northern Party, British Antarctic Expedition, 1910-13 (Lat 70°54'S, Long 163°43'E).  The Party spent the winter of 1912 in this ice cave.",Measure 5,1995,ATCM XIX,,Seoul,"Argentina, Australia, Belgium, Brazil, Chile, China, Czechia, Finland, France, Germany, India, Italy, Korea (ROK), Netherlands, New Zealand, Norway, Peru, Poland, Russian Federation, South Africa, Spain, Sweden, United Kingdom, United States, Uruguay","Bulgaria, Ecuador, Japan, Ukraine"
219,11 monuments added to the List of Historic Monuments,Did not enter into effect. No longer current:M 3 (2003),Historic Sites and MonumentsArea protection and management,Historic Sites and MonumentsArea protection and management,"Measure 4 (1995) - ATCM XIX, Seoul","ANTARCTIC PROTECTED AREA SYSTEM:NEW HISTORIC SITES AND MONUMENTSThe Representatives of the Consultative Parties,Recalling the Measures adopted in Recommendations l-IX, V-4, VI-14, VII-9, XII-7, XIII-16, and XIV-8;Recommend to their Governments the following Measure for approval in accordance with paragraph 4 of Article IX of the Antarctic Treaty; that the following historic monuments be added to the ""List of Historic Monuments Identified and Described by the Proposing Government or Governments"" annexed to Recommendation VII-9.-    Port Lockroy, Base A, on Goudier Island, off Wiencke Island, Antarctic Peninsula (Lat 64°49' S, Long 63°31' W).  Of historic importance as an Operation Tabarin base and for scientific research.-    Argentine Islands, Base F (Wordie House), South-west corner of Winter Island, one of the group known as the Argentine Islands (Lat 65°15' S, Long 64°16' W).  Of historic interest as an example of an early British scientific base.-    Horseshoe Island, Base Y, Marguerite Bay, West Graham Land (Lat 67°49' S, Long 67°18' W).  Noteworthy as a relatively unaltered and completely equipped base of a later period.  Blaiklock, the refuge hut nearby, is taken to be an integral part of the base.-    Stonington Island, Base E, Northern end of Stonington Island, Marguerite Bay, West Graham Land (Long 68°11' S, 67°00' W).  Of historical importance in the early period of exploration and later British Antarctic Survey (BAS) history of the 1960s and 70s.-    Message Post, Svend Foyn Island.  A pole with a box attached was placed on 16 January 1895 during the whaling expedition of Henryk Bull and Captain Leonard Kristensen of the ship ""Antarctica.""  It was examined and found intact by the British Antarctic Expedition of 1898-1900 and then sighted from the beach by the USS Edisto in 1956 and USCGS Glacier in 1965 (latitude approximately 71°52'S, longitude 171°10'E).-    Prestrud's Cairn, at the foot of main bluff Scott Nunataks, Queen Alexandra Mountains.  A small rock cairn at the foot of the main bluff on the north side of the Aunataks by Lieutenant K. Prestrud on 3 December 1911 during the Norwegian Antarctic Expedition of 1910- 1912 (latitude 77°12' S, longitude 154°30' W).-    Rock Shelter ""Granite House"", Cape Geology, Granite Harbour.  This shelter was constructed in December 1911 for use as a field kitchen by Taylor's second geological excursion during the British Antarctic Expedition of 1910-1913.  It was enclosed on three sides with granite boulder walls and used as a sledge to form a roof tree which supported seal skins anchored by heavy rocks (latitude 77°00'S, longitude 162°32'E).  A 1981 inspection of the ""house"" found it in good condition although the sledge had begun to disintegrate.  The most recent visit to the site in 1990 reported that this deterioration was accelerating.-    Depot, Hells Gate Moraine, Inexpressible Island, Terra Nova Bay.  An emergency depot, consisting of a sledge loaded with supplies and equipment, was place on 25 January 1913 by the British Antarctic Expedition at the close of the 1910-1913 expedition.  The depot was established by the crew of the Terra Nova to provide security in the event the ship was unable to return and pick them up (latitude 74°56'S, longitude 163°48'E).  In 1994, the sledge and supplies were removed in order to stabilise their condition as wind and scoria particles had started to cause rapid deterioration.-    Message Post, Cape Crozier.  Erected on 22 January 1902 by Captain Robert F Scott's Discovery Expedition (the National Antarctic Expedition of 1901-1904) and consists of a post to which a metal cylinder was attached containing an account of the Expedition's movements.  It was intended to provide information for the expedition relief ships (latitude 77°27'S, longitude 169°16'E).  The message post, although weathered, still stands, its grain blasted into high relief by countless storms.  The record cylinder no longer exists.-    Message Post, Cape Wadsworth, Coulman Island.  A metal cylinder nailed to a red pole 8 meters above sea level placed by Captain R. F. Scott on 15 January 1902.  He also painted the rocks behind the post red and white to make it more conspicuous (latitude 73°19'S, longitude 169°47'E).-    Whalers Bay Whaling Station, Whalers Bay, Deception Island.  Established in 1906 by Captain Adolfo Andresen.  Of historical importance as an example of an Antarctic whaling station.______________________________Note 1: Paragraph 10 Sentence 3 ""latitude 77°00'S"", original ""latitude 77°00'E"".",Measure 4,1995,ATCM XIX,,Seoul,"Argentina, Australia, Belgium, Brazil, Chile, China, Czechia, Finland, France, Germany, India, Italy, Japan, Korea (ROK), Netherlands, New Zealand, Norway, Peru, Poland, Russian Federation, South Africa, Spain, Sweden, United Kingdom, United States, Uruguay","Bulgaria, Ecuador, Ukraine"
217,Revised management plan for SSSI 11 (Tramway Ridge),Did not enter into effect. No longer current:D 1 (2011),Area protection and management,Area protection and management,"Measure 2 (1995) - ATCM XIX, Seoul","REVISED DESCRIPTION AND MANAGEMENT PLAN FOR SITES OF SPECIAL SCIENTIFIC INTERESTThe Representatives of the Consultative Parties,Recommend to their Governments the following Measure for approval in accordance with paragraph 4 of Article IX of the Antarctic Treaty;For the Site of Special Scientific Interest mentioned below:(i) the Management Plan inserted in the Annex to Recommendation XIII-8 Facilitation of scientific research: Sites of Special Scientific Interest, be deleted;(ii) the Management Plan of the Site of Special Scientific Interest, annexed to this Recommendation, be inserted in the Annex to Recommendation XIII-8 Facilitation of scientific research:  Sites of Special Scientific Interest.The Site of Special Scientific Interest concerned is:SSSI No. 11 Tramway Ridge, Mt. Erebus, Ross Island.",Measure 2,1995,ATCM XIX,,Seoul,"Argentina, Australia, Belgium, Brazil, Chile, China, Finland, France, Germany, India, Italy, Korea (ROK), Netherlands, New Zealand, Norway, Peru, Poland, Russian Federation, South Africa, Spain, Sweden, United Kingdom, United States, Uruguay","Bulgaria, Czechia, Ecuador, Japan, Ukraine"
216,Modification of and management plans for SPA 13 (Moe Island) and 15 (Powell Island),Did not enter into effect. Withdrawn:M 3 (2012),Area protection and management,Area protection and management,"Measure 1 (1995) - ATCM XIX, Seoul","REVISED DESCRIPTIONS AND MANAGEMENT PLANS FOR SPECIALLY PROTECTED AREASThe Representatives of the Consultative Parties,Recalling Recommendations XV-8 and XV-9 / VIII-3;Noting that revised Area Descriptions and proposed Management Plans have been approved by the Scientific Committee on Antarctic Research (SCAR);Noting also that the format of these revised Area Descriptions and proposed Management Plans accord with Article 5 of Annex V of the Protocol on Environmental Protection to the Antarctic Treaty adopted under Recommendation XVI-10;Recommend to their Governments the following Measure for approval in accordance with paragraph 4 of Article IX of the Antarctic Treaty:For the Specially Protected Areas listed below:(i) the Descriptions inserted in Annex B, Specially Protected Areas, of the Agreed Measures for the Conservation of Antarctic Fauna and Flora shall be deleted;(ii) the Descriptions and Management Plans of Specially Protected Areas, annexed to this measure shall be inserted in Annex B, Specially Protected Areas, of the Agreed Measures for the Conservation of Antarctic Fauna and Flora.The Specially Protected Areas concerned are:Area No. 13 Moe Island, South Orkney Islands (Annex A);Area No. 15 Southern Powell Island and adjacent islands, South Orkney Islands (Annex B).",Measure 1,1995,ATCM XIX,,Seoul,"Argentina, Australia, Belgium, Brazil, Chile, China, Finland, France, Germany, India, Italy, Japan, Korea (ROK), Netherlands, New Zealand, Norway, Peru, Poland, Russian Federation, South Africa, Spain, Sweden, United Kingdom, United States, Uruguay","Bulgaria, Czechia, Ecuador, Ukraine"
214,SCAR initiatives in global change research,Did not enter into effect. Withdrawn:D 3 (2017),Scientific cooperation,Scientific cooperation,"Recommendation XVII-4 (ATCM XVII - Venice, 1992)","GLOBAL CHANGE RESEARCH AND INTERNATIONAL COOPERATION IN ANTARCTICAThe Representatives,Recalling Articles II and III of the Antarctic Treaty and Article VI of the Protocol on Environmental Protection to the Antarctic Treaty, and Recommendation XV-14 on the promotion of international scientific cooperation;Reaffirming the Declaration adopted at the XVIth Consultative Meeting on the occasion of the 30th anniversary of the entry into force of the Antarctic Treaty;Noting the recognition in Agenda 21 of the United Nations Conference on the Environment and Development of the importance of Antarctica and the Southern Ocean for the study of global change processes;Acknowledging the role that intensified coordination of national research programmes and increased international cooperation should play, such as SCAR’s publication on ""the role of Antarctica in global change"";Conscious as well that the development of an implementation plan for an Antarctic research contribution to the International Geosphere-Biosphere Programme represents a significant step to be accomplished during the Decade of International Antarctic Scientific Cooperation (1991-2000) proclaimed by the XVIth ATCM;Recommend to their Governments that they:1.  welcome the decision adopted by the Scientific Committee for Antarctic Research at XXII SCAR to establish a new group of specialists on global change and the Antarctic, in order to provide linkages and communications between national programmes, SCAR Working Group and other Groups of Specialists in areas of relevant Antarctic research;2.  encourage SCAR to articulate, in close cooperation with COMNAP, a management structure to implement a coordinated programme for global change research in the Antarctic and to contribute through the development of Regional Research Centres (RRCs) to the IGBP System for Analysis, Research and Training (START) and to other major regional and international programmes on global change research;3.  support initiatives such as the proposal of the SCAR Working Group on Biology and the offer made by Chile to hold a workshop on the coordination of biological research on King George Island (Isla 25 de Mayo); the Cooperative Geoscience of the South Shetland Islands (COGS) whose second workshop was sponsored by the National Institute of Polar Research of Japan; and similar initiatives to coordinate research in glaciology and solar-terrestrial studies;4.  note with appreciation the completion of SCAR’s proposal for coordinated Antarctic research (The role of Antarctica in global change: part 2) to be published late in 1992 and the plan to implement a regional program of global change research in the Antarctic, through:i) continuing identification of high priority research needs in process studies, monitoring, and modelling;ii) identifying other needs in the implementation of the programme, such as logistics, data management, etc;iii) organising workshops and symposia to synthesise and discuss research results;5.  that the above mentioned regional programme of Global Change research in the Antarctic should be given a high scientific priority and supported to the greater extent feasible by Governments;6.  may consider applying to the Global Environment Facility (GEF) and other acceptable funding mechanisms to support the proposed new group of specialists and their work.",,1992,ATCM XVII,,,"Argentina, Australia, Belgium, Brazil, Chile, China, Ecuador, Finland, France, Germany, India, Italy, Korea (ROK), Netherlands, New Zealand, Norway, Peru, Poland, Russian Federation, South Africa, Spain, Sweden, United Kingdom, United States, Uruguay","Bulgaria, Czechia, Japan, Ukraine"
213,Historic Monument 60 (Penguins Bay),Did not enter into effect. No longer current:M 3 (2003),Historic Sites and MonumentsArea protection and management,Historic Sites and MonumentsArea protection and management,"Recommendation XVII-3 (ATCM XVII - Venice, 1992)","ANTARCTIC PROTECTED AREASNEW HISTORIC SITES AND MONUMENTSWOODEN PLAQUE AND ROCK CAIRN AT PENGUINS BAYThe Representatives,Recalling Recommendations I-IX, V-4, VI-14, VII-9, XII-7, XIII-16 and XIV-8;Recommend to their Governments that the following historic monuments be added to the ""List of Historic Monuments Identified and Described by the Proposing Government or Governments"" annexed to Recommendation VII-9, and that thereafter they be accorded the respect and protection required by the Recommendation recalled above:Wooden plaque and rock cairn located at Penguins Bay, southern coast of Seymour Island (Marambio), James Ross Archipelago (64°16'00""S - 56°39'10""W).  This plaque was placed on 10 November 1903 by the crew of a rescue mission of the Argentinian Corvette ""Uruguay"" in the site where they met members of the Swedish expedition led by Dr. Otto Nordenskjöld.  The text of the wooden plaque reads as follows:10.XI.1903  ""Uruguay"" (Argentine Navy) in its journey to give assistance to the Swedish Antarctic expedition.In January 1990, a rock cairn was erected by Argentina in memory of this event in the place where the plaque is located.",,1992,ATCM XVII,,,"Argentina, Australia, Belgium, Brazil, Chile, China, Finland, France, Germany, India, Italy, Japan, Korea (ROK), Netherlands, New Zealand, Norway, Peru, Poland, Russian Federation, South Africa, Spain, Sweden, United Kingdom, United States, Uruguay","Bulgaria, Czechia, Ecuador, Ukraine"
212,"Management plans for SPA 1 (Taylor Rookery), 2 (Rookery Islands), 3 (Ardery and Odbert Islands), and 20 (New College Valley)",Did not enter into effect. Withdrawn:M 1 (2010),Area protection and management,Area protection and management,"Recommendation XVII-2 (ATCM XVII - Venice, 1992)","REVISED DESCRIPTIONS AND PROPOSED MANAGEMENT PLANS FOR SPECIALLY PROTECTED AREASThe Representatives,Recalling Recommendations XV-8 and XV-9;Noting that revised Area Descriptions and proposed Management Plans have been approved by the Scientific Committee on Antarctic Research (SCAR);Noting also that the format of these revised Area Descriptions and proposed Management Plans accord with Article 5 of Annex V of the Protocol on Environmental Protection to the Antarctic Treaty adopted under Recommendation XVI-10;Recommend to their Governments that for the Specially Protected Areas listed below:(i) the Descriptions inserted in Annex B, Specially Protected Areas, of the Agreed Measures for the Conservation of Antarctic Fauna and Flora be deleted;(ii) the Descriptions and Management Plans of Specially Protected Areas, annexed to this Recommendation, be inserted in Annex B, Specially Protected Areas, of the Agreed Measures for the Conservation of Antarctic Fauna and Flora.The Specially Protected Areas involved are:AREA No. 1  Taylor Rookery, Mac Robertson Land;AREA No. 2  Rookery Islands, Holme Bay, Mac Robertson Land;AREA No. 3  Ardery Island and Odbert Island, Budd Coast;AREA No. 20  ""New College Valley"", Caughley Beach, Cape Bird, Ross Island.",,1992,ATCM XVII,,,"Argentina, Australia, Belgium, Brazil, Chile, China, Finland, France, Germany, India, Italy, Korea (ROK), Netherlands, New Zealand, Norway, Peru, Poland, Russian Federation, South Africa, Spain, Sweden, United Kingdom, United States, Uruguay","Bulgaria, Czechia, Ecuador, Japan, Ukraine"
211,Environmental Monitoring and Data Management,Did not enter into effect. Withdrawn:D 3 (2017),Environmental protection,Environmental protection,"Recommendation XVII-1 (ATCM XVII - Venice, 1992)","ENVIRONMENTAL MONITORING AND DATA MANAGEMENTThe Representatives,Recalling Recommendations XV-5, XV-16, XVI-12 and paragraphs 106-109 of the Report of the XVIth ATCM;Noting the report and the valuable work of the First Meeting of Experts on Environmental Monitoring in Antarctica (XVII ATCM/INFO 9) and the recommendations set forth in the afore mentioned report;Noting that better data management can improve the quality of Antarctic Environmental Monitoring, operations and science;Noting additionally the report by SCAR-COMNAP (XVII ATCM/WP 5) describing actions that could be taken to develop a coordinated data management system with the intent to improve the comparability and accessibility of both scientific and environmental data being collected by national programmes, as called for by ATCM Recommendations XIII-5 and XV-16.Recognizing that, in the Final Act of the Protocol on Environmental Protection to the Antarctic Treaty, it was agreed that it was desirable to ensure effective implementation at an early date; and that paragraph 69 of the Report of the XVIth ATCM exhorts the Consultative Parties to ratify the Protocol as soon as possible, and that meanwhile efforts also should be made to implement the provisions of the Annexes as rapidly and completely as possible.Acknowledging that in order to meet the requirements of the Protocol on Environmental Protection to the Antarctic Treaty that calls, under Articles 3.2 (d) and 3.2 (e), for regular and effective monitoring, to allow assessment of the adverse impacts of human activities, it is necessary to focus environment impact monitoring particularly on anthropogenic effects at a local level;Aware that once established, the Committee for Environmental Protection may offer its advice on these measures, consistent with its terms of reference as provided for in the Protocol;Aware that applied monitoring can be expensive and may require long term commitment and that any environmental monitoring should be scientifically defensible, practicable and cost-effective;Recommend to their Governments that they:1.  Through their SCAR National Committees request SCAR to consider and provide advice on:(i) The types of long-term programmes, if any, necessary to verify that human activities (such as tourism, scientific research or other activities) do not have significant adverse effects on birds, seals and plants; and(ii) emission standards that should be established to ensure that the combustion of fossil fuels and incineration of waste do not contaminate the Antarctic atmosphere, terrestrial, ice, aquatic or marine environments in a way that would compromise their scientific values;2.  Ask their COMNAP Representatives in consultation with SCAR to establish research programmes at a representative subset of facilities in Antarctica to determine how different types and sizes of facilities in different localities (eg. coastal and inland stations on rocks and on ice shelves) affect the Antarctic environment;3.  Provide a list of the Antarctic data sets being compiled and archived by their nationals and make this list available to other Parties, SCAR and COMNAP, as soon as possible, to form the basis for the development of an Antarctic Data Directory;4.  Establish, as appropriate, national arrangements for obtaining expert advice on the types of data products and data access mechanisms which would best meet both the basic scientific requirements and long-term environmental monitoring requirements.",,1992,ATCM XVII,,,"Argentina, Australia, Belgium, Brazil, Chile, China, Ecuador, Finland, France, Germany, India, Italy, Netherlands, New Zealand, Norway, Peru, Poland, Russian Federation, South Africa, Spain, Sweden, United Kingdom, United States, Uruguay","Bulgaria, Czechia, Japan, Korea (ROK), Ukraine"
210,Intersessional meeting on tourism,Did not enter into effect. Spent:D 3 (2002),Tourism and Non-Governmental Activities,Tourism and Non-Governmental Activities,"Recommendation XVI-13 (ATCM XVI - Bonn, 1991)","TOURISM AND NON-GOVERNMENTAL ACTIVITIES IN THE ANTARCTIC TREATY AREAThe Representatives,Bearing in mind that the XVth Consultative Meeting agreed that a comprehensive review of tourism and non-governmental activities was required;Noting that the Protocol on Environmental Protection to the Antarctic Treaty and its Annexes apply to tourist and non-governmental activities in Antarctica;Recalling that the XIth Special Consultative Meeting asked the XVIth Consultative Meeting to address the issue of tourism and non-governmental activities;Acknowledging that the Protocol constitutes the framework for further progress in Antarctic environmental protection;Concerned about the possible effect of increased tourism and non-governmental activities in Antarctica;Conscious of the need to ensure that the presence of tourists and other visitors in Antarctica be regulated so as to limit adverse impacts on the Antarctic environment and on Antarctic science;Recommend to their Governments that:(i)  An informal meeting of the Parties be convened with a view to making proposals to the XVIIth Consultative Meeting on the question of a comprehensive regulation of tourist and non-governmental activities in Antarctica in accordance with the Protocol and taking into account the proposals made at the present XVIth Consultative Meeting, including proposals for a future Annex to the Protocol on Environmental Protection;(ii)  Prior to the convening of that meeting and in order to ensure due preparation of its work, proposals should be prepared by them taking into account the list of issues stated below, which the meeting should, inter alia, primarily address:a) environmental issues- implementation of the Protocol on Environmental Protection and its Annexes- number of tourists / carrying capacity- homologation of standards relating to vessels- permanent infrastructure for tourists- concentration / dispersal of tourist activities- access to unexplored areas;b) operational issues- notification and expansion of information to be exchanged- system for granting permission to visit stations- self-sufficiency- insurance, including search and rescue insurance- information obligation of Parties- preparation and training of tour guides, and visitors’ guides- examination of the need for specific kinds of control and monitoring- requirements for organisational procedures;(iii)  The meeting shall begin its work in Venice on 9 November 1992;(iv)  Representatives of the WTO, IUCN, IAATO, IMO, ASOC, PATA, SCAR and COMNAP be invited to attend the Meeting as observers.",,1991,ATCM XVI,,,"Argentina, Australia, Belgium, Brazil, Chile, China, Finland, France, Germany, India, Italy, Korea (ROK), New Zealand, Norway, Poland, Russian Federation, South Africa, Spain, Sweden, United Kingdom, United States, Uruguay","Bulgaria, Czechia, Ecuador, Japan, Netherlands, Peru, Ukraine"
208,"Historic Monuments 56 (Waterboat Point), 57 (Yankee Bay), 58 (Whalers Bay), 59 (Half Moon Beach)",Did not enter into effect. No longer current:M 3 (2003),Historic Sites and MonumentsArea protection and management,Historic Sites and MonumentsArea protection and management,"Recommendation XVI-11 (ATCM XVI - Bonn, 1991)","ANTARCTIC PROTECTED AREA SYSTEMNEW HISTORIC SITES AND MONUMENTSThe Representatives,Recalling Recommendations I-IX, V-4, VI-14, VII-9, XII-7, XIII-16 and XIV-8;Recommend to their Governments that the following historic sites (monuments) be added to the ""List of Historic Monuments Identified and Described by the Proposing Government or Governments"" annexed to Recommendation VII-9 and that thereafter they be accorded the respect and protection required by the Recommendations recalled above:56.  Waterboat Point, Danco Coast, Antarctic Peninsula (64°49'S, 62°52'W).  The remains and immediate environs of the Waterboat Point hut, situated close to the unoccupied Chilean station, ‘President Gabriel González Videla’.  The Waterboat Point hut, of which only the base of the boat, roots of door posts and an outline of the hut and extension still exist, was occupied by the UK two-man expedition of Bagshawe and Lester in 1921-22.  This was, and indeed remains, the smallest expedition ever to overwinter in Antarctica.57.  Commemorative plaque at Yankee Bay, MacFarlane Strait, Greenwich Island, South Shetland Islands, near the Chilean refuge located at latitude 62°32'S and longitude 59°45'W, to the memory of Captain Robert MacFarlane, who in 1820 explored the Antarctic Peninsula Area in the brigantine Dragón.58.  Cairn with memorial plaque erected at Whalers’ Bay, Deception Island, South Shetland Islands, in the vicinity of the whalers' cemetery (Historic Monument No. 31) 62°59'S, 60°34'W, to honour Captain Adolfus Amandus Andresen, Antarctic pioneer, who was first to establish a whaling operation at Deception Island in 1906.59.  A cairn on Half Moon beach, Cape Shirreff, Livingston Island, South Shetland Islands, commemorating the officers, soldiers and seamen on board the San Telmo, which sank in September 1819; possibly the first people to live and die in the wastes of Antarctica.",,1991,ATCM XVI,,,"Argentina, Australia, Belgium, Brazil, Chile, China, Finland, France, Germany, India, Italy, Japan, Korea (ROK), Netherlands, New Zealand, Norway, Peru, Poland, Russian Federation, South Africa, Spain, Sweden, United Kingdom, United States, Uruguay","Bulgaria, Czechia, Ecuador, Ukraine"
206,Designation of SPA 23 (Forlidas and Davis Valley Ponds),Did not enter into effect. Withdrawn:M 6 (2010),Area protection and management,Area protection and management,"Recommendation XVI-9 (ATCM XVI - Bonn, 1991)","ANTARCTIC PROTECTED AREA SYSTEMSPECIALLY PROTECTED AREA NO. 23FORLIDAS POND AND DAVIS VALLEY PONDSThe Representatives,Recalling Recommendations XV-8 and XV-9;Noting that a Management Plan has been prepared and approved by the Scientific Committee on Antarctic Research (SCAR);Considering that the Area contains some of the most southerly freshwater ponds known in Antarctica containing plant life, and that these ponds and their immediate catchments should be protected as examples of unique near-pristine ecosystems which should be afforded maximum protection from human influence;Recommend to their Governments that the following Area of outstanding scientific interest be inserted in Annex B, Specially Protected Areas, of the Agreed Measures for the Conservation of Antarctic Fauna and Flora, together with the annexed Management Plan:Specially Protected Area No. 23Forlidas Pond and Davis Valley Ponds, situated near the east end of the Dufek Massif at position 82°27'15""S, 51°21'W. The Area includes smaller ponds that occur along the ice margin at the northern edge of Davis Valley, a short distance east of Forlidas Pond.",,1991,ATCM XVI,,,"Argentina, Australia, Belgium, Brazil, Chile, China, Finland, France, Germany, India, Italy, Korea (ROK), Netherlands, New Zealand, Norway, Peru, Poland, Russian Federation, South Africa, Spain, Sweden, United States, Uruguay","Bulgaria, Czechia, Ecuador, Japan, Ukraine, United Kingdom"
205,Designation of SPA 22 (Cryptogam Ridge),Did not enter into effect. No longer current:D 1 (2011),Area protection and management,Area protection and management,"Recommendation XVI-8 (ATCM XVI - Bonn, 1991)","ANTARCTIC PROTECTED AREA SYSTEMSPECIALLY PROTECTED AREA NO. 22CRYPTOGAM RIDGE; MOUNT MELBOURNE, VICTORIA LANDThe Representatives,Recalling Recommendations XV-8 and XV-9;Noting that a Management Plan has been prepared and approved by the Scientific Committee on Antarctic Research (SCAR);Considering that Cryptogam Ridge on the southern rim of the main summit crater of Mount Melbourne includes areas of geothermal activity which are ice-free and surrounded by numerous ice hummocks and scattered ice towers, and that the geothermal ground supports a unique community of bryophytes, algae and microbiota including very rare species, and that this fragile habitat is of exceptional biological interest and, to maintain its unique pristine state, should be afforded maximum protection from human influence;Recommend to their Governments that the following area of outstanding scientific interest be inserted in Annex B, Specially Protected Areas, of the Agreed Measures for the Conservation of Antarctic Fauna and Flora, together with the annexed Management Plan:Specially Protected Area No. 22Cryptogam Ridge, Mount Melbourne, Victoria Land. Mount Melbourne (74°21'S, 164°42'E) lies between Wood Bay and Campbell Glacier, northern Victoria Land, on the western side of the Ross Sea.",,1991,ATCM XVI,,,"Argentina, Australia, Belgium, Brazil, Chile, China, Finland, France, Germany, India, Italy, Korea (ROK), Netherlands, New Zealand, Norway, Peru, Poland, Russian Federation, South Africa, Spain, Sweden, United States, Uruguay","Bulgaria, Czechia, Ecuador, Japan, Ukraine, United Kingdom"
204,"Extension of expiry dates for SSSI 4 (Cape Crozier), 5 (Fildes Peninsula), 7 (Haswell Island), 10 (Caughley Beach), 11 (Tramway Ridge), 12 (Canada Glacier) 18 (White Island) and 22 (Yukidori Valley)",Did not enter into effect. No longer current:D 1 (2011),Area protection and management,Area protection and management,"Recommendation XVI-7 (ATCM XVI - Bonn, 1991)","ANTARCTIC PROTECTED AREA SYSTEMSITES OF SPECIAL  SCIENTIFIC INTEREST:EXTENSION OF DESIGNATIONThe Representatives,Recalling Recommendations VIII-3, VIII-4, XII-5 and XIII-7;Noting that:(1) in accordance with paragraph 2 of Recommendation VIII-3, the Scientific Committee on Antarctic Research (SCAR), at its Twenty-First Meeting at Sao Paulo, Brazil (24-27 July 1990) had reviewed the eight Sites of Special Scientific Interest designated in Recommendations VIII-4, XIII-8 and XIV-5;(2) experience of the practical effect of the Management Plans for these sites has shown them to be an effective means of reducing the risks of harmful interference in areas of special scientific interest;(3) no changes to the Management Plans of these sites had been proposed by SCAR.Recommend to their Governments that:(i) The date of expiry of designation of Sites:No. 4 - Cape Crozier, Ross Island;No. 5 - Fildes Peninsula, King George Island, South Shetland Islands;No. 7 - Haswell Island;No. 10 - Caughley Beach, Cape Bird, Ross Island;No. 11 - Tramway Ridge, Mt Erebus, Ross Island;No. 12 - Canada Glacier, Lake Fryxell, Taylor Valley, Victoria Land;No. 18 - North-West White Island, McMurdo Soundbe extended to 31 December 2001; and that,(ii) The date of expiry of designation of Site:No. 22 - Yukidori Valley, Langhovde, Lutzow-Holm Bay be extended to 31 December 2003.(iii) They use their best endeavours to ensure, in accordance with paragraphs 3 and 4 of Recommendation VIII-3, that the Management Plans of these Sites are observed.",,1991,ATCM XVI,,,"Argentina, Australia, Belgium, Brazil, Chile, China, Finland, France, Germany, India, Italy, Korea (ROK), Netherlands, New Zealand, Norway, Peru, Poland, Russian Federation, South Africa, Spain, Sweden, United Kingdom, United States, Uruguay","Bulgaria, Czechia, Ecuador, Japan, Ukraine"
203,"Management plans for SPA 8 (Dion Islands), 9 (Green Island), 13 (Moe Island), 14 (Lynch Island), 15 (Powell Island), 16 (Coppermine Peninsula), 18 (Coronation Island) and 19 (Lagotellerie Island).",Did not enter into effect. Withdrawn:D 3 (2017),Area protection and management,Area protection and management,"Recommendation XVI-6 (ATCM XVI - Bonn, 1991)","ANTARCTIC PROTECTED AREA SYSTEMSPECIALLY PROTECTED AREASREVISED DESCRIPTIONS AND PROPOSED MANAGEMENT PLANS FOR SPECIALLY PROTECTED AREASThe Representatives,Recalling Recommendation XV-8 and XV-9;Noting that revised Area Descriptions and proposed Management Plans have been approved by the Scientific Committee on Antarctic Research (SCAR);Recommend to their Governments that for the Specially Protected Sites listed below:i. the Descriptions inserted in Annex B, Specially Protected Areas, of the Agreed Measures for the Conservation of Antarctic Fauna and Flora be deleted;ii. that the Descriptions and Management Plans of Specially Protected Areas, annexed to this Recommendation, be inserted in Annex B, Specially Protected Areas, of the Agreed Measures for the Conservation of Antarctic Fauna and Flora.The Specially Protected Areas involved are:Site No. 8: Dion Islands, Marguerite Bay, Antarctic PeninsulaSite No. 9: Green Island, Berthelot Islands, Antarctic PeninsulaSite No. 13: Moe Island, South Orkney IslandsSite No. 14: Lynch Island, South Orkney IslandsSite No. 15: Southern Powell Island, and adjacent islands, South Orkney IslandsSite No. 16: Coppermine Peninsula, Robert Island, South Shetland IslandsSite No. 18: North Coronation Island, South Orkney IslandsSite No. 19: Lagotellerie Island, Marguerite Bay, Antarctic Peninsula",,1991,ATCM XVI,,,"Argentina, Australia, Belgium, Brazil, Chile, China, Ecuador, Finland, France, Germany, India, Italy, Korea (ROK), Netherlands, New Zealand, Norway, Peru, Poland, Russian Federation, South Africa, Spain, Sweden, United States, Uruguay","Bulgaria, Czechia, Japan, Ukraine, United Kingdom"
202,Revised management plan for SSSI 6 (Byers peninsula),Did not enter into effect. No longer current:D 1 (2011),Area protection and management,Area protection and management,"Recommendation XVI-5 (ATCM XVI - Bonn, 1991)","ANTARCTIC PROTECTED AREA SYSTEMSITES OF SPECIAL SCIENTIFIC INTEREST: INTERIM GUIDELINESSITE OF SPECIAL SCIENTIFIC INTEREST NO. 6, BYERS PENINSULA, LIVINGSTONE ISLAND, SOUTH SHETLAND ISLANDSThe Representatives,Recalling Recommendation VIII-4 and the Management Plan for Site of Special Scientific Interest No. 6: Byers Peninsula, Livingston Island, South Shetland Islands, annexed thereto;Noting that at its Twenty-First Meeting the Scientific Committee on Antarctic Research (SCAR), held at Sao Paulo, Brazil (24-27 July 1990), reviewed the Management Plan and scientific interest of SSSI No. 6: Byers Peninsula, Livingston Island, South Shetland Islands;Recommend to their Governments that:(i) the Management Plan for Site of Special Scientific Interest No. 6: Byers Peninsula, Livingston Island, South Shetland Islands, annexed to Recommendation VIII-4 be terminated;(ii) they voluntarily take account of the Management Plan, annexed to this Recommendation, for Site No. 6: Byers Peninsula, Livingston Island, South Shetland Islands.",,1991,ATCM XVI,,,"Argentina, Australia, Belgium, Brazil, Chile, China, Ecuador, Finland, France, Germany, India, Italy, Korea (ROK), Netherlands, New Zealand, Norway, Peru, Poland, Russian Federation, South Africa, Spain, Sweden, United Kingdom, United States, Uruguay","Bulgaria, Czechia, Japan, Ukraine"
201,Redesignation of SSSI 30 (Avian Island) as SPA 21,Did not enter into effect. No longer current:D 1 (2011),Area protection and management,Area protection and management,"Recommendation XVI-4 (ATCM XVI - Bonn, 1991)","ANTARCTIC PROTECTED AREA SYSTEMSPECIALLY PROTECTED AREASRE-DESIGNATION OF SITE OF SPECIAL SCIENTIFIC INTEREST NO. 30,  AVIAN ISLAND, MARGUERITE BAY, ANTARCTIC PENINSULA AS SPECIALLY PROTECTED AREA NO. 21The Representatives,Recalling Recommendation XV-8 and XV-9;Noting that a Management Plan has been approved by the Scientific Committee on Antarctic Research (SCAR);Considering that Avian Island, together with its littoral zone is unique in the Antarctic Peninsula region for its abundance and diversity of breeding seabirds, including Adélie Penguins, Blue-eyed Shags, Giant Petrels, Dominican Gulls, South Polar Skuas and Wilson's Petrels, and that the colony of Adélie Penguins is the largest on the Antarctic Peninsula, and that other species are at or near the southern limits of their breeding range, and that the island is vulnerable to visits by tourists, and uncontrolled personnel;Recommend to their Governments that:(i) the designation of Avian Island as Site of Special Scientific Interest No. 30 under Recommendations VIII-3 and VIII-4 be terminated;(ii) the number 30 should not be used for another Site of Special Scientific Interest;(iii) the following area of outstanding ornithological interest be inserted in Annex B, Specially Protected Areas, of the Agreed Measures for the Conservation of Antarctic Fauna and Flora (1964), along with the Management Plan accompanying the description of the said Specially Protected Area:Specially Protected Area No. 21Avian Island, Marguerite Bay, Antarctic Peninsula (67°46'S, 68°54'W).",,1991,ATCM XVI,,,"Argentina, Australia, Belgium, Brazil, Chile, China, Finland, France, Germany, India, Italy, Korea (ROK), Netherlands, New Zealand, Norway, Peru, Poland, Russian Federation, South Africa, Spain, Sweden, United States, Uruguay","Bulgaria, Czechia, Ecuador, Japan, Ukraine, United Kingdom"
200,"Designation of SSSI 35 (Bransfield Strait), 36 (Dallmann Bay)",Did not enter into effect. Withdrawn:M 10 (2009),Area protection and management,Area protection and management,"Recommendation XVI-3 (ATCM XVI - Bonn, 1991)","ANTARCTIC PROTECTED AREA SYSTEMNEW MARINE SITES OF SPECIAL SCIENTIFIC INTERESTThe Representatives,Recalling Article II of the Antarctic Treaty, Recommendations VII-3, VIII-3 and XIV-6;Noting that Management Plans have been prepared and approved by the Scientific Committee on Antarctic Research (SCAR) for two Marine Sites of Special Scientific Interest;Considering that it would be advantageous to gather experience of the practical effect of the Management Plans prepared for these Sites;Recommend to their Governments that they voluntarily take account of the Management Plans, annexed to this Recommendation, for the following Sites:No.35  Western Bransfield Strait, off Low Island, South Shetland Islands;No.36  East Dallmann Bay, off Brabant Island.",,1991,ATCM XVI,,,"Argentina, Australia, Belgium, Brazil, Chile, China, Finland, France, Germany, India, Italy, Korea (ROK), Netherlands, New Zealand, Norway, Peru, Poland, Russian Federation, South Africa, Spain, Sweden, United Kingdom, United States, Uruguay","Bulgaria, Czechia, Ecuador, Japan, Ukraine"
191,Commemorative stamp issue,Did not enter into effect. Spent:D 3 (2002),General matters,General matters,"Recommendation XV-22 (ATCM XV - Paris, 1989)","ANTARCTIC TREATY THIRTIETH ANNIVERSARY COMMEMORATIVE STAMP ISSUEThe Representatives,Recommend to their Governments that:1.  On the occasion of the Thirtieth Anniversary of the entry into force of the Antarctic Treaty, each Consultative party should issue a commemorative stamp (or stamps) on a common date in 1991 (e.g. 23 June 1991).2.  The stamp (or stamps) should bear, in the language or languages of each issuing country, the following words :""Antarctic Treaty 1961-1991""3.  Consideration be given to the themes of protecting the Antarctic environment and international cooperation in Antarctic scientific research for the most prominent features of the design.4.  There should be incorporated into the design of the stamp (or stamps), the Antarctic Treaty emblem representing a map of Antarctica which appears on the official documents of Consultative Meetings.5.  Any additional matter should be consonant with the provisions and the spirit of the Antarctic Treaty.6. The number of stamps to be issued and the denominations of the stamp or stamps should remain at the discretion of the issuing country.",,1989,ATCM XV,,,"Argentina, Australia, Belgium, Brazil, Chile, China, Finland, France, India, Italy, Japan, Korea (ROK), New Zealand, Norway, Peru, Poland, Russian Federation, South Africa, Spain, Sweden, United Kingdom, United States, Uruguay","Bulgaria, Czechia, Ecuador, Germany, Netherlands, Ukraine"
188,Hydrographic survey and charting,Did not enter into effect. No longer current:D 1 (2014),Operational mattersEnvironmental protection,Operational mattersEnvironmental protection,"Recommendation XV-19 (ATCM XV - Paris, 1989)","COOPERATION IN THE HYDROGRAPHIC CHARTING OF ANTARCTIC WATERSThe Representatives,Recognising the importance and historical values of activities carried out by the countries who developed the present knowledge of Antarctic hydrography;Aware that there have been significant increases in both the number and size of vessels operating in Antarctic waters in recent years;Recognising that severe environmental conditions in the Antarctic give rise to particular risks for shipping and hydrographic activities;Recognising that the sea ice conditions can lead to the diversion of shipping from acknowledged routes, thus requiring the extension of charting into waters contiguous to such routes;Conscious that the safety of life at sea and the protection of the Antarctic marine environment and dependent and associated ecosystems requires that the Consultative Parties should take all possible steps open to them, by improving the charting of Antarctic waters, to ensure the safety of navigation so that maritime accidents are reduced to a minimum;Recognising that the resources available to devote to hydrographic surveys and the accurate positioning and depiction of the Antarctic coastline are scarce;Conscious of the benefits to be gained by making provision for international cooperation between those countries which undertake hydrographic surveys and nautical charting of Antarctic waters and of utilising to the maximum extent cooperative arrangements which already exist routinely between hydrographic offices and, therefore, of the need to avoid the establishment of a parallel system;Aware of the role traditionally played by the International Hydrographic Organization (IHO) in contributing to cooperation between hydrographic offices, and by the Scientific Committee on Antarctic Research (SCAR) in all cartographic and other scientific activities in Antarctica;Recommend to their Governments that :1.  They increase their mutual cooperation in the hydrographic survey and charting of Antarctic waters in order to contribute to the safety of navigation, the protection of the Antarctic environment and dependent and associated ecosystems, and for scientific purposes.2.  For the purposes of hydrographic survey and charting and associated terrestrial surveys and mapping, they coordinate their activities within the framework of IHO and SCAR, as appropriate.",,1989,ATCM XV,,,"Argentina, Australia, Belgium, Brazil, Chile, China, Finland, France, Germany, India, Italy, Japan, Netherlands, New Zealand, Norway, Peru, Poland, Russian Federation, South Africa, Spain, Sweden, United Kingdom, United States, Uruguay","Bulgaria, Czechia, Ecuador, Korea (ROK), Ukraine"
187,Meteorological and sea ice information services,Did not enter into effect. No longer current:D 1 (2014),Operational matters,Operational matters,"Recommendation XV-18 (ATCM XV - Paris, 1989)","COOPERATION IN METEOROLOGICAL AND SEA ICE INFORMATION SERVICES FOR MARITIME AND AIR NAVIGATION IN ANTARCTICAThe Representatives,Recalling Article II of the Antarctic Treaty and the Recommendations relating to cooperation in Antarctic logistics (II-V, III-III, IV-25) as well as Recommendation XIV-10 on the marine meteorological and sea ice information service;Having regard to the continuing occurrence of hazardous situations leading to loss of or damage to ships in the Treaty Area,Noting the report of a SCAR/WMO/IOC group of experts meeting;Taking into account the results of discussion on Recommendation XIV-9 concerning air safety in Antarctica, revealing the urgent necessity to improve meteorological information for flights in the area of the Antarctic;Wishing to act to increase the efficiency and safety of maritime and air navigation in the Treaty area on the basis of international cooperation;Recommend to their Governments that:1.  They continue to consider ways of developing and improving meteorological and sea ice information services for maritime and air navigation in the Antarctic Treaty area;2.  The report of the Leningrad group of experts meeting be referred to the WMO Working Group on Antarctic Meteorology for formal consideration and comment at its next meeting.3.  Upon completion of the review by the WMO Working Group on Antarctic Meteorology the matter be considered by COMNAP, in association with SCAR, for the purpose of recommending any appropriate further joint, or individual action to the next Consultative Meeting.4.  In order to assist in improving meteorological services to maritime and air navigation, they take prompt measures to participate in the IGOSS, drifting-buoy and automatic weather station programmes to provide maximum data for international exchange and operational use.",,1989,ATCM XV,,,"Argentina, Australia, Belgium, Brazil, Chile, China, Finland, France, Germany, India, Italy, Japan, Netherlands, New Zealand, Norway, Peru, Poland, Russian Federation, South Africa, Spain, Sweden, United Kingdom, United States, Uruguay","Bulgaria, Czechia, Ecuador, Korea (ROK), Ukraine"
185,Development of data systems,Did not enter into effect. Withdrawn:D 3 (2017),Scientific cooperation,Scientific cooperation,"Recommendation XV-16 (ATCM XV - Paris, 1989)","FACILITATION OF SCIENTIFIC RESEARCH:COMPARABILITY AND ACCESSIBILITY OF ANTARCTIC SCIENTIFIC DATAThe Representatives,Recalling:(a)  Article III (1) (c) of the Antarctic Treaty calling on Parties to exchange and make freely available scientific observations and results from Antarctica;(b)  Recommendation XIII-5 inviting the Scientific Committee on Antarctic Research (SCAR) to offer scientific advice on how to improve the comparability and accessibility of Antarctic scientific data; and(c)  that the Report of the XIVth Consultative Meeting identified determination of types of useful data for management and assessment and the development of a directory as two important initial steps to improve data comparability and accessibility;Noting that:(a)  the Report of XX SCAR responds to Recommendation XIII-5 by describing several steps needed for the establishment of an Antarctic data system and by calling for the establishment of a committee on data  management to advise on the development of such a system;(b)  SCAR has established such a committee with the following terms of reference:(i)  to determine the requirements within SCAR for a coordinated approach to data;(ii)  to consider the possible compilation of a SCAR directory of available items, data bases, geographical information systems, data centres, specimen holdings, relevant archives and bibliographic collections;(iii)  to consider the formation of guidelines for common or minimum formats for data collection and archiving; and(iv)  to suggest areas for coordination with external activities or organisations;(c)  the Report of XX SCAR identifies the development of national directories of Antarctic data as the logical first step in the development of a data system;Desiring:(a)  to improve the accessibility and comparability of Antarctic scientific data to help give effect to Article III (1) (c) of the Antarctic Treaty; and(b)  to create an Antarctic scientific data system for use in facilitating environmental assessment and monitoring and the promotion of scientific research;Recommend to their Governments that:1.  They develop and make available to SCAR and other Antarctic Treaty Parties a directory listing where and in what format Antarctic scientific data now exist.2.  They agree, working in cooperation with the SCAR Committee to compile an Antarctic Scientific Data Directory.3.  They agree to assist the SCAR Committee to develop a programme of work describing further steps needed to create an Antarctic Scientific and Environmental Data System, including consideration of relevant technologies.4.  Upon completion of the draft programme of work developed by SCAR, in cooperation with relevant governmental experts, they convene, in accordance with Recommendation IV-24, a Meeting of Experts, with expertise in data management, to consider how to establish an Antarctic Scientific and Environmental Data system.",,1989,ATCM XV,,,"Argentina, Australia, Belgium, Brazil, Chile, China, Finland, France, Germany, India, Italy, Japan, Netherlands, New Zealand, Norway, Peru, Poland, Russian Federation, South Africa, Spain, Sweden, United Kingdom, United States, Uruguay","Bulgaria, Czechia, Ecuador, Korea (ROK), Ukraine"
180,Institution of MPAs (Multiple-use Planning Areas),Did not enter into effect. No longer current:D 1 (2007),Area protection and management,Area protection and management,"Recommendation XV-11 (ATCM XV - Paris, 1989)","ANTARCTIC PROTECTED AREA SYSTEM:ESTABLISHMENT OF MULTIPLE-USE PLANNING AREAS (MPAs)The Representatives,Desiring to protect and maintain the unique biological, geological, glaciological, geomorphological, ecological, scientific, historic, aesthetic, scenic and wilderness values of Antarctica;Recalling Recommendation XIII-5 inviting the Scientific Committee on Antarctic Research (SCAR) to offer advice on the system of protected areas in the Antarctic;Noting that SCAR’s response to Recommendation XIII-5, provided in its report ""The Protected Area System in the Antarctic"", recommended among other things that the Antarctic Treaty Consultative Parties create an additional category of protected area where coordinated management of activities would minimize harmful environmental impacts so as not to detract from the values for which the area was designated;Recalling the importance of preserving the freedom of scientific research guaranteed by the Antarctic Treaty;Recommend to their Governments that:1.  They take cooperative action to ensure that ongoing and planned human activities in Antarctica, through their combined or cumulative effects, do not result in mutual interference or in adverse impacts upon the Antarctic environment.2.  As one means to this end, they designate, where appropriate, Multiple-Use Planning Areas (MPAs) to assist in coordinating human activities in those areas where such activities pose identified risks of mutual interference or cumulative environmental impacts.3.  The number and size of MPAs be kept to the minimum necessary to meet the objectives set forth in paragraphs 1 and 2.4.  Each Multiple-use Planning Area shall be designated pursuant to a management plan developed through consultations, as appropriate, among interested Parties and approved by the Antarctic Treaty Consultative Parties.  Such plan shall, as appropriate, include:(a) a description of the purposes and objectives of the management plan;(b) a description of the area to which its provisions apply;(c) a description of ongoing and planned human activities, including the operation of research stations and related logistics activities;(d) identification of any Specially Protected Areas (SPAs), Sites of Special Scientific Interest (SSSIs), Specially Reserved Areas (SRAs), and Historic Monuments (HMs) within the MPA;(e) a description of the environmental characteristics and features and subjects of current and planned scientific research, if any, threatened by interference by ongoing or planned human activities or their cumulative impacts;(f) specific measures to avoid or minimize mutual interference and cumulative impacts, including where necessary measures applicable to:(i) construction and operation of stations and related logistic support facilities;(ii) vessel operations, including identification of areas which are unsafe for navigation, designation of safe anchorages and sea lanes or channels for safe access to stations;(iii) small boat operations, including maintenance and discharge control, and identification of areas where operations should be prohibited (except for essential research);(iv) aircraft and helicopter operations, including designation of safe landing areas, and identification of areas where operations below a designated altitude should be prohibited;(v) vehicle operations, including maintenance and discharge controls and identification of areas which are unsafe or unsuitable for operation;(vi) scientific research activities, including means to ensure the availability of up-to-date information about the nature and location of ongoing or planned field work, and means to prevent disturbance of organisms or features being studied by various investigators;(vii) visitors, including designation of areas within which access by tourists or other visitors should be limited or prohibited, and/or as areas to which such access might be directed to obtain maximum benefit from exposure to the characteristics of the area;(viii) information, including means to ensure that all individuals present or intending to be present within the MPA, are fully aware of the provisions of the management plan, as well as other relevant measures adopted by Consultative Parties (e.g. provisions governing access to scientific stations);(ix) notification, as far in advance as possible, by each Party of research and other activities which it or its nationals intend to carry out in the MPA, including copies of any necessary permits issued;(x) annual reports by each Party of activities it or its nationals carried out in the MPA management plan and any instances of possible violations of the management plan;(g) provisions for periodically reviewing the plan to identify changes that may be necessary to take account of changing circumstances or better to accomplish their purposes.5.  They invite SCAR, through their national committees, the Commission for the Conservation of Antarctic Marine Living Resources, and, as appropriate, other components of the Antarctic Treaty system to review and comment on proposed management plans for Multiple-Use Planning Areas before designation is considered by the Consultative Parties.6.  They periodically review management plans to ensure that they are being implemented effectively and, as appropriate, approve proposed changes necessary to take account of changing circumstances or better to accomplish their purposes.",,1989,ATCM XV,,,"Argentina, Australia, Belgium, Brazil, Chile, China, Finland, France, India, Italy, Japan, Netherlands, New Zealand, Norway, Peru, Poland, Russian Federation, South Africa, Spain, Sweden, Uruguay","Bulgaria, Czechia, Ecuador, Germany, Korea (ROK), Ukraine, United Kingdom, United States"
179,Institution of SRAs (Specially Reserved Areas),Did not enter into effect. No longer current:D 1 (2007),Area protection and management,Area protection and management,"Recommendation XV-10 (ATCM XV - Paris, 1989)","THE ANTARCTIC PROTECTED AREA SYSTEM:ESTABLISHMENT OF SPECIALLY RESERVED AREAS (SRAs)The Representatives,Recognizing that the increasing number and scope of activities in the Antarctic Treaty area may reduce the unique scientific and other values of Antarctica;Noting that the Agreed Measures for the Conservation of Antarctic Fauna and Flora established a mechanism to designate Specially Protected Areas to preserve the unique natural ecological systems of areas of outstanding scientific interest;Noting also that neither the Agreed Measures nor other Recommendations adopted by the Antarctic Treaty Consultative Parties provide a specified mechanism for identifying and protecting areas of outstanding geological, glaciological, geomorphological, aesthetic, scenic, or wilderness value;Recalling that Recommendation VII-2 calls upon the Antarctic Treaty Parties to include in the series of Specially Protected Areas listed in Annex B of the Agreed Measures:(a) representative examples of the major Antarctic land and fresh water ecological systems;(b) areas with unique complexes of species;(c) areas which are the type locality or only known habitat of any plant or invertebrate species;(d) areas which contain specially interesting breeding-colonies of birds or mammals; and(e) areas which should be kept inviolate so that in the future they may be used for purposes of comparison with localities that have been disturbed by man;Recommend to their Governments that:1.  They undertake a continuing review of the geographical features and uses of Antarctica and, as appropriate propose designating areas of outstanding geological, glaciological, geomorphological, aesthetic, scenic, or wilderness value as Specially Reserved Areas (SRAs).2.  Proposals for designation of Specially Reserved Areas shall be accompanied by a proposed management plan which shall include:(a) a clear description of the location and the key features of the proposed SRA, including a description of the markers and/or natural features that delineate the area;(b) a map and/or photographs showing the boundaries and key features  of the proposed SRA;(c) the rationale for the proposed listing;(d) descriptions of the types of activities that could be conducted in or near the proposed SRA without jeopardizing the special values intended to be protected;(e) descriptions of the types of activities (including activities outside the SRA) that could adversely affect the special values intended to be protected; and(f) descriptions of steps that should be taken to minimize impacts in cases where access to the SRA is authorized;3.  In due course, they include in the series of Specially Reserved Areas representative examples of the major geological, glaciological, and geomorphological, features of Antarctica, and representative examples of areas of outstanding aesthetic, scenic, and wilderness value.4.  Entry into Specially Reserved Areas be prohibited, except for the purposes authorized in the approved management plan for the area or in accordance with a permit issued by the appropriate national authority for a compelling scientific purpose which cannot be served elsewhere, and which will not adversely affect the natural features intended to be protected by the SRA.5.  They invite SCAR, through their national committees, the Commission for the Conservation of Antarctic Marine Living Resources, and, as appropriate, other components of the Antarctic Treaty system to review and comment on proposals before they are considered by the Consultative Parties.6.  They annually advise SCAR and each other of activities that they authorized to be conducted in Specially Reserved Areas during the preceding year, and that they expect to authorize in the following year.",,1989,ATCM XV,,,"Argentina, Australia, Belgium, Brazil, Chile, China, Finland, France, India, Italy, Japan, Netherlands, New Zealand, Norway, Peru, Poland, Russian Federation, South Africa, Spain, Sweden, Uruguay","Bulgaria, Czechia, Ecuador, Germany, Korea (ROK), Ukraine, United Kingdom, United States"
178,Improved descriptions and management plans for SPAs,Did not enter into effect. No longer current:D 1 (2007),Area protection and management,Area protection and management,"Recommendation XV-9 (ATCM XV - Paris, 1989)","ANTARCTIC PROTECTED AREA SYSTEM:DEVELOPMENT OF IMPROVED DESCRIPTIONS AND MANAGEMENT PLANS FOR SPECIALLY PROTECTED AREASThe Representatives,Recalling that:(a) the purpose of Specially Protected Areas is to preserve both unique and representative examples of the natural ecological systems of areas which are of outstanding scientific interest; and(b) the appropriate national authority of Antarctic Treaty Consultative Parties may issue permits authorizing its nationals to enter Specially Protected Areas for compelling scientific purposes which cannot be served elsewhere;Noting that the descriptions of Specially Protected Areas in Annex B of the Agreed Measures for the Conservation of Antarctic Fauna and Flora do not provide detailed descriptions of the natural ecological systems and components thereof that the Protected Areas are intended to preserve;Noting also that the descriptions of Specially Protected Areas do not indicate the types of activities that could or could not be carried out in the designated Specially Protected Areas without harming or damaging any of the components of the natural ecological systems that the areas are intended to preserve;Recommend to their Governments that:1.  They review the descriptions of Specially Protected Areas in Annex B of the Agreed Measures and, for those Areas which they or their nationals had proposed be listed in the Annex, they provide a more detailed description of the natural ecological system that the Area is intended to preserve and a provisional Area management plan for consideration at the XVIth Antarctic Treaty Consultative Meeting;2.  Future proposals for designating Specially Protected Areas include:(a) a clear description of the location and the key physical and biological features of the area to be protected, including a description of the markers and/or natural features that delineate the area;(b) a map and/or photographs showing the boundaries and key  features of the proposed Specially Protected Area;(c) a detailed description of the key components of the unique natural ecological system intended to be preserved by designating the area as a Specially Protected Area;(d) descriptions of the types of activities (including activities outside the Area) that could jeopardize any of the components of the  unique ecological system intended to be preserved; and(e) descriptions of steps that should be taken to avoid or minimize damage in cases where access to the area may be authorized for a compelling scientific purpose which cannot be served elsewhere;(f) descriptions of measures necessary to ensure preservation of the area's unique or representative natural ecological systems.3.  They invite SCAR, through their national committees, to have regard to the preceding when considering proposals for Specially Protected Areas; and4.  They annually advise SCAR and the Antarctic Treaty Parties of any activities that they authorized to be conducted in Specially Protected Areas during the preceding year and that they expect to authorize in the next year.",,1989,ATCM XV,,,"Argentina, Australia, Belgium, Brazil, Chile, China, Finland, France, Germany, India, Italy, Japan, Netherlands, New Zealand, Norway, Peru, Poland, Russian Federation, South Africa, Spain, Sweden, United Kingdom, United States, Uruguay","Bulgaria, Czechia, Ecuador, Korea (ROK), Ukraine"
177,Management Plans for SPAs,Did not enter into effect. No longer current:D 1 (2007),Area protection and management,Area protection and management,"Recommendation XV-8 (ATCM XV - Paris, 1989)","ANTARCTIC PROTECTED AREA SYSTEM:AGREED MEASURES FOR THE CONSERVATION OF ANTARCTIC FAUNA AND FLORA: AMENDMENT TO ARTICLE VIII(MANAGEMENT PLANS FOR SPECIALLY PROTECTED AREAS)The Representatives,Noting that under Article VIII of the Agreed Measures:(i) paragraph 1 provides for designation as Specially Protected Areas, ""areas of outstanding scientific interest ... in order to preserve their unique natural ecological system"";(ii) paragraph 2(c) provides that entry into a Specially Protected Area is prohibited except in accordance with a permit;(iii) paragraph 4 provides that ""such a permit shall have effect within a Specially Protected Area provided that:(a) it was issued for a compelling scientific purpose which cannot be served elsewhere; and(b) the actions permitted thereunder will not jeopardise the natural ecological system existing in that Area"";Noting further that Recommendation VII-2 urges that representative examples of the major Antarctic land and freshwater ecological systems shall be included in the series of Specially Protected Areas;Desiring to provide for greater certainty in the interpretation of paragraph 4 by means of the application of management plans relevant to each Specially Protected Area;Recognising that to be fully effective such Management Plans must be accorded the same status as the conditions in subparagraphs (a) and (b) of paragraph 4;Recommend to their Governments that:(i) the following subparagraph be added to paragraph 4 of Article VIII:""and (c) the actions permitted thereunder are in accordance with any Management Plan accompanying the description of a Specially Protected Area"";(ii) subparagraph (a) be amended to remove the word ""and"";and(iii) the full stop at the end of subparagraph (b) be changed to a semicolon.",,1989,ATCM XV,,,"Argentina, Australia, Belgium, Brazil, Chile, China, Finland, France, India, Italy, Japan, Netherlands, New Zealand, Norway, Peru, Poland, Russian Federation, South Africa, Spain, Sweden, United States, Uruguay","Bulgaria, Czechia, Ecuador, Germany, Korea (ROK), Ukraine, United Kingdom"
176,Redesignation of SPA 11 (Cape Shirreff) as SSSI 32,Did not enter into effect. No longer current:D 1 (2011),Area protection and management,Area protection and management,"Recommendation XV-7 (ATCM XV - Paris, 1989)","ANTARCTIC PROTECTED AREA SYSTEM: REDESIGNATION OF SPECIALLY PROTECTED AREA No. 11 CAPE SHIRREFF,  AS SITE OF SPECIAL SCIENTIFIC INTEREST No. 32The Representatives,Recalling Recommendations III-VIII, VIII-3 and VIII-4;Conscious of the need to facilitate research into important aspects of the Antarctic marine ecosystem;Noting that there are certain long-term research programmes involving support activities which may not be appropriately provided in a Specially Protected Area, but which need not endanger the Antarctic ecosystem or its components;Noting further that the degree of environmental protection specified in the management plan of a Site of Special Scientific Interest need not be less than that provided in a Specially Protected Area;Aware that a management plan for a Site of Special Scientific Interest at Cape Shirreff has been prepared and approved by the Scientific Committee on Antarctic Research (SCAR);Recommend to their Governments that :1.  The inclusion in Annex B, Specially Protected Areas, of the Agreed Measures for the Conservation of Antarctic Fauna and Flora of Recommendation IV-11 (Specially Protected Areas : Cape Shirreff) be terminated.2.  The number 11 in Annex B of the Agreed Measures should not be used for another Specially Protected Area.3.  They voluntarily take account of the management plan, annexed to this Recommendation, for Site of Special Scientific Interest N° 32, Cape Shirreff, Livingston Island, South Shetland Islands.",,1989,ATCM XV,,,"Argentina, Australia, Belgium, Brazil, Chile, China, Finland, France, Germany, India, Italy, Japan, Netherlands, New Zealand, Norway, Peru, Poland, Russian Federation, South Africa, Spain, Sweden, United Kingdom, United States, Uruguay","Bulgaria, Czechia, Ecuador, Korea (ROK), Ukraine"
175,"Designation of SSSI 29 (Ablation Point), 30 (Avian Island) and 31 (Mount Flora)",Did not enter into effect. No longer current:D 1 (2011),Area protection and management,Area protection and management,"Recommendation XV-6 (ATCM XV - Paris, 1989)","ANTARCTIC PROTECTED AREA SYSTEM: NEW SITES OF SPECIAL SCIENTIFIC INTERESTThe Representatives,Recalling, Recommendations VIII-3 and VIII-4;Noting that management plans have been prepared and approved by the Scientific Committee on Antarctic Research (SCAR) for certain Sites of Special Scientific Interest additional to those already designated;Considering that it would be advantageous to gather experience of the practical effect of the management plans prepared for these sites;Recommend to their Governments that they voluntarily take account of the management plans, annexed to this Recommendation, for the following sites:Site No 29 : Ablation Point-Ganymede Heights, Alexander Island.Site No 30 : Avian Island, North-West Marguerite Bay.Site No 31 : Mount Flora, Hope Bay, Antarctic Peninsula.",,1989,ATCM XV,,,"Argentina, Australia, Belgium, Brazil, Chile, China, Finland, France, Germany, India, Italy, Japan, Netherlands, New Zealand, Norway, Peru, Poland, Russian Federation, South Africa, Spain, Sweden, United Kingdom, United States, Uruguay","Bulgaria, Czechia, Ecuador, Korea (ROK), Ukraine"
173,Measures to prevent marine pollution.,Did not enter into effect. No longer current:D 1 (2011),Marine pollution,Marine pollution,"Recommendation XV-4 (ATCM XV - Paris, 1989)","HUMAN IMPACT ON THE ANTARCTIC ENVIRONMENT: PREVENTION, CONTROL,  AND RESPONSE TO MARINE POLLUTIONThe Representatives,Recalling Recommendations IX-6 and X-7 on oil contamination of the Antarctic marine environment;Recognizing the special characteristics of the Antarctic Treaty area and the particularly hazardous nature of the area for vessel operations;Recognizing further that the Antarctic derives much of its scientific importance from its uncontaminated condition;Reaffirming their commitment to the avoidance and reduction of the contamination of the sea by oil and other pollutants;Noting the framework provided by the 1982 United Nations Convention on the Law of the Sea in its Part XII and other relevant international agreements for the protection and preservation of the marine environment;Bearing in mind the need to take measures relating to the design, construction, manning, and equipment of vessels engaged in or supporting Antarctic operations to avoid marine pollution from vessels;Recognizing further the importance of the expeditious exchange of information on weather and ice conditions in the Antarctic Treaty area and with respect to accidents and emergency response efforts;Mindful of the need for accurate and up-to-date charting of the Antarctic Treaty area; andAcknowledging the value of cooperation directly and through appropriate international organizations in efforts to avoid and respond to marine pollution incidents;Recommend to their Governments that:1 They approve and take measures within their competence necessary to ensure compliance with:(a) a prohibition within the Antarctic Treaty area on all intentional discharges, including oil, from vessels into the marine environment;(b) a prohibition within the Antarctic Treaty area on disposal from vessels into the marine environment of all plastics and garbage other than food wastes, provided that disposal of food wastes should be made as far as practicable from land, but in no event within 12 nautical miles of land or ice shelves; and(c) a prohibition within the Antarctic Treaty area on discharge of sewage from vessels within 12 nautical miles of land or ice shelves.In implementing these provisions, they give due consideration to the need to avoid detrimental effects on dependent or associated ecosystems outside the Antarctic Treaty area.2. They take measures within their competence necessary to ensure compliance by all their vessels engaged in or supporting Antarctic operations with the relevant provisions of the following conventions:(a) the Convention on the Prevention of Marine Pollution by Dumping of Wastes and Other Matter, 1972 (the London Dumping Convention);(b) the International Convention for the Prevention of Pollution from Ships, 1973, and the Protocol of 1978 relating thereto, with Annexes I, II, III, and V (MARPOL 73/78);(c) the International Convention on Standards of Training, Certification and Watchkeeping for Seafarers with Annex, 1978, (the STCW Convention);(d) the International Convention for the Safety of Life at Sea, 1974, and the Protocol of 1978 relating thereto (SOLAS);(e) the International Convention on Load Lines, 1966 (the Load Lines Convention); and(f) the Convention on the International Regulations for Preventing Collisions at Sea, 1972 (COLREGS).3. When such vessels are warships, naval auxiliaries or other state-owned or state-operated vessels used, for the time being, only on government non-commercial service, they shall take appropriate measures not impairing operations or operational capabilities of such vessels, to ensure that they act in a manner consistent so far as is reasonable and practicable with these provisions.4. If they are not parties, they become parties to the conventions listed in paragraph 2 (a) - (f).5. Those that are parties to MARPOL 73/78 consider taking actions within the International Maritime Organization (IMO) to secure designation of the waters south of 60 degrees South Latitude as a special area under Annexes I and V of that Convention, provided that the establishment of reception facilities otherwise called for in these Annexes not be considered either necessary or desirable in the Antarctic Treaty area.6. They establish contingency plans for marine pollution response in Antarctica, including contingency plans for vessels operating in the Antarctic Treaty area, particularly vessels carrying oil.  To this end they shall:(a) cooperate in the formulation and implementation of such plans and in responding to pollution emergencies in Antarctica; and(b) draw on the advice of the IMO and other international organizations, as appropriate.7. They convene, in accordance with Recommendation IV-24, a meeting of experts to consider and provide advice on the establishment of contingency plans for marine pollution response and additional requirements to reduce and prevent pollution of the Antarctic marine environment, giving due consideration to the need to avoid detrimental effects on dependent and associated ecosystems outside the Antarctic Treaty area.8. They keep under continuing review measures to reduce and prevent pollution of the Antarctic marine environment.",,1989,ATCM XV,,,"Argentina, Australia, Belgium, Brazil, Chile, China, Finland, France, Germany, India, Italy, Japan, Netherlands, New Zealand, Norway, Peru, Poland, Russian Federation, South Africa, Spain, Sweden, Uruguay","Bulgaria, Czechia, Ecuador, Korea (ROK), Ukraine, United Kingdom, United States"
172,Waste disposal regulations,Did not enter into effect. No longer current:D 1 (2011),Waste disposal and management,Waste disposal and management,"Recommendation XV-3 (ATCM XV - Paris, 1989)","HUMAN IMPACT ON THE ANTARCTIC ENVIRONMENT: WASTE DISPOSALThe Representatives,Recalling Article II of the Antarctic Treaty and Recommendations VI-4, VIII-11, XII-4, and XIII-4;Reaffirming the commitment of Consultative Parties to take measures to reduce the amount of wastes generated in Antarctica and to minimize the impact of wastes on the Antarctic environment, giving due consideration to the need to avoid detrimental effects on dependent or associated ecosystems outside the Antarctic Treaty Area;Recognizing that the Antarctic derives much of its scientific importance from its uncontaminated condition;Recognizing further that the support of science has an impact on the Antarctic environment which it is impractical to eliminate completely, but which, by good management can be limited;Noting that the increasing level and complexity of Antarctic operations have increased the quantity and variety of wastes produced, but that improvements in logistics and technology have increased the capacity to minimize wastes and their environmental impacts;Recognizing further that different environments, scales of operation, and logistic infrastructures will require different approaches to waste management, and that further technical developments can be expected to provide new solutions to waste management problems;Noting with appreciation the work of the Scientific Committee on Antarctic Research (SCAR) in response to Recommendation XIII-4, which invited National Antarctic Committees to undertake a comprehensive review of the waste disposal aspects of the Annex to Recommendation VIII-11, and to offer scientific advice regarding waste disposal procedures and standards that it is desirable and practical to achieve at coastal and inland stations and field camps;Desiring to revise the waste disposal aspects of the Code of Conduct annexed to Recommendation VIII-11 to take account of the recommendations of SCAR;Recommend to their Governments that they adopt the following practices and take measures within their competence necessary to ensure compliance with them;General obligation1.  The amount of wastes produced, or disposed of, in Antarctica shall be reduced to the maximum extent possible so as to minimize impact on the Antarctic environment and minimize interference with scientific research, or other legitimate uses of the Antarctic.Waste management planning2.  Each Government carrying out Antarctic activities shall establish a waste disposal classification as a basis for recording wastes and to facilitate studies aimed at evaluating the environmental impacts of operational and scientific activity.  Wastes produced may be classified as sewage and domestic liquid wastes (Group 1); other liquid wastes and chemicals, including fuels and lubricants (Group 2); solids to be combusted (Group 3); other solid wastes (Group 4); and radioactive materials (Group 5).  Source classification codes, which represent individual processes or functions logically associated with points of waste creation, may be used in auditing studies.3.  Each Government carrying out Antarctic activities shall, in respect of those activities, prepare and annually update:(a) plans for waste management (including waste reduction, storage and disposal), specifying for each fixed site, for field camps generally, and for each vessel (other than small boats that are part of the operations of fixed sites or of vessels);(i) programs for cleaning up existing waste disposal sites and abandoned work sites;(ii) current and planned waste management arrangements;(iii) current and planned arrangements for analyzing the environmental effects of Antarctic waste and waste management systems; and(iv) other efforts to minimize any environmental effects of wastes and waste management.(b) an inventory of locations of past activities (such as traverses, fuel depots, field bases, crashed aircraft) as far as is practicable, before the information is lost, so that such locations can be taken into account in planning future scientific programs (e.g. snow chemistry, pollutants in lichens, ice core drilling etc.).4.  Each Government carrying out Antarctic activities shall include the waste management plans referred to in paragraph 3 (a) above in the annual exchanges of information in accordance with Articles III and VII of the Antarctic Treaty and related Recommendations under Article IX of the Treaty.  The formats of such exchanges shall be determined by each Government pending development of standardized formats.  They shall also exchange the inventories referred to in paragraph 3 (b) above.5.  Each Government carrying out Antarctic activities shall ensure that its national Antarctic operators designate a waste management official to develop and monitor waste management plans.  In the field, this responsibility shall be delegated to an appropriate person at each site.6.  Those carrying out activities in Antarctica shall ensure that members of their expeditions receive training designed to limit the impact of their operations on the Antarctic environment and to inform them of required practices.7.  Pesticides, polychlorinated biphenols (PCBs), non-sterile soil or polystyrene beads, chips or similar forms of packaging shall not be sent to the Antarctic.  The use of poly-vinyl chloride (PVC) products in packaging shall be discouraged.8.  Those carrying out activities in Antarctica shall ensure that their expeditions to Antarctica are advised of any PVC products being provided.9.  Each Government shall establish a long-term program to remove existing abandoned fuel drums and fuel, where such removal is practical.  Such programs shall identify for clean up at the first opportunity those drum sites where the transport equipment which delivered the drums is no longer available in the same area.10.  Waste compaction, storage and incineration facilities shall be incorporated in the design and construction of ships engaged in or supporting Antarctic programs.Waste disposal11.  The following wastes shall be removed from the Antarctic Treaty area:(a) radio-active materials;(b) electrical batteries (including lead/acid, dry cell and other types);(c) fuel, both liquid and solid; and(d) wastes containing high levels of heavy metals or harmful persistent compounds.12.  The following wastes shall be removed from the Antarctic Treaty area unless they are incinerated in equipment which neutralizes the harmful emissions that would otherwise be produced:(a) poly-vinyl chloride (PVC), polyurethane foam, polystyrene foam, rubber and lubricating oils which contain additives that are widely recognized as products that could produce harmful emissions;(b) all other plastic wastes, including those of unknown composition.13.  The following wastes shall be removed from the Antarctic Treaty Area to the maximum extent practicable:(a) liquid wastes, other than sewage and domestic liquid wastes;(b) solid, non-combustible wastes; and(c) fuel drums.14.  The following wastes shall be removed from Antarctic Treaty area unless incinerated, autoclaved or otherwise treated to be made sterile:(a) residues of introduced animal carcasses;(b) cultures of micro-organisms; and(c) introduced avian products.15.  Combustible wastes, not removed from the Antarctic Treaty area, shall be burnt in incinerators designed to reduce harmful emissions to the maximum extent practicable.16.  All open burning of wastes shall be phased out.  Pending the completion of such phase out, when it is necessary to dispose of wastes by open burning:(a) allowance shall be made for the wind and the type of wastes to be burnt to limit, as far as practicable, particulate deposition on land and to avoid such deposition over sensitive areas; and(b) wastes to be burnt shall be stored in such as way as to prevent their dispersal by wind, or access and dispersal by scavengers.17.  All wastes to be removed from the Antarctic Treaty area, or otherwise disposed of, shall be stored in such a way as to prevent their dispersal by wind or access and dispersal by scavengers.18.  Solid non-combustible wastes, which cannot be removed to land disposal sites outside the Antarctic Treaty area and which are to be disposed of at sea, shall only be disposed of at selected dump sites in deep waters, within or outside the Antarctic Treaty area and only in accordance with the international Convention for the Prevention of Marine Pollution by the Dumping of Wastes and other Matter (London Dumping Convention), as well as any other relevant international agreements.19.  Dumping of any other wastes at sea shall be carried out in accordance with the London Dumping Convention.20.  Sewage, chemical wastes and, to the maximum extent practicable, domestic liquid wastes shall not be disposed of onto ice free land.  Sewage and domestic liquid wastes may be discharged directly into the ocean, provided that:(a) such discharge be located, wherever practicable, where conditions exist for rapid dispersal;(b) large quantities of such wastes (generated by approximately 30 individuals or more), receive at least primary treatment, such as maceration; and(c) consideration be given to the advantages of treating very large quantities through systems, such as Rotating Biological Contractor Systems, to reduce biological oxygen demand (BOD) and suspended solids.21.  Vessels engaged in supporting Antarctic activities that are not fitted with incinerator facilities shall, to the maximum extent practicable, stockpile waste, excluding untreated sewage and domestic effluents, for appropriate disposal at stations, bases, deep waters sites or outside of the Antarctic Treaty area, provided that such wastes may be disposed of at stations or bases in Antarctica only in accordance with these practices, and at sea only in accordance with relevant Antarctic Treaty recommendations, the London Dumping Convention and any other relevant international agreements.  Any incineration of shipboard wastes in the Antarctic Treaty area shall be conducted in incinerators of the type which are designed to reduce harmful emissions to the maximum extent practicable.22.  Those carrying out activities in Antarctica shall to the maximum extent practicable clean up the waste disposal sites and abandoned work sites of their Antarctic activities.23.  Wastes generated at inland stations shall be removed from the area of such stations to the maximum extent practicable for disposal in accordance with the practices set out in this Recommendation.  Where this is not practicable, such wastes shall be concentrated in deep ice pits.  In planning the location of inland stations where deep ice pits are the only practicable alternative, sites on known ice flow lines which terminate at ice-free areas or in areas of high ablation shall be avoided.24.  Wherever practicable, wastes generated at field camps shall be removed to their supporting stations, bases or ships for disposal in accordance with the practices set out in this Recommendation.Procedures25.  These practices shall be kept under continuing review so as to ensure that they are up-dated as necessary to reflect improvements in waste disposal technology and procedures and to ensure maximum protection of the Antarctic environment.  To this end it would be desirable for SCAR and the Managers of National Antarctic Programs to continue to consider problems, prospects and opportunities for cooperation in Antarctic waste management and to provide advice on appropriate steps that may be taken.26.  Governments should ensure that their nationals and vessels are subject to measures governing waste disposal in Antarctica that are no less effective in affording protection of the environment than those applicable to their nationals and vessels outside Antarctica.  Further, nothing in these practices shall be interpreted as replacing national environmental standards applicable to Antarctic activities, where such standards are stricter than those contained in these practices; nor shall any provision in these practices be interpreted as limiting governments from adopting stricter standards.27.  These practices shall not be interpreted or implemented in such fashion as to endanger human life.",,1989,ATCM XV,,,"Argentina, Australia, Belgium, Brazil, Chile, China, Finland, France, India, Italy, Japan, Netherlands, New Zealand, Norway, Peru, Poland, Russian Federation, South Africa, Spain, Sweden, Uruguay","Bulgaria, Czechia, Ecuador, Germany, Korea (ROK), Ukraine, United Kingdom, United States"
171,Meeting to discuss a liability regime,Did not enter into effect. Withdrawn:D 3 (2017),Mineral resources,Mineral resources,"Recommendation XV-2 (ATCM XV - Paris, 1989)","COMPREHENSIVE MEASURES FOR THE PROTECTION OF THE ANTARCTIC ENVIRONMENT AND DEPENDENT AND ASSOCIATED ECOSYSTEMSThe Representatives,Recalling the adoption on 2 June 1988, by the Fourth Special Antarctic Treaty Consultative Meeting on Antarctic Mineral Resources of the Convention on the Regulation of Antarctic Mineral Resource Activities and the importance of the issue of liability;Recommend to their Governments that:A meeting be held in 1990 to explore and discuss all proposals relating to Article 8 (7) of the Convention on the Regulation of Antarctic Mineral Resource Activities.",,1989,ATCM XV,,,"Argentina, Australia, Belgium, Brazil, Chile, China, Finland, France, Germany, India, Italy, Japan, Netherlands, New Zealand, Norway, Peru, Poland, Russian Federation, South Africa, Spain, Sweden, United Kingdom, Uruguay","Bulgaria, Czechia, Ecuador, Korea (ROK), Ukraine, United States"
170,Comprehensive system for the protection of the Antarctic environment,Did not enter into effect. No longer current:D 1 (2011),Environmental protection,Environmental protection,"Recommendation XV-1 (ATCM XV - Paris, 1989)","COMPREHENSIVE MEASURES FOR THE PROTECTION OF THE ANTARCTIC ENVIRONMENT AND DEPENDENT AND ASSOCIATED ECOSYSTEMSThe Representatives,Convinced of the need to preserve the Antarctic Treaty system so as to ensure that Antarctica does not become the scene or object of international discord;Bearing in mind the special legal and political status of Antarctica and the special responsibility of the Antarctic Treaty Consultative Parties to ensure that all activities in Antarctica are consistent with the purposes and principles of the Antarctic Treaty;Recalling the designation of Antarctica as a Special Conservation Area;Recognising the vulnerability to human interference of the Antarctic environment and its dependent and associated ecosystems;Recognising further the unique opportunities Antarctica offers for scientific research on processes of global as well as regional importance;Taking into account international concern for the environment and the importance of Antarctica for the global environment;Bearing in mind the substantial body of measures adopted by the Antarctic Treaty Consultative Parties in recognition of their special responsibilities for the protection of the Antarctic environment and its dependent and associated ecosystems;Recalling in this context Articles V and IX (1) (f) of the Antarctic Treaty and Recommendations setting out general principles for the protection of the Antarctic environment;Recalling also:(a) the Agreed Measures for the Conservation of Antarctic Fauna and Flora and associated Recommendations;(b) the Convention for the Conservation of Antarctic Seals (which entered into force on 11 March 1978);(c) the Convention on the Conservation of Antarctic Marine Living Resources (which entered into force on 7 April 1982);(d) the Convention on the Regulation of Antarctic Mineral Resource Activities (which has not yet entered into force);(e) Recommendations relating to:(i)  the Antarctic Protected Area system concerning Specially Protected Areas, Sites of Special Scientific Interest and Historic Sites and monuments;(ii)  the Code of Conduct for Antarctic expeditions and station activities;(iii) the effects of Antarctic tourism and non-governmental expeditions;(iv) the use of radio-isotopes;(v) oil contamination;(vi) the prohibition on the disposal of nuclear waste; and(vii) environmental impact assessment procedures;as well as work undertaken in relation to the uses of Antarctic ice;Taking note of proposals made at XVth Consultative Meeting by France and Australia for a comprehensive Convention for the Protection of the Antarctic Environment which would establish Antarctica as a natural reserve, land of science; by the United States for comprehensive measures building on the components of the Antarctic Treaty system; by Chile on comprehensive measures, which include the development of the concept of Antarctica as a Special Conservation Area; by New Zealand for comprehensive measures constituting an integrated and binding environmental protection regime; and by Sweden relating to common elements for environmental protection;Welcoming the further substantial progress made on the protection of the Antarctic environment and its dependent and associated ecosystems through the work of this Consultative Meeting including the adoption of Recommendation XV-3 on Waste Disposal; Recommendation XV-4 on the Prevention, Control and Response to Marine Pollution; Recommendation XV-5 on Environmental Monitoring in Antarctica; Recommendation XV-6 on New Sites of Special Scientific Interest; Recommendation XV-8 amending Article VIII of the Agreed Measures to provide for Management Plans for Specially Protected Areas (SPAs); Recommendation XV-9 on Development of improved descriptions and management plans for SPAs; Recommendation XV-10 on Establishment of Specially Reserved Areas; Recommendation XV-11 on Establishment of Multiple-use Planning Areas; Recommendation XV-14 and XV-15 on promotion of international scientific cooperation; Recommendation XV-17 on the Siting of Stations; Recommendation XV-19 on Charting of Antarctic waters;Recommendation XV-21 on Antarctic Ice and the Declaration on the Ozone Layer and Climate Change;Acknowledging the need, in the light of the unique qualities of Antarctica and increasing human activities there, to ensure the effective implementation, coordination and further elaboration of the system of protection of the Antarctic environment and its dependent and associated ecosystems;Recommend to their Governments that:1.  They undertake as a priority objective the further elaboration, maintenance and effective implementation of a comprehensive system for the protection of the Antarctic environment and its dependent and associated ecosystems aimed at ensuring that human activity does not have adverse impacts on the Antarctic environment or its dependent or associated ecosystems or compromise the scientific, aesthetic or wilderness values of Antarctica.2.  To contribute to this objective, a Special Antarctic Treaty Consultative Meeting be held in 1990 to explore and discuss all proposals relating to the comprehensive protection of the Antarctic environment and its dependent and associated ecosystems.3.  In addressing the requirements of such a comprehensive system, they:(a) have regard to the principles for the protection of the Antarctic environment and its dependent and associated ecosystems already established under the Antarctic Treaty system and shall consider the need to elaborate further, expand and supplement those principles;(b) review the existing body of measures for the protection of the Antarctic environment and its dependent and associated ecosystems in order, inter alia, to:(i)    identify those measures which should be updated, strengthened or otherwise improved;(ii)   identify areas where the existing measures should be supplemented;(iii)  consider the nature of the legal obligations contained in existing measures and the need, as necessary, to state those obligations with greater precision;(iv)  make provision for the promotion of research related to environmental management decisions;(v)   promote the establishment of procedures for assessing the possible impact  of human activities on the Antarctic environment and its dependent  and associated ecosystems in order to provide for informed decision-making as to their acceptability;(vi)  promote the establishment of procedures to monitor the effectiveness and adequacy of environmental protection measures;(vii) consider the role of an information and data base for the effective implementation, revision and extension of environmental protection measures;(c) consider if and to what extent institutional arrangements may be necessary and the form or forms of the legal or other measures needed to ensure the maintenance, integration, consistency and comprehensiveness of the system of protection of the Antarctic environment and its dependent and associated ecosystems.",,1989,ATCM XV,,,"Argentina, Australia, Belgium, Brazil, Chile, China, Finland, France, Germany, India, Italy, Japan, Netherlands, New Zealand, Norway, Peru, Poland, Russian Federation, South Africa, Spain, Sweden, United Kingdom, Uruguay","Bulgaria, Czechia, Ecuador, Korea (ROK), Ukraine, United States"
161,Environmental impact evaluation,Did not enter into effect. No longer current:D 1 (2011),Environmental impact assessment,Environmental impact assessment,"Recommendation XIV-2 (ATCM XIV - Rio de Janeiro, 1987)","HUMAN IMPACT ON THE ANTARCTIC ENVIRONMENT:ENVIRONMENTAL IMPACT ASSESSMENTThe Representatives,Recalling:(i) Article II of the Antarctic Treaty, Recommendations IV-4, VIII-11, VIII-13, IX-5 and XII-3;(ii) the work of SCAR with respect to the elaboration of procedures for evaluating impacts from scientific and logistic activities;(iii) the United Nations Environment Program (UNEP) ""Goals and Principles of Environmental Impact Assessment"" adopted by the UNEP Governing Council at its Fourteenth Session (June 1987);Reaffirming that, before decisions are taken by their respective national organizations responsible for Antarctic activities to undertake scientific research or associated logistic activities that are likely significantly to affect the Antarctic environment, the environmental effects of such activities should be identified so that such effects may be carefully weighed against the advantages that are expected to be derived from the activity in question;Desiring:(i) to promote the implementation by Consultative Parties of appropriate procedures consistent with national laws and decision-making processes, through which the foregoing goal may be realized;(ii) to encourage the development of reciprocal procedures for information exchange and comment between Parties when proposed activities are likely to have significant effects on the Antarctic environment;(iii) to introduce a measure of comparability between environmental impact assessment procedures for use with respect to the scientific research and associated logistic activities of Consultative Parties;(iv) to ensure that in the implementation of such procedures due account is taken of, inter alia, the cumulative impact such activities may have in the Antarctic environment and of their possible impact on other uses of Antarctica and on dependent and related ecosystems;Recommend to their Governments that:1.  In the planning process leading to decisions about scientific research programmes and their associated logistic support facilities, their respective national Antarctic organizations responsible for Antarctic activities evaluate the environmental impact of such activities in accordance with the procedural guidelines set out below:GUIDELINES(i) The proposed activity should be defined and described; such description to include information on the needs to be met by the proposed activity and features of the activity that might cause impacts on the environment;(ii) A first evaluation, termed an ""Initial Environmental Evaluation"", should be performed to determine whether the activity might reasonably be expected to have a significant impact;(iii) If this Initial Environmental Evaluation indicates that the proposed activity is likely to have no more than a minor or transitory effect on the environment, the activity may proceed, with the proviso that appropriate monitoring of the actual impact should take place;(iv) Otherwise, a ""Comprehensive Environmental Evaluation"" should be prepared;(v) Such a Comprehensive Environmental Evaluation should include:(a) descriptions of the proposed activity and feasible alternatives, including the alternative of not proceeding, and their respective consequences on Antarctic research;(b) a description of the initial environmental reference state with which predicted changes are to be compared and a prediction of the future environmental state in the absence of the proposed activity;(c) estimation of the nature, extent, duration and intensity of the likely direct environmental effects resulting from the proposed activity;(d) consideration of possible indirect or second order effects;(e) consideration of cumulative impacts of the proposed activity in the light of existing activities and other known planned activities;(f) identification of measures, including monitoring programmes, that could be taken to minimize or mitigate impacts and detect possible unforeseen effects;(g) identification of unavoidable impacts;(h) evaluation of the significance of the predicted environmental effects in relation to the advantages of the proposed activity;(vi) On the basis of the Comprehensive Environmental Evaluation, a decision would be made by the appropriate national authority whether the activity should proceed and, if so, in its original or in a modified form;(vii) Key indicators of the environmental effects of the activity should be monitored and, where possible, environmental impacts should, as in all Antarctic activities, be minimized or mitigated.2.  In the process of preparing a Comprehensive Environmental Evaluation, Parties concerned shall be informed, and be given the opportunity to comment, either directly or through their national contact points.3.  Final Comprehensive Environmental Evaluations shall be transmitted as part of the annual exchange of information provided for under the Antarctic Treaty.",,1987,ATCM XIV,,,"Argentina, Australia, Belgium, Brazil, Chile, China, France, Germany, India, Italy, Japan, Korea (ROK), Netherlands, New Zealand, Norway, Poland, Russian Federation, South Africa, Spain, United States, Uruguay","Bulgaria, Czechia, Ecuador, Finland, Peru, Sweden, Ukraine, United Kingdom"
83,Introduction of entry permits for SPAs,Did not enter into effect. No longer current:D 1 (2011),Area protection and management,Area protection and management,"Recommendation VI-8 (ATCM VI - Tokyo, 1970)","PERMITS FOR ENTRY TO SPECIALLY PROTECTED AREASThe Representatives,Recalling Article VIII of the Agreed Measures for the Conservation of Antarctic Fauna and Flora annexed to Recommendation III-VIII (""the Agreed Measures"") and the need to conform with paragraph 4(a) of that Article;Considering that, in order to be effective, the existing prohibitions and measures of protection relating to Specially Protected Areas need to be strengthened;Recommend to their Governments that:1.  They use their best endeavours to ensure compliance with those provisions of the Agreed Measures which relate to Specially Protected Areas;2.  They take such action as may be appropriate to prohibit the entry by their nationals into a Specially Protected Area, except in accordance with a permit issued under Articles VI and VIII of the Agreed Measures;3.  Until such time as this Recommendation may become effective in accordance with Article IX of the Antarctic Treaty, it shall, as far as feasible, be considered as a guide-line.",,1970,ATCM VI,,,"Argentina, Australia, Belgium, Chile, France, India, Italy, Japan, Korea (ROK), Netherlands, New Zealand, Norway, Poland, Russian Federation, South Africa, Spain, United States, Uruguay","Brazil, Bulgaria, China, Czechia, Ecuador, Finland, Germany, Peru, Sweden, Ukraine, United Kingdom"
50,Designation of SPA 12 (Fildes Peninsula),Did not enter into effect. Terminated:ATCM VIII-2,Area protection and management,Area protection and management,"Recommendation IV-12 (ATCM IV - Santiago, 1966)","SPECIALLY PROTECTED AREAS: FILDES PENISNSULAThe Representatives,considering that Fildes Peninsula is a biologically diverse region with numerous small lakes which are ice-free in summer, that it provides a representative sample of the South Shetland Islands and is an area of outstanding ecological interest,recommend to their Governments that the following be inserted in Annex B, Specially Protected Areas, of the Agreed Measures for the Conservation of Antarctic Fauna and Flora:SPECIALLY PROTECTED AREA No 12Fildes Peninsula, King George Island, South Shetland IslandsLat 62°12'S, long 58°58'WDESCRIPTION:  The ice-free peninsula lying to the north-west of Maxwell Bay and west of the margin of the permanent ice sheet of King George Island, including Ardley Island but no other off-lying islands or rocks.  The area is shown on the attached map.",,1966,ATCM IV,,,"Argentina, Australia, Belgium, Brazil, Chile, China, France, India, Italy, Japan, Korea (ROK), Netherlands, New Zealand, Norway, Poland, Russian Federation, South Africa, Spain, United States, Uruguay","Bulgaria, Czechia, Ecuador, Finland, Germany, Peru, Sweden, Ukraine, United Kingdom"